0.014585, -0.007962
1.000000, 0.000000

0.015288, -0.008175
1.000000, 0.000080

0.015979, -0.008380
1.000000, 0.000160

0.016658, -0.008580
1.000000, 0.000240

0.017325, -0.008774
1.000000, 0.000319

0.017982, -0.008962
1.000000, 0.000399

0.018630, -0.009146
1.000000, 0.000479

0.019268, -0.009325
1.000000, 0.000559

0.019898, -0.009500
1.000000, 0.000639

0.020519, -0.009671
1.000000, 0.000719

0.021133, -0.009838
1.000000, 0.000799

0.021739, -0.010003
1.000000, 0.000878

0.022339, -0.010163
1.000000, 0.000958

0.022932, -0.010321
0.999999, 0.001038

0.023518, -0.010476
0.999999, 0.001118

0.024099, -0.010628
0.999999, 0.001198

0.024674, -0.010778
0.999999, 0.001278

0.025243, -0.010926
0.999999, 0.001357

0.025807, -0.011071
0.999999, 0.001437

0.026365, -0.011213
0.999999, 0.001517

0.026919, -0.011354
0.999999, 0.001597

0.027468, -0.011493
0.999999, 0.001677

0.028013, -0.011630
0.999998, 0.001757

0.028553, -0.011765
0.999998, 0.001837

0.029089, -0.011898
0.999998, 0.001916

0.029621, -0.012030
0.999998, 0.001996

0.030149, -0.012159
0.999998, 0.002076

0.030673, -0.012288
0.999998, 0.002156

0.031193, -0.012415
0.999998, 0.002236

0.031709, -0.012540
0.999997, 0.002316

0.032223, -0.012664
0.999997, 0.002396

0.032732, -0.012787
0.999997, 0.002475

0.033239, -0.012909
0.999997, 0.002555

0.033742, -0.013029
0.999997, 0.002635

0.034242, -0.013148
0.999996, 0.002715

0.034739, -0.013266
0.999996, 0.002795

0.035233, -0.013382
0.999996, 0.002875

0.035724, -0.013498
0.999996, 0.002954

0.036213, -0.013612
0.999995, 0.003034

0.036698, -0.013726
0.999995, 0.003114

0.037181, -0.013838
0.999995, 0.003194

0.037661, -0.013950
0.999995, 0.003274

0.038139, -0.014061
0.999994, 0.003354

0.038614, -0.014170
0.999994, 0.003434

0.039087, -0.014279
0.999994, 0.003513

0.039558, -0.014387
0.999994, 0.003593

0.040026, -0.014494
0.999993, 0.003673

0.040492, -0.014600
0.999993, 0.003753

0.040956, -0.014706
0.999993, 0.003833

0.041417, -0.014810
0.999992, 0.003913

0.041876, -0.014914
0.999992, 0.003993

0.042334, -0.015017
0.999992, 0.004072

0.042789, -0.015120
0.999991, 0.004152

0.043242, -0.015221
0.999991, 0.004232

0.043693, -0.015322
0.999991, 0.004312

0.044143, -0.015423
0.999990, 0.004392

0.044590, -0.015523
0.999990, 0.004472

0.045035, -0.015622
0.999990, 0.004551

0.045479, -0.015720
0.999989, 0.004631

0.045921, -0.015818
0.999989, 0.004711

0.046361, -0.015915
0.999989, 0.004791

0.046800, -0.016011
0.999988, 0.004871

0.047237, -0.016108
0.999988, 0.004951

0.047672, -0.016203
0.999987, 0.005031

0.048105, -0.016298
0.999987, 0.005110

0.048537, -0.016392
0.999987, 0.005190

0.048967, -0.016486
0.999986, 0.005270

0.049396, -0.016579
0.999986, 0.005350

0.049823, -0.016672
0.999985, 0.005430

0.050249, -0.016764
0.999985, 0.005510

0.050673, -0.016856
0.999984, 0.005590

0.051096, -0.016947
0.999984, 0.005669

0.051517, -0.017038
0.999983, 0.005749

0.051937, -0.017128
0.999983, 0.005829

0.052355, -0.017218
0.999983, 0.005909

0.052772, -0.017308
0.999982, 0.005989

0.053188, -0.017397
0.999982, 0.006069

0.053603, -0.017485
0.999981, 0.006148

0.054016, -0.017573
0.999981, 0.006228

0.054428, -0.017661
0.999980, 0.006308

0.054838, -0.017748
0.999980, 0.006388

0.055247, -0.017835
0.999979, 0.006468

0.055655, -0.017922
0.999979, 0.006548

0.056062, -0.018008
0.999978, 0.006628

0.056468, -0.018094
0.999978, 0.006707

0.056872, -0.018179
0.999977, 0.006787

0.057276, -0.018264
0.999976, 0.006867

0.057678, -0.018348
0.999976, 0.006947

0.058079, -0.018433
0.999975, 0.007027

0.058479, -0.018516
0.999975, 0.007107

0.058877, -0.018600
0.999974, 0.007187

0.059275, -0.018683
0.999974, 0.007266

0.059672, -0.018766
0.999973, 0.007346

0.060067, -0.018848
0.999972, 0.007426

0.060462, -0.018931
0.999972, 0.007506

0.060855, -0.019012
0.999971, 0.007586

0.061247, -0.019094
0.999971, 0.007666

0.061639, -0.019175
0.999970, 0.007745

0.062029, -0.019256
0.999969, 0.007825

0.062418, -0.019337
0.999969, 0.007905

0.062807, -0.019417
0.999968, 0.007985

0.063194, -0.019497
0.999967, 0.008065

0.063581, -0.019576
0.999967, 0.008145

0.063966, -0.019656
0.999966, 0.008225

0.064351, -0.019735
0.999966, 0.008304

0.064734, -0.019814
0.999965, 0.008384

0.065117, -0.019892
0.999964, 0.008464

0.065499, -0.019970
0.999963, 0.008544

0.065880, -0.020048
0.999963, 0.008624

0.066260, -0.020126
0.999962, 0.008704

0.066639, -0.020204
0.999961, 0.008783

0.067017, -0.020281
0.999961, 0.008863

0.067395, -0.020358
0.999960, 0.008943

0.067771, -0.020434
0.999959, 0.009023

0.068147, -0.020511
0.999959, 0.009103

0.068522, -0.020587
0.999958, 0.009183

0.068896, -0.020663
0.999957, 0.009263

0.069269, -0.020738
0.999956, 0.009342

0.069642, -0.020814
0.999956, 0.009422

0.070014, -0.020889
0.999955, 0.009502

0.070385, -0.020964
0.999954, 0.009582

0.070755, -0.021039
0.999953, 0.009662

0.071124, -0.021113
0.999953, 0.009742

0.071493, -0.021188
0.999952, 0.009822

0.071861, -0.021262
0.999951, 0.009901

0.072228, -0.021335
0.999950, 0.009981

0.072594, -0.021409
0.999949, 0.010061

0.072960, -0.021482
0.999949, 0.010141

0.073325, -0.021556
0.999948, 0.010221

0.073689, -0.021629
0.999947, 0.010301

0.074052, -0.021701
0.999946, 0.010380

0.074415, -0.021774
0.999945, 0.010460

0.074777, -0.021846
0.999944, 0.010540

0.075138, -0.021918
0.999944, 0.010620

0.075499, -0.021990
0.999943, 0.010700

0.075859, -0.022062
0.999942, 0.010780

0.076218, -0.022133
0.999941, 0.010860

0.076577, -0.022205
0.999940, 0.010939

0.076935, -0.022276
0.999939, 0.011019

0.077292, -0.022347
0.999938, 0.011099

0.077649, -0.022418
0.999938, 0.011179

0.078005, -0.022488
0.999937, 0.011259

0.078360, -0.022559
0.999936, 0.011339

0.078715, -0.022629
0.999935, 0.011418

0.079069, -0.022699
0.999934, 0.011498

0.079423, -0.022769
0.999933, 0.011578

0.079776, -0.022839
0.999932, 0.011658

0.080128, -0.022908
0.999931, 0.011738

0.080480, -0.022977
0.999930, 0.011818

0.080831, -0.023047
0.999929, 0.011898

0.081181, -0.023116
0.999928, 0.011977

0.081531, -0.023184
0.999927, 0.012057

0.081880, -0.023253
0.999926, 0.012137

0.082229, -0.023322
0.999925, 0.012217

0.082577, -0.023390
0.999924, 0.012297

0.082925, -0.023458
0.999923, 0.012377

0.083272, -0.023526
0.999922, 0.012456

0.083618, -0.023594
0.999921, 0.012536

0.083964, -0.023662
0.999920, 0.012616

0.084310, -0.023729
0.999919, 0.012696

0.084654, -0.023797
0.999918, 0.012776

0.084999, -0.023864
0.999917, 0.012856

0.085342, -0.023931
0.999916, 0.012936

0.085685, -0.023998
0.999915, 0.013015

0.086028, -0.024065
0.999914, 0.013095

0.086370, -0.024131
0.999913, 0.013175

0.086712, -0.024198
0.999912, 0.013255

0.087053, -0.024264
0.999911, 0.013335

0.087393, -0.024330
0.999910, 0.013415

0.087733, -0.024396
0.999909, 0.013494

0.088073, -0.024462
0.999908, 0.013574

0.088412, -0.024528
0.999907, 0.013654

0.088750, -0.024594
0.999906, 0.013734

0.089088, -0.024659
0.999905, 0.013814

0.089426, -0.024724
0.999903, 0.013894

0.089763, -0.024790
0.999902, 0.013973

0.090099, -0.024855
0.999901, 0.014053

0.090435, -0.024920
0.999900, 0.014133

0.090771, -0.024984
0.999899, 0.014213

0.091106, -0.025049
0.999898, 0.014293

0.091441, -0.025114
0.999897, 0.014373

0.091775, -0.025178
0.999896, 0.014453

0.092108, -0.025242
0.999894, 0.014532

0.092442, -0.025307
0.999893, 0.014612

0.092774, -0.025371
0.999892, 0.014692

0.093107, -0.025435
0.999891, 0.014772

0.093438, -0.025498
0.999890, 0.014852

0.093770, -0.025562
0.999889, 0.014932

0.094101, -0.025626
0.999887, 0.015011

0.094431, -0.025689
0.999886, 0.015091

0.094761, -0.025752
0.999885, 0.015171

0.095091, -0.025816
0.999884, 0.015251

0.095420, -0.025879
0.999882, 0.015331

0.095749, -0.025942
0.999881, 0.015411

0.096077, -0.026004
0.999880, 0.015490

0.096405, -0.026067
0.999879, 0.015570

0.096733, -0.026130
0.999878, 0.015650

0.097060, -0.026192
0.999876, 0.015730

0.097386, -0.026255
0.999875, 0.015810

0.097712, -0.026317
0.999874, 0.015890

0.098038, -0.026379
0.999872, 0.015970

0.098364, -0.026441
0.999871, 0.016049

0.098689, -0.026503
0.999870, 0.016129

0.099013, -0.026565
0.999869, 0.016209

0.099337, -0.026627
0.999867, 0.016289

0.099661, -0.026688
0.999866, 0.016369

0.099984, -0.026750
0.999865, 0.016449

0.100307, -0.026811
0.999863, 0.016528

0.100630, -0.026872
0.999862, 0.016608

0.100952, -0.026934
0.999861, 0.016688

0.101274, -0.026995
0.999859, 0.016768

0.101595, -0.027056
0.999858, 0.016848

0.101916, -0.027117
0.999857, 0.016928

0.102237, -0.027177
0.999855, 0.017007

0.102557, -0.027238
0.999854, 0.017087

0.102877, -0.027299
0.999853, 0.017167

0.103197, -0.027359
0.999851, 0.017247

0.103516, -0.027419
0.999850, 0.017327

0.103835, -0.027480
0.999848, 0.017407

0.104153, -0.027540
0.999847, 0.017486

0.104471, -0.027600
0.999846, 0.017566

0.104789, -0.027660
0.999844, 0.017646

0.105106, -0.027720
0.999843, 0.017726

0.105423, -0.027780
0.999841, 0.017806

0.105740, -0.027839
0.999840, 0.017886

0.106056, -0.027899
0.999839, 0.017966

0.106372, -0.027959
0.999837, 0.018045

0.106688, -0.028018
0.999836, 0.018125

0.107003, -0.028077
0.999834, 0.018205

0.107318, -0.028137
0.999833, 0.018285

0.107632, -0.028196
0.999831, 0.018365

0.107946, -0.028255
0.999830, 0.018445

0.108260, -0.028314
0.999828, 0.018524

0.108574, -0.028373
0.999827, 0.018604

0.108887, -0.028432
0.999825, 0.018684

0.109200, -0.028490
0.999824, 0.018764

0.109512, -0.028549
0.999822, 0.018844

0.109824, -0.028607
0.999821, 0.018924

0.110136, -0.028666
0.999819, 0.019003

0.110448, -0.028724
0.999818, 0.019083

0.110759, -0.028783
0.999816, 0.019163

0.111070, -0.028841
0.999815, 0.019243

0.111380, -0.028899
0.999813, 0.019323

0.111690, -0.028957
0.999812, 0.019403

0.112000, -0.029015
0.999810, 0.019482

0.112310, -0.029073
0.999809, 0.019562

0.112619, -0.029131
0.999807, 0.019642

0.112928, -0.029188
0.999806, 0.019722

0.113237, -0.029246
0.999804, 0.019802

0.113545, -0.029303
0.999802, 0.019882

0.113853, -0.029361
0.999801, 0.019961

0.114161, -0.029418
0.999799, 0.020041

0.114468, -0.029476
0.999798, 0.020121

0.114775, -0.029533
0.999796, 0.020201

0.115082, -0.029590
0.999794, 0.020281

0.115388, -0.029647
0.999793, 0.020361

0.115695, -0.029704
0.999791, 0.020440

0.116001, -0.029761
0.999789, 0.020520

0.116306, -0.029818
0.999788, 0.020600

0.116611, -0.029875
0.999786, 0.020680

0.116916, -0.029931
0.999784, 0.020760

0.117221, -0.029988
0.999783, 0.020840

0.117526, -0.030045
0.999781, 0.020919

0.117830, -0.030101
0.999779, 0.020999

0.118134, -0.030157
0.999778, 0.021079

0.118437, -0.030214
0.999776, 0.021159

0.118741, -0.030270
0.999774, 0.021239

0.119044, -0.030326
0.999773, 0.021319

0.119346, -0.030382
0.999771, 0.021398

0.119649, -0.030438
0.999769, 0.021478

0.119951, -0.030494
0.999768, 0.021558

0.120253, -0.030550
0.999766, 0.021638

0.120554, -0.030606
0.999764, 0.021718

0.120856, -0.030662
0.999762, 0.021798

0.121157, -0.030718
0.999761, 0.021877

0.121458, -0.030773
0.999759, 0.021957

0.121758, -0.030829
0.999757, 0.022037

0.122058, -0.030884
0.999755, 0.022117

0.122358, -0.030940
0.999754, 0.022197

0.122658, -0.030995
0.999752, 0.022277

0.122957, -0.031050
0.999750, 0.022356

0.123257, -0.031105
0.999748, 0.022436

0.123556, -0.031161
0.999746, 0.022516

0.123854, -0.031216
0.999745, 0.022596

0.124153, -0.031271
0.999743, 0.022676

0.124451, -0.031326
0.999741, 0.022756

0.124749, -0.031381
0.999739, 0.022835

0.125046, -0.031435
0.999737, 0.022915

0.125344, -0.031490
0.999736, 0.022995

0.125641, -0.031545
0.999734, 0.023075

0.125938, -0.031599
0.999732, 0.023155

0.126234, -0.031654
0.999730, 0.023235

0.126531, -0.031709
0.999728, 0.023314

0.126827, -0.031763
0.999726, 0.023394

0.127123, -0.031817
0.999724, 0.023474

0.127418, -0.031872
0.999723, 0.023554

0.127714, -0.031926
0.999721, 0.023634

0.128009, -0.031980
0.999719, 0.023714

0.128304, -0.032034
0.999717, 0.023793

0.128598, -0.032088
0.999715, 0.023873

0.128893, -0.032142
0.999713, 0.023953

0.129187, -0.032196
0.999711, 0.024033

0.129481, -0.032250
0.999709, 0.024113

0.129774, -0.032304
0.999707, 0.024192

0.130068, -0.032358
0.999705, 0.024272

0.130361, -0.032412
0.999703, 0.024352

0.130654, -0.032465
0.999701, 0.024432

0.130947, -0.032519
0.999700, 0.024512

0.131239, -0.032572
0.999698, 0.024592

0.131531, -0.032626
0.999696, 0.024671

0.131823, -0.032679
0.999694, 0.024751

0.132115, -0.032733
0.999692, 0.024831

0.132407, -0.032786
0.999690, 0.024911

0.132698, -0.032839
0.999688, 0.024991

0.132989, -0.032892
0.999686, 0.025071

0.133280, -0.032946
0.999684, 0.025150

0.133571, -0.032999
0.999682, 0.025230

0.133861, -0.033052
0.999680, 0.025310

0.134151, -0.033105
0.999678, 0.025390

0.134441, -0.033158
0.999676, 0.025470

0.134731, -0.033210
0.999674, 0.025550

0.135021, -0.033263
0.999672, 0.025629

0.135310, -0.033316
0.999669, 0.025709

0.135599, -0.033369
0.999667, 0.025789

0.135888, -0.033421
0.999665, 0.025869

0.136177, -0.033474
0.999663, 0.025949

0.136465, -0.033526
0.999661, 0.026028

0.136753, -0.033579
0.999659, 0.026108

0.137041, -0.033631
0.999657, 0.026188

0.137329, -0.033684
0.999655, 0.026268

0.137617, -0.033736
0.999653, 0.026348

0.137904, -0.033788
0.999651, 0.026428

0.138191, -0.033841
0.999649, 0.026507

0.138478, -0.033893
0.999646, 0.026587

0.138765, -0.033945
0.999644, 0.026667

0.139052, -0.033997
0.999642, 0.026747

0.139338, -0.034049
0.999640, 0.026827

0.139624, -0.034101
0.999638, 0.026907

0.139910, -0.034153
0.999636, 0.026986

0.140196, -0.034205
0.999634, 0.027066

0.140481, -0.034257
0.999631, 0.027146

0.140767, -0.034308
0.999629, 0.027226

0.141052, -0.034360
0.999627, 0.027306

0.141337, -0.034412
0.999625, 0.027385

0.141621, -0.034463
0.999623, 0.027465

0.141906, -0.034515
0.999621, 0.027545

0.142190, -0.034566
0.999618, 0.027625

0.142474, -0.034618
0.999616, 0.027705

0.142758, -0.034669
0.999614, 0.027785

0.143042, -0.034721
0.999612, 0.027864

0.143325, -0.034772
0.999609, 0.027944

0.143609, -0.034823
0.999607, 0.028024

0.143892, -0.034875
0.999605, 0.028104

0.144175, -0.034926
0.999603, 0.028184

0.144458, -0.034977
0.999601, 0.028263

0.144740, -0.035028
0.999598, 0.028343

0.145022, -0.035079
0.999596, 0.028423

0.145305, -0.035130
0.999594, 0.028503

0.145587, -0.035181
0.999591, 0.028583

0.145868, -0.035232
0.999589, 0.028663

0.146150, -0.035283
0.999587, 0.028742

0.146431, -0.035334
0.999585, 0.028822

0.146713, -0.035385
0.999582, 0.028902

0.146994, -0.035435
0.999580, 0.028982

0.147274, -0.035486
0.999578, 0.029062

0.147555, -0.035537
0.999575, 0.029141

0.147836, -0.035587
0.999573, 0.029221

0.148116, -0.035638
0.999571, 0.029301

0.148396, -0.035688
0.999568, 0.029381

0.148676, -0.035739
0.999566, 0.029461

0.148956, -0.035789
0.999564, 0.029541

0.149235, -0.035840
0.999561, 0.029620

0.149514, -0.035890
0.999559, 0.029700

0.149794, -0.035940
0.999556, 0.029780

0.150073, -0.035990
0.999554, 0.029860

0.150352, -0.036041
0.999552, 0.029940

0.150630, -0.036091
0.999549, 0.030019

0.150909, -0.036141
0.999547, 0.030099

0.151187, -0.036191
0.999545, 0.030179

0.151465, -0.036241
0.999542, 0.030259

0.151743, -0.036291
0.999540, 0.030339

0.152021, -0.036341
0.999537, 0.030419

0.152298, -0.036391
0.999535, 0.030498

0.152576, -0.036441
0.999532, 0.030578

0.152853, -0.036491
0.999530, 0.030658

0.153130, -0.036540
0.999527, 0.030738

0.153407, -0.036590
0.999525, 0.030818

0.153684, -0.036640
0.999523, 0.030897

0.153960, -0.036689
0.999520, 0.030977

0.154237, -0.036739
0.999518, 0.031057

0.154513, -0.036789
0.999515, 0.031137

0.154789, -0.036838
0.999513, 0.031217

0.155065, -0.036888
0.999510, 0.031296

0.155341, -0.036937
0.999508, 0.031376

0.155616, -0.036987
0.999505, 0.031456

0.155892, -0.037036
0.999503, 0.031536

0.156167, -0.037085
0.999500, 0.031616

0.156442, -0.037135
0.999498, 0.031696

0.156717, -0.037184
0.999495, 0.031775

0.156992, -0.037233
0.999492, 0.031855

0.157266, -0.037282
0.999490, 0.031935

0.157541, -0.037331
0.999487, 0.032015

0.157815, -0.037381
0.999485, 0.032095

0.158089, -0.037430
0.999482, 0.032174

0.158363, -0.037479
0.999480, 0.032254

0.158637, -0.037528
0.999477, 0.032334

0.158910, -0.037577
0.999475, 0.032414

0.159184, -0.037626
0.999472, 0.032494

0.159457, -0.037674
0.999469, 0.032573

0.159730, -0.037723
0.999467, 0.032653

0.160003, -0.037772
0.999464, 0.032733

0.160276, -0.037821
0.999462, 0.032813

0.160548, -0.037870
0.999459, 0.032893

0.160821, -0.037918
0.999456, 0.032972

0.161093, -0.037967
0.999454, 0.033052

0.161365, -0.038016
0.999451, 0.033132

0.161637, -0.038064
0.999448, 0.033212

0.161909, -0.038113
0.999446, 0.033292

0.162181, -0.038161
0.999443, 0.033372

0.162452, -0.038210
0.999440, 0.033451

0.162724, -0.038258
0.999438, 0.033531

0.162995, -0.038307
0.999435, 0.033611

0.163266, -0.038355
0.999432, 0.033691

0.163537, -0.038403
0.999430, 0.033771

0.163808, -0.038452
0.999427, 0.033850

0.164079, -0.038500
0.999424, 0.033930

0.164349, -0.038548
0.999421, 0.034010

0.164619, -0.038596
0.999419, 0.034090

0.164890, -0.038644
0.999416, 0.034170

0.165160, -0.038692
0.999413, 0.034249

0.165430, -0.038741
0.999411, 0.034329

0.165699, -0.038789
0.999408, 0.034409

0.165969, -0.038837
0.999405, 0.034489

0.166238, -0.038885
0.999402, 0.034569

0.166508, -0.038933
0.999400, 0.034648

0.166777, -0.038980
0.999397, 0.034728

0.167046, -0.039028
0.999394, 0.034808

0.167315, -0.039076
0.999391, 0.034888

0.167583, -0.039124
0.999388, 0.034968

0.167852, -0.039172
0.999386, 0.035047

0.168120, -0.039220
0.999383, 0.035127

0.168389, -0.039267
0.999380, 0.035207

0.168657, -0.039315
0.999377, 0.035287

0.168925, -0.039363
0.999374, 0.035367

0.169193, -0.039410
0.999372, 0.035446

0.169461, -0.039458
0.999369, 0.035526

0.169728, -0.039505
0.999366, 0.035606

0.169996, -0.039553
0.999363, 0.035686

0.170263, -0.039600
0.999360, 0.035766

0.170530, -0.039648
0.999357, 0.035845

0.170797, -0.039695
0.999354, 0.035925

0.171064, -0.039743
0.999352, 0.036005

0.171331, -0.039790
0.999349, 0.036085

0.171597, -0.039837
0.999346, 0.036165

0.171864, -0.039885
0.999343, 0.036244

0.172130, -0.039932
0.999340, 0.036324

0.172396, -0.039979
0.999337, 0.036404

0.172662, -0.040026
0.999334, 0.036484

0.172928, -0.040073
0.999331, 0.036564

0.173194, -0.040121
0.999328, 0.036643

0.173460, -0.040168
0.999325, 0.036723

0.173725, -0.040215
0.999323, 0.036803

0.173991, -0.040262
0.999320, 0.036883

0.174256, -0.040309
0.999317, 0.036963

0.174521, -0.040356
0.999314, 0.037042

0.174786, -0.040403
0.999311, 0.037122

0.175051, -0.040450
0.999308, 0.037202

0.175316, -0.040496
0.999305, 0.037282

0.175580, -0.040543
0.999302, 0.037362

0.175845, -0.040590
0.999299, 0.037441

0.176109, -0.040637
0.999296, 0.037521

0.176373, -0.040684
0.999293, 0.037601

0.176637, -0.040730
0.999290, 0.037681

0.176901, -0.040777
0.999287, 0.037761

0.177165, -0.040824
0.999284, 0.037840

0.177429, -0.040870
0.999281, 0.037920

0.177692, -0.040917
0.999278, 0.038000

0.177956, -0.040964
0.999275, 0.038080

0.178219, -0.041010
0.999272, 0.038160

0.178482, -0.041057
0.999269, 0.038239

0.178745, -0.041103
0.999266, 0.038319

0.179008, -0.041150
0.999262, 0.038399

0.179271, -0.041196
0.999259, 0.038479

0.179534, -0.041242
0.999256, 0.038558

0.179796, -0.041289
0.999253, 0.038638

0.180059, -0.041335
0.999250, 0.038718

0.180321, -0.041382
0.999247, 0.038798

0.180583, -0.041428
0.999244, 0.038878

0.180845, -0.041474
0.999241, 0.038957

0.181107, -0.041520
0.999238, 0.039037

0.181369, -0.041567
0.999235, 0.039117

0.181630, -0.041613
0.999232, 0.039197

0.181892, -0.041659
0.999228, 0.039277

0.182153, -0.041705
0.999225, 0.039356

0.182415, -0.041751
0.999222, 0.039436

0.182676, -0.041797
0.999219, 0.039516

0.182937, -0.041843
0.999216, 0.039596

0.183198, -0.041889
0.999213, 0.039676

0.183459, -0.041935
0.999209, 0.039755

0.183719, -0.041981
0.999206, 0.039835

0.183980, -0.042027
0.999203, 0.039915

0.184240, -0.042073
0.999200, 0.039995

0.184501, -0.042119
0.999197, 0.040074

0.184761, -0.042165
0.999193, 0.040154

0.185021, -0.042211
0.999190, 0.040234

0.185281, -0.042256
0.999187, 0.040314

0.185541, -0.042302
0.999184, 0.040394

0.185801, -0.042348
0.999181, 0.040473

0.186060, -0.042394
0.999177, 0.040553

0.186320, -0.042439
0.999174, 0.040633

0.186579, -0.042485
0.999171, 0.040713

0.186838, -0.042530
0.999168, 0.040793

0.187097, -0.042576
0.999164, 0.040872

0.187357, -0.042622
0.999161, 0.040952

0.187615, -0.042667
0.999158, 0.041032

0.187874, -0.042713
0.999155, 0.041112

0.188133, -0.042758
0.999151, 0.041191

0.188391, -0.042804
0.999148, 0.041271

0.188650, -0.042849
0.999145, 0.041351

0.188908, -0.042895
0.999141, 0.041431

0.189167, -0.042940
0.999138, 0.041511

0.189425, -0.042985
0.999135, 0.041590

0.189683, -0.043031
0.999131, 0.041670

0.189941, -0.043076
0.999128, 0.041750

0.190198, -0.043121
0.999125, 0.041830

0.190456, -0.043167
0.999121, 0.041909

0.190714, -0.043212
0.999118, 0.041989

0.190971, -0.043257
0.999115, 0.042069

0.191228, -0.043302
0.999111, 0.042149

0.191486, -0.043347
0.999108, 0.042229

0.191743, -0.043393
0.999105, 0.042308

0.192000, -0.043438
0.999101, 0.042388

0.192257, -0.043483
0.999098, 0.042468

0.192513, -0.043528
0.999094, 0.042548

0.192770, -0.043573
0.999091, 0.042628

0.193027, -0.043618
0.999088, 0.042707

0.193283, -0.043663
0.999084, 0.042787

0.193539, -0.043708
0.999081, 0.042867

0.193796, -0.043753
0.999077, 0.042947

0.194052, -0.043798
0.999074, 0.043026

0.194308, -0.043843
0.999070, 0.043106

0.194564, -0.043887
0.999067, 0.043186

0.194819, -0.043932
0.999064, 0.043266

0.195075, -0.043977
0.999060, 0.043346

0.195331, -0.044022
0.999057, 0.043425

0.195586, -0.044067
0.999053, 0.043505

0.195842, -0.044111
0.999050, 0.043585

0.196097, -0.044156
0.999046, 0.043665

0.196352, -0.044201
0.999043, 0.043744

0.196607, -0.044245
0.999039, 0.043824

0.196862, -0.044290
0.999036, 0.043904

0.197117, -0.044335
0.999032, 0.043984

0.197372, -0.044379
0.999029, 0.044063

0.197626, -0.044424
0.999025, 0.044143

0.197881, -0.044469
0.999022, 0.044223

0.198135, -0.044513
0.999018, 0.044303

0.198390, -0.044558
0.999015, 0.044383

0.198644, -0.044602
0.999011, 0.044462

0.198898, -0.044647
0.999008, 0.044542

0.199152, -0.044691
0.999004, 0.044622

0.199406, -0.044735
0.999000, 0.044702

0.199660, -0.044780
0.998997, 0.044781

0.199913, -0.044824
0.998993, 0.044861

0.200167, -0.044868
0.998990, 0.044941

0.200420, -0.044913
0.998986, 0.045021

0.200674, -0.044957
0.998982, 0.045101

0.200927, -0.045001
0.998979, 0.045180

0.201180, -0.045046
0.998975, 0.045260

0.201434, -0.045090
0.998972, 0.045340

0.201687, -0.045134
0.998968, 0.045420

0.201939, -0.045178
0.998964, 0.045499

0.202192, -0.045222
0.998961, 0.045579

0.202445, -0.045267
0.998957, 0.045659

0.202698, -0.045311
0.998953, 0.045739

0.202950, -0.045355
0.998950, 0.045818

0.203202, -0.045399
0.998946, 0.045898

0.203455, -0.045443
0.998942, 0.045978

0.203707, -0.045487
0.998939, 0.046058

0.203959, -0.045531
0.998935, 0.046137

0.204211, -0.045575
0.998931, 0.046217

0.204463, -0.045619
0.998928, 0.046297

0.204715, -0.045663
0.998924, 0.046377

0.204967, -0.045707
0.998920, 0.046457

0.205218, -0.045751
0.998917, 0.046536

0.205470, -0.045795
0.998913, 0.046616

0.205721, -0.045839
0.998909, 0.046696

0.205972, -0.045882
0.998905, 0.046776

0.206224, -0.045926
0.998902, 0.046855

0.206475, -0.045970
0.998898, 0.046935

0.206726, -0.046014
0.998894, 0.047015

0.206977, -0.046058
0.998890, 0.047095

0.207228, -0.046101
0.998887, 0.047174

0.207478, -0.046145
0.998883, 0.047254

0.207729, -0.046189
0.998879, 0.047334

0.207980, -0.046232
0.998875, 0.047414

0.208230, -0.046276
0.998872, 0.047493

0.208481, -0.046320
0.998868, 0.047573

0.208731, -0.046363
0.998864, 0.047653

0.208981, -0.046407
0.998860, 0.047733

0.209231, -0.046450
0.998856, 0.047813

0.209481, -0.046494
0.998853, 0.047892

0.209731, -0.046537
0.998849, 0.047972

0.209981, -0.046581
0.998845, 0.048052

0.210231, -0.046624
0.998841, 0.048132

0.210480, -0.046668
0.998837, 0.048211

0.210730, -0.046711
0.998833, 0.048291

0.210979, -0.046755
0.998829, 0.048371

0.211229, -0.046798
0.998826, 0.048451

0.211478, -0.046842
0.998822, 0.048530

0.211727, -0.046885
0.998818, 0.048610

0.211976, -0.046928
0.998814, 0.048690

0.212225, -0.046972
0.998810, 0.048770

0.212474, -0.047015
0.998806, 0.048849

0.212723, -0.047058
0.998802, 0.048929

0.212972, -0.047101
0.998798, 0.049009

0.213220, -0.047145
0.998794, 0.049089

0.213469, -0.047188
0.998791, 0.049168

0.213717, -0.047231
0.998787, 0.049248

0.213966, -0.047274
0.998783, 0.049328

0.214214, -0.047317
0.998779, 0.049408

0.214462, -0.047361
0.998775, 0.049487

0.214710, -0.047404
0.998771, 0.049567

0.214958, -0.047447
0.998767, 0.049647

0.215206, -0.047490
0.998763, 0.049727

0.215454, -0.047533
0.998759, 0.049806

0.215702, -0.047576
0.998755, 0.049886

0.215950, -0.047619
0.998751, 0.049966

0.216197, -0.047662
0.998747, 0.050046

0.216445, -0.047705
0.998743, 0.050125

0.216692, -0.047748
0.998739, 0.050205

0.216939, -0.047791
0.998735, 0.050285

0.217187, -0.047834
0.998731, 0.050365

0.217434, -0.047877
0.998727, 0.050444

0.217681, -0.047920
0.998723, 0.050524

0.217928, -0.047963
0.998719, 0.050604

0.218175, -0.048005
0.998715, 0.050684

0.218421, -0.048048
0.998711, 0.050763

0.218668, -0.048091
0.998707, 0.050843

0.218915, -0.048134
0.998703, 0.050923

0.219161, -0.048177
0.998699, 0.051003

0.219408, -0.048219
0.998694, 0.051082

0.219654, -0.048262
0.998690, 0.051162

0.219900, -0.048305
0.998686, 0.051242

0.220147, -0.048348
0.998682, 0.051322

0.220393, -0.048390
0.998678, 0.051401

0.220639, -0.048433
0.998674, 0.051481

0.220885, -0.048476
0.998670, 0.051561

0.221131, -0.048518
0.998666, 0.051641

0.221376, -0.048561
0.998662, 0.051720

0.221622, -0.048603
0.998657, 0.051800

0.221868, -0.048646
0.998653, 0.051880

0.222113, -0.048689
0.998649, 0.051960

0.222359, -0.048731
0.998645, 0.052039

0.222604, -0.048774
0.998641, 0.052119

0.222849, -0.048816
0.998637, 0.052199

0.223095, -0.048859
0.998633, 0.052279

0.223340, -0.048901
0.998628, 0.052358

0.223585, -0.048944
0.998624, 0.052438

0.223830, -0.048986
0.998620, 0.052518

0.224075, -0.049028
0.998616, 0.052598

0.224319, -0.049071
0.998612, 0.052677

0.224564, -0.049113
0.998607, 0.052757

0.224809, -0.049156
0.998603, 0.052837

0.225053, -0.049198
0.998599, 0.052916

0.225298, -0.049240
0.998595, 0.052996

0.225542, -0.049283
0.998590, 0.053076

0.225786, -0.049325
0.998586, 0.053156

0.226031, -0.049367
0.998582, 0.053235

0.226275, -0.049409
0.998578, 0.053315

0.226519, -0.049452
0.998573, 0.053395

0.226763, -0.049494
0.998569, 0.053475

0.227007, -0.049536
0.998565, 0.053554

0.227251, -0.049578
0.998561, 0.053634

0.227494, -0.049620
0.998556, 0.053714

0.227738, -0.049662
0.998552, 0.053794

0.227982, -0.049705
0.998548, 0.053873

0.228225, -0.049747
0.998543, 0.053953

0.228469, -0.049789
0.998539, 0.054033

0.228712, -0.049831
0.998535, 0.054113

0.228955, -0.049873
0.998531, 0.054192

0.229199, -0.049915
0.998526, 0.054272

0.229442, -0.049957
0.998522, 0.054352

0.229685, -0.049999
0.998518, 0.054431

0.229928, -0.050041
0.998513, 0.054511

0.230171, -0.050083
0.998509, 0.054591

0.230413, -0.050125
0.998504, 0.054671

0.230656, -0.050167
0.998500, 0.054750

0.230899, -0.050209
0.998496, 0.054830

0.231141, -0.050251
0.998491, 0.054910

0.231384, -0.050293
0.998487, 0.054990

0.231626, -0.050335
0.998483, 0.055069

0.231869, -0.050376
0.998478, 0.055149

0.232111, -0.050418
0.998474, 0.055229

0.232353, -0.050460
0.998469, 0.055309

0.232595, -0.050502
0.998465, 0.055388

0.232837, -0.050544
0.998460, 0.055468

0.233079, -0.050586
0.998456, 0.055548

0.233321, -0.050627
0.998452, 0.055627

0.233563, -0.050669
0.998447, 0.055707

0.233805, -0.050711
0.998443, 0.055787

0.234047, -0.050752
0.998438, 0.055867

0.234288, -0.050794
0.998434, 0.055946

0.234530, -0.050836
0.998429, 0.056026

0.234771, -0.050878
0.998425, 0.056106

0.235013, -0.050919
0.998420, 0.056186

0.235254, -0.050961
0.998416, 0.056265

0.235495, -0.051002
0.998411, 0.056345

0.235736, -0.051044
0.998407, 0.056425

0.235977, -0.051086
0.998402, 0.056504

0.236218, -0.051127
0.998398, 0.056584

0.236459, -0.051169
0.998393, 0.056664

0.236700, -0.051210
0.998389, 0.056744

0.236941, -0.051252
0.998384, 0.056823

0.237182, -0.051293
0.998380, 0.056903

0.237422, -0.051335
0.998375, 0.056983

0.237663, -0.051376
0.998371, 0.057062

0.237903, -0.051418
0.998366, 0.057142

0.238144, -0.051459
0.998361, 0.057222

0.238384, -0.051501
0.998357, 0.057302

0.238625, -0.051542
0.998352, 0.057381

0.238865, -0.051583
0.998348, 0.057461

0.239105, -0.051625
0.998343, 0.057541

0.239345, -0.051666
0.998339, 0.057620

0.239585, -0.051708
0.998334, 0.057700

0.239825, -0.051749
0.998329, 0.057780

0.240065, -0.051790
0.998325, 0.057860

0.240305, -0.051832
0.998320, 0.057939

0.240544, -0.051873
0.998315, 0.058019

0.240784, -0.051914
0.998311, 0.058099

0.241024, -0.051955
0.998306, 0.058179

0.241263, -0.051997
0.998302, 0.058258

0.241502, -0.052038
0.998297, 0.058338

0.241742, -0.052079
0.998292, 0.058418

0.241981, -0.052120
0.998288, 0.058497

0.242220, -0.052161
0.998283, 0.058577

0.242460, -0.052203
0.998278, 0.058657

0.242699, -0.052244
0.998274, 0.058737

0.242938, -0.052285
0.998269, 0.058816

0.243177, -0.052326
0.998264, 0.058896

0.243415, -0.052367
0.998259, 0.058976

0.243654, -0.052408
0.998255, 0.059055

0.243893, -0.052449
0.998250, 0.059135

0.244132, -0.052490
0.998245, 0.059215

0.244370, -0.052531
0.998241, 0.059294

0.244609, -0.052572
0.998236, 0.059374

0.244847, -0.052613
0.998231, 0.059454

0.245086, -0.052654
0.998226, 0.059534

0.245324, -0.052695
0.998222, 0.059613

0.245562, -0.052736
0.998217, 0.059693

0.245801, -0.052777
0.998212, 0.059773

0.246039, -0.052818
0.998207, 0.059852

0.246277, -0.052859
0.998202, 0.059932

0.246515, -0.052900
0.998198, 0.060012

0.246753, -0.052941
0.998193, 0.060092

0.246991, -0.052982
0.998188, 0.060171

0.247228, -0.053023
0.998183, 0.060251

0.247466, -0.053064
0.998178, 0.060331

0.247704, -0.053105
0.998174, 0.060410

0.247941, -0.053145
0.998169, 0.060490

0.248179, -0.053186
0.998164, 0.060570

0.248416, -0.053227
0.998159, 0.060650

0.248654, -0.053268
0.998154, 0.060729

0.248891, -0.053309
0.998149, 0.060809

0.249128, -0.053349
0.998145, 0.060889

0.249365, -0.053390
0.998140, 0.060968

0.249603, -0.053431
0.998135, 0.061048

0.249840, -0.053472
0.998130, 0.061128

0.250077, -0.053512
0.998125, 0.061207

0.250314, -0.053553
0.998120, 0.061287

0.250550, -0.053594
0.998115, 0.061367

0.250787, -0.053634
0.998110, 0.061447

0.251024, -0.053675
0.998105, 0.061526

0.251261, -0.053716
0.998101, 0.061606

0.251497, -0.053756
0.998096, 0.061686

0.251734, -0.053797
0.998091, 0.061765

0.251970, -0.053837
0.998086, 0.061845

0.252207, -0.053878
0.998081, 0.061925

0.252443, -0.053919
0.998076, 0.062004

0.252679, -0.053959
0.998071, 0.062084

0.252916, -0.054000
0.998066, 0.062164

0.253152, -0.054040
0.998061, 0.062244

0.253388, -0.054081
0.998056, 0.062323

0.253624, -0.054121
0.998051, 0.062403

0.253860, -0.054162
0.998046, 0.062483

0.254096, -0.054202
0.998041, 0.062562

0.254331, -0.054243
0.998036, 0.062642

0.254567, -0.054283
0.998031, 0.062722

0.254803, -0.054323
0.998026, 0.062801

0.255039, -0.054364
0.998021, 0.062881

0.255274, -0.054404
0.998016, 0.062961

0.255510, -0.054445
0.998011, 0.063040

0.255745, -0.054485
0.998006, 0.063120

0.255981, -0.054525
0.998001, 0.063200

0.256216, -0.054566
0.997996, 0.063280

0.256451, -0.054606
0.997991, 0.063359

0.256686, -0.054646
0.997986, 0.063439

0.256922, -0.054687
0.997981, 0.063519

0.257157, -0.054727
0.997976, 0.063598

0.257392, -0.054767
0.997970, 0.063678

0.257627, -0.054808
0.997965, 0.063758

0.257862, -0.054848
0.997960, 0.063837

0.258096, -0.054888
0.997955, 0.063917

0.258331, -0.054928
0.997950, 0.063997

0.258566, -0.054969
0.997945, 0.064076

0.258801, -0.055009
0.997940, 0.064156

0.259035, -0.055049
0.997935, 0.064236

0.259270, -0.055089
0.997930, 0.064315

0.259504, -0.055129
0.997924, 0.064395

0.259739, -0.055169
0.997919, 0.064475

0.259973, -0.055210
0.997914, 0.064555

0.260207, -0.055250
0.997909, 0.064634

0.260441, -0.055290
0.997904, 0.064714

0.260676, -0.055330
0.997899, 0.064794

0.260910, -0.055370
0.997894, 0.064873

0.261144, -0.055410
0.997888, 0.064953

0.261378, -0.055450
0.997883, 0.065033

0.261612, -0.055490
0.997878, 0.065112

0.261845, -0.055530
0.997873, 0.065192

0.262079, -0.055570
0.997868, 0.065272

0.262313, -0.055610
0.997862, 0.065351

0.262547, -0.055650
0.997857, 0.065431

0.262780, -0.055690
0.997852, 0.065511

0.263014, -0.055730
0.997847, 0.065590

0.263247, -0.055770
0.997841, 0.065670

0.263481, -0.055810
0.997836, 0.065750

0.263714, -0.055850
0.997831, 0.065829

0.263948, -0.055890
0.997826, 0.065909

0.264181, -0.055930
0.997820, 0.065989

0.264414, -0.055970
0.997815, 0.066068

0.264647, -0.056010
0.997810, 0.066148

0.264880, -0.056049
0.997805, 0.066228

0.265113, -0.056089
0.997799, 0.066307

0.265346, -0.056129
0.997794, 0.066387

0.265579, -0.056169
0.997789, 0.066467

0.265812, -0.056209
0.997783, 0.066547

0.266045, -0.056249
0.997778, 0.066626

0.266278, -0.056288
0.997773, 0.066706

0.266510, -0.056328
0.997767, 0.066786

0.266743, -0.056368
0.997762, 0.066865

0.266976, -0.056408
0.997757, 0.066945

0.267208, -0.056448
0.997751, 0.067025

0.267441, -0.056487
0.997746, 0.067104

0.267673, -0.056527
0.997741, 0.067184

0.267905, -0.056567
0.997735, 0.067264

0.268138, -0.056606
0.997730, 0.067343

0.268370, -0.056646
0.997724, 0.067423

0.268602, -0.056686
0.997719, 0.067503

0.268834, -0.056725
0.997714, 0.067582

0.269066, -0.056765
0.997708, 0.067662

0.269298, -0.056805
0.997703, 0.067742

0.269530, -0.056844
0.997697, 0.067821

0.269762, -0.056884
0.997692, 0.067901

0.269994, -0.056924
0.997687, 0.067981

0.270226, -0.056963
0.997681, 0.068060

0.270457, -0.057003
0.997676, 0.068140

0.270689, -0.057042
0.997670, 0.068220

0.270921, -0.057082
0.997665, 0.068299

0.271152, -0.057121
0.997659, 0.068379

0.271384, -0.057161
0.997654, 0.068459

0.271615, -0.057200
0.997648, 0.068538

0.271847, -0.057240
0.997643, 0.068618

0.272078, -0.057280
0.997638, 0.068698

0.272309, -0.057319
0.997632, 0.068777

0.272540, -0.057358
0.997627, 0.068857

0.272772, -0.057398
0.997621, 0.068937

0.273003, -0.057437
0.997616, 0.069016

0.273234, -0.057477
0.997610, 0.069096

0.273465, -0.057516
0.997605, 0.069176

0.273696, -0.057556
0.997599, 0.069255

0.273927, -0.057595
0.997593, 0.069335

0.274157, -0.057634
0.997588, 0.069415

0.274388, -0.057674
0.997582, 0.069494

0.274619, -0.057713
0.997577, 0.069574

0.274850, -0.057753
0.997571, 0.069653

0.275080, -0.057792
0.997566, 0.069733

0.275311, -0.057831
0.997560, 0.069813

0.275541, -0.057871
0.997555, 0.069892

0.275772, -0.057910
0.997549, 0.069972

0.276002, -0.057949
0.997543, 0.070052

0.276233, -0.057989
0.997538, 0.070131

0.276463, -0.058028
0.997532, 0.070211

0.276693, -0.058067
0.997527, 0.070291

0.276923, -0.058106
0.997521, 0.070370

0.277153, -0.058146
0.997515, 0.070450

0.277383, -0.058185
0.997510, 0.070530

0.277614, -0.058224
0.997504, 0.070609

0.277844, -0.058263
0.997498, 0.070689

0.278073, -0.058302
0.997493, 0.070769

0.278303, -0.058342
0.997487, 0.070848

0.278533, -0.058381
0.997481, 0.070928

0.278763, -0.058420
0.997476, 0.071008

0.278993, -0.058459
0.997470, 0.071087

0.279222, -0.058498
0.997464, 0.071167

0.279452, -0.058537
0.997459, 0.071247

0.279681, -0.058577
0.997453, 0.071326

0.279911, -0.058616
0.997447, 0.071406

0.280140, -0.058655
0.997442, 0.071485

0.280370, -0.058694
0.997436, 0.071565

0.280599, -0.058733
0.997430, 0.071645

0.280828, -0.058772
0.997424, 0.071724

0.281058, -0.058811
0.997419, 0.071804

0.281287, -0.058850
0.997413, 0.071884

0.281516, -0.058889
0.997407, 0.071963

0.281745, -0.058928
0.997402, 0.072043

0.281974, -0.058967
0.997396, 0.072123

0.282203, -0.059006
0.997390, 0.072202

0.282432, -0.059045
0.997384, 0.072282

0.282661, -0.059084
0.997378, 0.072362

0.282890, -0.059123
0.997373, 0.072441

0.283118, -0.059162
0.997367, 0.072521

0.283347, -0.059201
0.997361, 0.072600

0.283576, -0.059240
0.997355, 0.072680

0.283804, -0.059279
0.997349, 0.072760

0.284033, -0.059318
0.997344, 0.072839

0.284262, -0.059357
0.997338, 0.072919

0.284490, -0.059396
0.997332, 0.072999

0.284718, -0.059435
0.997326, 0.073078

0.284947, -0.059473
0.997320, 0.073158

0.285175, -0.059512
0.997315, 0.073238

0.285403, -0.059551
0.997309, 0.073317

0.285632, -0.059590
0.997303, 0.073397

0.285860, -0.059629
0.997297, 0.073476

0.286088, -0.059668
0.997291, 0.073556

0.286316, -0.059706
0.997285, 0.073636

0.286544, -0.059745
0.997279, 0.073715

0.286772, -0.059784
0.997273, 0.073795

0.287000, -0.059823
0.997268, 0.073875

0.287228, -0.059862
0.997262, 0.073954

0.287456, -0.059900
0.997256, 0.074034

0.287683, -0.059939
0.997250, 0.074114

0.287911, -0.059978
0.997244, 0.074193

0.288139, -0.060017
0.997238, 0.074273

0.288366, -0.060055
0.997232, 0.074352

0.288594, -0.060094
0.997226, 0.074432

0.288821, -0.060133
0.997220, 0.074512

0.289049, -0.060171
0.997214, 0.074591

0.289276, -0.060210
0.997208, 0.074671

0.289504, -0.060249
0.997202, 0.074751

0.289731, -0.060287
0.997196, 0.074830

0.289958, -0.060326
0.997190, 0.074910

0.290185, -0.060365
0.997184, 0.074989

0.290413, -0.060403
0.997178, 0.075069

0.290640, -0.060442
0.997172, 0.075149

0.290867, -0.060480
0.997166, 0.075228

0.291094, -0.060519
0.997160, 0.075308

0.291321, -0.060558
0.997154, 0.075388

0.291548, -0.060596
0.997148, 0.075467

0.291775, -0.060635
0.997142, 0.075547

0.292002, -0.060673
0.997136, 0.075626

0.292228, -0.060712
0.997130, 0.075706

0.292455, -0.060750
0.997124, 0.075786

0.292682, -0.060789
0.997118, 0.075865

0.292908, -0.060827
0.997112, 0.075945

0.293135, -0.060866
0.997106, 0.076025

0.293362, -0.060904
0.997100, 0.076104

0.293588, -0.060943
0.997094, 0.076184

0.293815, -0.060981
0.997088, 0.076263

0.294041, -0.061020
0.997082, 0.076343

0.294267, -0.061058
0.997076, 0.076423

0.294494, -0.061097
0.997069, 0.076502

0.294720, -0.061135
0.997063, 0.076582

0.294946, -0.061174
0.997057, 0.076662

0.295172, -0.061212
0.997051, 0.076741

0.295398, -0.061250
0.997045, 0.076821

0.295624, -0.061289
0.997039, 0.076900

0.295850, -0.061327
0.997033, 0.076980

0.296076, -0.061366
0.997026, 0.077060

0.296302, -0.061404
0.997020, 0.077139

0.296528, -0.061442
0.997014, 0.077219

0.296754, -0.061481
0.997008, 0.077298

0.296980, -0.061519
0.997002, 0.077378

0.297206, -0.061557
0.996996, 0.077458

0.297431, -0.061596
0.996989, 0.077537

0.297657, -0.061634
0.996983, 0.077617

0.297883, -0.061672
0.996977, 0.077696

0.298108, -0.061711
0.996971, 0.077776

0.298334, -0.061749
0.996965, 0.077856

0.298559, -0.061787
0.996958, 0.077935

0.298785, -0.061825
0.996952, 0.078015

0.299010, -0.061864
0.996946, 0.078095

0.299235, -0.061902
0.996940, 0.078174

0.299461, -0.061940
0.996933, 0.078254

0.299686, -0.061978
0.996927, 0.078333

0.299911, -0.062017
0.996921, 0.078413

0.300136, -0.062055
0.996915, 0.078493

0.300361, -0.062093
0.996908, 0.078572

0.300586, -0.062131
0.996902, 0.078652

0.300811, -0.062169
0.996896, 0.078731

0.301036, -0.062207
0.996890, 0.078811

0.301261, -0.062246
0.996883, 0.078891

0.301486, -0.062284
0.996877, 0.078970

0.301711, -0.062322
0.996871, 0.079050

0.301936, -0.062360
0.996864, 0.079129

0.302160, -0.062398
0.996858, 0.079209

0.302385, -0.062436
0.996852, 0.079289

0.302610, -0.062474
0.996845, 0.079368

0.302834, -0.062512
0.996839, 0.079448

0.303059, -0.062551
0.996833, 0.079527

0.303284, -0.062589
0.996826, 0.079607

0.303508, -0.062627
0.996820, 0.079687

0.303732, -0.062665
0.996814, 0.079766

0.303957, -0.062703
0.996807, 0.079846

0.304181, -0.062741
0.996801, 0.079925

0.304405, -0.062779
0.996794, 0.080005

0.304630, -0.062817
0.996788, 0.080085

0.304854, -0.062855
0.996782, 0.080164

0.305078, -0.062893
0.996775, 0.080244

0.305302, -0.062931
0.996769, 0.080323

0.305526, -0.062969
0.996762, 0.080403

0.305750, -0.063007
0.996756, 0.080483

0.305974, -0.063045
0.996750, 0.080562

0.306198, -0.063083
0.996743, 0.080642

0.306422, -0.063121
0.996737, 0.080721

0.306646, -0.063159
0.996730, 0.080801

0.306870, -0.063197
0.996724, 0.080880

0.307094, -0.063234
0.996717, 0.080960

0.307317, -0.063272
0.996711, 0.081040

0.307541, -0.063310
0.996704, 0.081119

0.307765, -0.063348
0.996698, 0.081199

0.307988, -0.063386
0.996691, 0.081278

0.308212, -0.063424
0.996685, 0.081358

0.308435, -0.063462
0.996678, 0.081438

0.308659, -0.063500
0.996672, 0.081517

0.308882, -0.063537
0.996665, 0.081597

0.309105, -0.063575
0.996659, 0.081676

0.309329, -0.063613
0.996652, 0.081756

0.309552, -0.063651
0.996646, 0.081836

0.309775, -0.063689
0.996639, 0.081915

0.309999, -0.063727
0.996633, 0.081995

0.310222, -0.063764
0.996626, 0.082074

0.310445, -0.063802
0.996620, 0.082154

0.310668, -0.063840
0.996613, 0.082233

0.310891, -0.063878
0.996607, 0.082313

0.311114, -0.063915
0.996600, 0.082393

0.311337, -0.063953
0.996593, 0.082472

0.311560, -0.063991
0.996587, 0.082552

0.311783, -0.064029
0.996580, 0.082631

0.312005, -0.064066
0.996574, 0.082711

0.312228, -0.064104
0.996567, 0.082790

0.312451, -0.064142
0.996560, 0.082870

0.312674, -0.064179
0.996554, 0.082950

0.312896, -0.064217
0.996547, 0.083029

0.313119, -0.064255
0.996540, 0.083109

0.313342, -0.064292
0.996534, 0.083188

0.313564, -0.064330
0.996527, 0.083268

0.313787, -0.064368
0.996521, 0.083347

0.314009, -0.064405
0.996514, 0.083427

0.314231, -0.064443
0.996507, 0.083507

0.314454, -0.064481
0.996501, 0.083586

0.314676, -0.064518
0.996494, 0.083666

0.314898, -0.064556
0.996487, 0.083745

0.315121, -0.064594
0.996480, 0.083825

0.315343, -0.064631
0.996474, 0.083904

0.315565, -0.064669
0.996467, 0.083984

0.315787, -0.064706
0.996460, 0.084064

0.316009, -0.064744
0.996454, 0.084143

0.316231, -0.064781
0.996447, 0.084223

0.316453, -0.064819
0.996440, 0.084302

0.316675, -0.064857
0.996433, 0.084382

0.316897, -0.064894
0.996427, 0.084461

0.317119, -0.064932
0.996420, 0.084541

0.317341, -0.064969
0.996413, 0.084621

0.317562, -0.065007
0.996406, 0.084700

0.317784, -0.065044
0.996400, 0.084780

0.318006, -0.065082
0.996393, 0.084859

0.318228, -0.065119
0.996386, 0.084939

0.318449, -0.065157
0.996379, 0.085018

0.318671, -0.065194
0.996373, 0.085098

0.318892, -0.065231
0.996366, 0.085178

0.319114, -0.065269
0.996359, 0.085257

0.319335, -0.065306
0.996352, 0.085337

0.319557, -0.065344
0.996345, 0.085416

0.319778, -0.065381
0.996339, 0.085496

0.319999, -0.065419
0.996332, 0.085575

0.320221, -0.065456
0.996325, 0.085655

0.320442, -0.065493
0.996318, 0.085734

0.320663, -0.065531
0.996311, 0.085814

0.320884, -0.065568
0.996304, 0.085894

0.321105, -0.065606
0.996297, 0.085973

0.321327, -0.065643
0.996291, 0.086053

0.321548, -0.065680
0.996284, 0.086132

0.321769, -0.065718
0.996277, 0.086212

0.321990, -0.065755
0.996270, 0.086291

0.322211, -0.065792
0.996263, 0.086371

0.322431, -0.065830
0.996256, 0.086450

0.322652, -0.065867
0.996249, 0.086530

0.322873, -0.065904
0.996242, 0.086610

0.323094, -0.065942
0.996235, 0.086689

0.323315, -0.065979
0.996228, 0.086769

0.323535, -0.066016
0.996222, 0.086848

0.323756, -0.066053
0.996215, 0.086928

0.323977, -0.066091
0.996208, 0.087007

0.324197, -0.066128
0.996201, 0.087087

0.324418, -0.066165
0.996194, 0.087166

0.324638, -0.066202
0.996187, 0.087246

0.324859, -0.066240
0.996180, 0.087325

0.325079, -0.066277
0.996173, 0.087405

0.325300, -0.066314
0.996166, 0.087485

0.325520, -0.066351
0.996159, 0.087564

0.325740, -0.066389
0.996152, 0.087644

0.325961, -0.066426
0.996145, 0.087723

0.326181, -0.066463
0.996138, 0.087803

0.326401, -0.066500
0.996131, 0.087882

0.326621, -0.066537
0.996124, 0.087962

0.326841, -0.066574
0.996117, 0.088041

0.327061, -0.066612
0.996110, 0.088121

0.327281, -0.066649
0.996103, 0.088200

0.327501, -0.066686
0.996096, 0.088280

0.327721, -0.066723
0.996089, 0.088360

0.327941, -0.066760
0.996082, 0.088439

0.328161, -0.066797
0.996075, 0.088519

0.328381, -0.066834
0.996067, 0.088598

0.328601, -0.066872
0.996060, 0.088678

0.328821, -0.066909
0.996053, 0.088757

0.329040, -0.066946
0.996046, 0.088837

0.329260, -0.066983
0.996039, 0.088916

0.329480, -0.067020
0.996032, 0.088996

0.329699, -0.067057
0.996025, 0.089075

0.329919, -0.067094
0.996018, 0.089155

0.330138, -0.067131
0.996011, 0.089234

0.330358, -0.067168
0.996004, 0.089314

0.330577, -0.067205
0.995996, 0.089393

0.330797, -0.067242
0.995989, 0.089473

0.331016, -0.067279
0.995982, 0.089553

0.331236, -0.067316
0.995975, 0.089632

0.331455, -0.067353
0.995968, 0.089712

0.331674, -0.067390
0.995961, 0.089791

0.331893, -0.067427
0.995953, 0.089871

0.332113, -0.067464
0.995946, 0.089950

0.332332, -0.067501
0.995939, 0.090030

0.332551, -0.067538
0.995932, 0.090109

0.332770, -0.067575
0.995925, 0.090189

0.332989, -0.067612
0.995917, 0.090268

0.333208, -0.067649
0.995910, 0.090348

0.333427, -0.067686
0.995903, 0.090427

0.333646, -0.067723
0.995896, 0.090507

0.333865, -0.067760
0.995889, 0.090586

0.334084, -0.067797
0.995881, 0.090666

0.334303, -0.067833
0.995874, 0.090745

0.334521, -0.067870
0.995867, 0.090825

0.334740, -0.067907
0.995860, 0.090904

0.334959, -0.067944
0.995852, 0.090984

0.335178, -0.067981
0.995845, 0.091064

0.335396, -0.068018
0.995838, 0.091143

0.335615, -0.068055
0.995831, 0.091223

0.335834, -0.068092
0.995823, 0.091302

0.336052, -0.068128
0.995816, 0.091382

0.336271, -0.068165
0.995809, 0.091461

0.336489, -0.068202
0.995801, 0.091541

0.336707, -0.068239
0.995794, 0.091620

0.336926, -0.068276
0.995787, 0.091700

0.337144, -0.068313
0.995779, 0.091779

0.337363, -0.068349
0.995772, 0.091859

0.337581, -0.068386
0.995765, 0.091938

0.337799, -0.068423
0.995757, 0.092018

0.338017, -0.068460
0.995750, 0.092097

0.338236, -0.068496
0.995743, 0.092177

0.338454, -0.068533
0.995735, 0.092256

0.338672, -0.068570
0.995728, 0.092336

0.338890, -0.068607
0.995721, 0.092415

0.339108, -0.068643
0.995713, 0.092495

0.339326, -0.068680
0.995706, 0.092574

0.339544, -0.068717
0.995698, 0.092654

0.339762, -0.068754
0.995691, 0.092733

0.339980, -0.068790
0.995684, 0.092813

0.340198, -0.068827
0.995676, 0.092892

0.340415, -0.068864
0.995669, 0.092972

0.340633, -0.068900
0.995661, 0.093051

0.340851, -0.068937
0.995654, 0.093131

0.341069, -0.068974
0.995646, 0.093210

0.341286, -0.069011
0.995639, 0.093290

0.341504, -0.069047
0.995632, 0.093369

0.341722, -0.069084
0.995624, 0.093449

0.341939, -0.069120
0.995617, 0.093528

0.342157, -0.069157
0.995609, 0.093608

0.342374, -0.069194
0.995602, 0.093687

0.342592, -0.069230
0.995594, 0.093767

0.342809, -0.069267
0.995587, 0.093846

0.343027, -0.069304
0.995579, 0.093926

0.343244, -0.069340
0.995572, 0.094005

0.343461, -0.069377
0.995564, 0.094085

0.343679, -0.069413
0.995557, 0.094164

0.343896, -0.069450
0.995549, 0.094244

0.344113, -0.069487
0.995542, 0.094323

0.344330, -0.069523
0.995534, 0.094403

0.344547, -0.069560
0.995527, 0.094482

0.344764, -0.069596
0.995519, 0.094562

0.344982, -0.069633
0.995511, 0.094641

0.345199, -0.069669
0.995504, 0.094721

0.345416, -0.069706
0.995496, 0.094800

0.345633, -0.069742
0.995489, 0.094880

0.345850, -0.069779
0.995481, 0.094959

0.346066, -0.069815
0.995474, 0.095039

0.346283, -0.069852
0.995466, 0.095118

0.346500, -0.069888
0.995458, 0.095198

0.346717, -0.069925
0.995451, 0.095277

0.346934, -0.069961
0.995443, 0.095357

0.347151, -0.069998
0.995436, 0.095436

0.347367, -0.070034
0.995428, 0.095516

0.347584, -0.070071
0.995420, 0.095595

0.347801, -0.070107
0.995413, 0.095675

0.348017, -0.070144
0.995405, 0.095754

0.348234, -0.070180
0.995397, 0.095834

0.348450, -0.070217
0.995390, 0.095913

0.348667, -0.070253
0.995382, 0.095993

0.348883, -0.070289
0.995374, 0.096072

0.349100, -0.070326
0.995367, 0.096152

0.349316, -0.070362
0.995359, 0.096231

0.349533, -0.070399
0.995351, 0.096310

0.349749, -0.070435
0.995344, 0.096390

0.349965, -0.070471
0.995336, 0.096469

0.350181, -0.070508
0.995328, 0.096549

0.350398, -0.070544
0.995321, 0.096628

0.350614, -0.070581
0.995313, 0.096708

0.350830, -0.070617
0.995305, 0.096787

0.351046, -0.070653
0.995297, 0.096867

0.351262, -0.070690
0.995290, 0.096946

0.351478, -0.070726
0.995282, 0.097026

0.351694, -0.070762
0.995274, 0.097105

0.351910, -0.070799
0.995266, 0.097185

0.352126, -0.070835
0.995259, 0.097264

0.352342, -0.070871
0.995251, 0.097344

0.352558, -0.070908
0.995243, 0.097423

0.352774, -0.070944
0.995235, 0.097503

0.352990, -0.070980
0.995227, 0.097582

0.353206, -0.071016
0.995220, 0.097662

0.353421, -0.071053
0.995212, 0.097741

0.353637, -0.071089
0.995204, 0.097820

0.353853, -0.071125
0.995196, 0.097900

0.354069, -0.071162
0.995188, 0.097979

0.354284, -0.071198
0.995181, 0.098059

0.354500, -0.071234
0.995173, 0.098138

0.354715, -0.071270
0.995165, 0.098218

0.354931, -0.071306
0.995157, 0.098297

0.355146, -0.071343
0.995149, 0.098377

0.355362, -0.071379
0.995141, 0.098456

0.355577, -0.071415
0.995134, 0.098536

0.355793, -0.071451
0.995126, 0.098615

0.356008, -0.071488
0.995118, 0.098695

0.356224, -0.071524
0.995110, 0.098774

0.356439, -0.071560
0.995102, 0.098854

0.356654, -0.071596
0.995094, 0.098933

0.356869, -0.071632
0.995086, 0.099012

0.357085, -0.071668
0.995078, 0.099092

0.357300, -0.071705
0.995070, 0.099171

0.357515, -0.071741
0.995062, 0.099251

0.357730, -0.071777
0.995055, 0.099330

0.357945, -0.071813
0.995047, 0.099410

0.358160, -0.071849
0.995039, 0.099489

0.358375, -0.071885
0.995031, 0.099569

0.358590, -0.071921
0.995023, 0.099648

0.358805, -0.071958
0.995015, 0.099728

0.359020, -0.071994
0.995007, 0.099807

0.359235, -0.072030
0.994999, 0.099886

0.359450, -0.072066
0.994991, 0.099966

0.359665, -0.072102
0.994983, 0.100045

0.359879, -0.072138
0.994975, 0.100125

0.360094, -0.072174
0.994967, 0.100204

0.360309, -0.072210
0.994959, 0.100284

0.360524, -0.072246
0.994951, 0.100363

0.360738, -0.072282
0.994943, 0.100443

0.360953, -0.072318
0.994935, 0.100522

0.361168, -0.072354
0.994927, 0.100601

0.361382, -0.072390
0.994919, 0.100681

0.361597, -0.072426
0.994911, 0.100760

0.361811, -0.072462
0.994903, 0.100840

0.362026, -0.072498
0.994895, 0.100919

0.362240, -0.072535
0.994887, 0.100999

0.362455, -0.072571
0.994878, 0.101078

0.362669, -0.072607
0.994870, 0.101158

0.362883, -0.072643
0.994862, 0.101237

0.363098, -0.072678
0.994854, 0.101316

0.363312, -0.072714
0.994846, 0.101396

0.363526, -0.072750
0.994838, 0.101475

0.363740, -0.072786
0.994830, 0.101555

0.363955, -0.072822
0.994822, 0.101634

0.364169, -0.072858
0.994814, 0.101714

0.364383, -0.072894
0.994806, 0.101793

0.364597, -0.072930
0.994797, 0.101873

0.364811, -0.072966
0.994789, 0.101952

0.365025, -0.073002
0.994781, 0.102031

0.365239, -0.073038
0.994773, 0.102111

0.365453, -0.073074
0.994765, 0.102190

0.365667, -0.073110
0.994757, 0.102270

0.365881, -0.073146
0.994749, 0.102349

0.366095, -0.073182
0.994740, 0.102429

0.366309, -0.073218
0.994732, 0.102508

0.366523, -0.073253
0.994724, 0.102587

0.366736, -0.073289
0.994716, 0.102667

0.366950, -0.073325
0.994708, 0.102746

0.367164, -0.073361
0.994699, 0.102826

0.367378, -0.073397
0.994691, 0.102905

0.367591, -0.073433
0.994683, 0.102985

0.367805, -0.073469
0.994675, 0.103064

0.368019, -0.073504
0.994666, 0.103143

0.368232, -0.073540
0.994658, 0.103223

0.368446, -0.073576
0.994650, 0.103302

0.368659, -0.073612
0.994642, 0.103382

0.368873, -0.073648
0.994633, 0.103461

0.369086, -0.073684
0.994625, 0.103541

0.369300, -0.073719
0.994617, 0.103620

0.369513, -0.073755
0.994609, 0.103699

0.369726, -0.073791
0.994600, 0.103779

0.369940, -0.073827
0.994592, 0.103858

0.370153, -0.073863
0.994584, 0.103938

0.370366, -0.073898
0.994576, 0.104017

0.370580, -0.073934
0.994567, 0.104096

0.370793, -0.073970
0.994559, 0.104176

0.371006, -0.074006
0.994551, 0.104255

0.371219, -0.074041
0.994542, 0.104335

0.371432, -0.074077
0.994534, 0.104414

0.371646, -0.074113
0.994526, 0.104494

0.371859, -0.074149
0.994517, 0.104573

0.372072, -0.074184
0.994509, 0.104652

0.372285, -0.074220
0.994501, 0.104732

0.372498, -0.074256
0.994492, 0.104811

0.372711, -0.074292
0.994484, 0.104891

0.372924, -0.074327
0.994475, 0.104970

0.373136, -0.074363
0.994467, 0.105049

0.373349, -0.074399
0.994459, 0.105129

0.373562, -0.074434
0.994450, 0.105208

0.373775, -0.074470
0.994442, 0.105288

0.373988, -0.074506
0.994433, 0.105367

0.374200, -0.074541
0.994425, 0.105446

0.374413, -0.074577
0.994417, 0.105526

0.374626, -0.074613
0.994408, 0.105605

0.374839, -0.074648
0.994400, 0.105685

0.375051, -0.074684
0.994391, 0.105764

0.375264, -0.074720
0.994383, 0.105844

0.375476, -0.074755
0.994374, 0.105923

0.375689, -0.074791
0.994366, 0.106002

0.375901, -0.074826
0.994357, 0.106082

0.376114, -0.074862
0.994349, 0.106161

0.376326, -0.074898
0.994340, 0.106241

0.376539, -0.074933
0.994332, 0.106320

0.376751, -0.074969
0.994323, 0.106399

0.376964, -0.075004
0.994315, 0.106479

0.377176, -0.075040
0.994306, 0.106558

0.377388, -0.075076
0.994298, 0.106637

0.377600, -0.075111
0.994289, 0.106717

0.377813, -0.075147
0.994281, 0.106796

0.378025, -0.075182
0.994272, 0.106876

0.378237, -0.075218
0.994264, 0.106955

0.378449, -0.075253
0.994255, 0.107034

0.378661, -0.075289
0.994247, 0.107114

0.378874, -0.075325
0.994238, 0.107193

0.379086, -0.075360
0.994230, 0.107273

0.379298, -0.075396
0.994221, 0.107352

0.379510, -0.075431
0.994212, 0.107431

0.379722, -0.075467
0.994204, 0.107511

0.379934, -0.075502
0.994195, 0.107590

0.380146, -0.075538
0.994187, 0.107670

0.380358, -0.075573
0.994178, 0.107749

0.380569, -0.075609
0.994170, 0.107828

0.380781, -0.075644
0.994161, 0.107908

0.380993, -0.075680
0.994152, 0.107987

0.381205, -0.075715
0.994144, 0.108067

0.381417, -0.075751
0.994135, 0.108146

0.381628, -0.075786
0.994126, 0.108225

0.381840, -0.075822
0.994118, 0.108305

0.382052, -0.075857
0.994109, 0.108384

0.382263, -0.075892
0.994100, 0.108463

0.382475, -0.075928
0.994092, 0.108543

0.382687, -0.075963
0.994083, 0.108622

0.382898, -0.075999
0.994074, 0.108702

0.383110, -0.076034
0.994066, 0.108781

0.383321, -0.076070
0.994057, 0.108860

0.383533, -0.076105
0.994048, 0.108940

0.383744, -0.076140
0.994040, 0.109019

0.383956, -0.076176
0.994031, 0.109098

0.384167, -0.076211
0.994022, 0.109178

0.384378, -0.076247
0.994014, 0.109257

0.384590, -0.076282
0.994005, 0.109337

0.384801, -0.076317
0.993996, 0.109416

0.385012, -0.076353
0.993987, 0.109495

0.385224, -0.076388
0.993979, 0.109575

0.385435, -0.076423
0.993970, 0.109654

0.385646, -0.076459
0.993961, 0.109733

0.385857, -0.076494
0.993952, 0.109813

0.386068, -0.076530
0.993944, 0.109892

0.386280, -0.076565
0.993935, 0.109972

0.386491, -0.076600
0.993926, 0.110051

0.386702, -0.076636
0.993917, 0.110130

0.386913, -0.076671
0.993908, 0.110210

0.387124, -0.076706
0.993900, 0.110289

0.387335, -0.076742
0.993891, 0.110368

0.387546, -0.076777
0.993882, 0.110448

0.387757, -0.076812
0.993873, 0.110527

0.387968, -0.076847
0.993864, 0.110606

0.388178, -0.076883
0.993855, 0.110686

0.388389, -0.076918
0.993847, 0.110765

0.388600, -0.076953
0.993838, 0.110844

0.388811, -0.076989
0.993829, 0.110924

0.389022, -0.077024
0.993820, 0.111003

0.389232, -0.077059
0.993811, 0.111083

0.389443, -0.077094
0.993802, 0.111162

0.389654, -0.077130
0.993793, 0.111241

0.389865, -0.077165
0.993785, 0.111321

0.390075, -0.077200
0.993776, 0.111400

0.390286, -0.077235
0.993767, 0.111479

0.390496, -0.077271
0.993758, 0.111559

0.390707, -0.077306
0.993749, 0.111638

0.390917, -0.077341
0.993740, 0.111717

0.391128, -0.077376
0.993731, 0.111797

0.391338, -0.077411
0.993722, 0.111876

0.391549, -0.077447
0.993713, 0.111955

0.391759, -0.077482
0.993704, 0.112035

0.391970, -0.077517
0.993695, 0.112114

0.392180, -0.077552
0.993686, 0.112193

0.392390, -0.077587
0.993677, 0.112273

0.392601, -0.077623
0.993668, 0.112352

0.392811, -0.077658
0.993659, 0.112432

0.393021, -0.077693
0.993650, 0.112511

0.393231, -0.077728
0.993642, 0.112590

0.393442, -0.077763
0.993633, 0.112670

0.393652, -0.077798
0.993624, 0.112749

0.393862, -0.077834
0.993615, 0.112828

0.394072, -0.077869
0.993605, 0.112908

0.394282, -0.077904
0.993596, 0.112987

0.394492, -0.077939
0.993587, 0.113066

0.394702, -0.077974
0.993578, 0.113146

0.394912, -0.078009
0.993569, 0.113225

0.395122, -0.078044
0.993560, 0.113304

0.395332, -0.078079
0.993551, 0.113384

0.395542, -0.078115
0.993542, 0.113463

0.395752, -0.078150
0.993533, 0.113542

0.395962, -0.078185
0.993524, 0.113622

0.396172, -0.078220
0.993515, 0.113701

0.396382, -0.078255
0.993506, 0.113780

0.396591, -0.078290
0.993497, 0.113860

0.396801, -0.078325
0.993488, 0.113939

0.397011, -0.078360
0.993479, 0.114018

0.397221, -0.078395
0.993470, 0.114098

0.397430, -0.078430
0.993460, 0.114177

0.397640, -0.078465
0.993451, 0.114256

0.397850, -0.078500
0.993442, 0.114336

0.398059, -0.078535
0.993433, 0.114415

0.398269, -0.078570
0.993424, 0.114494

0.398479, -0.078606
0.993415, 0.114574

0.398688, -0.078641
0.993406, 0.114653

0.398898, -0.078676
0.993396, 0.114732

0.399107, -0.078711
0.993387, 0.114812

0.399317, -0.078746
0.993378, 0.114891

0.399526, -0.078781
0.993369, 0.114970

0.399735, -0.078816
0.993360, 0.115050

0.399945, -0.078851
0.993351, 0.115129

0.400154, -0.078886
0.993341, 0.115208

0.400364, -0.078921
0.993332, 0.115287

0.400573, -0.078956
0.993323, 0.115367

0.400782, -0.078991
0.993314, 0.115446

0.400991, -0.079025
0.993305, 0.115525

0.401201, -0.079060
0.993295, 0.115605

0.401410, -0.079095
0.993286, 0.115684

0.401619, -0.079130
0.993277, 0.115763

0.401828, -0.079165
0.993268, 0.115843

0.402037, -0.079200
0.993258, 0.115922

0.402246, -0.079235
0.993249, 0.116001

0.402456, -0.079270
0.993240, 0.116081

0.402665, -0.079305
0.993231, 0.116160

0.402874, -0.079340
0.993221, 0.116239

0.403083, -0.079375
0.993212, 0.116319

0.403292, -0.079410
0.993203, 0.116398

0.403501, -0.079445
0.993193, 0.116477

0.403709, -0.079480
0.993184, 0.116556

0.403918, -0.079515
0.993175, 0.116636

0.404127, -0.079549
0.993165, 0.116715

0.404336, -0.079584
0.993156, 0.116794

0.404545, -0.079619
0.993147, 0.116874

0.404754, -0.079654
0.993137, 0.116953

0.404963, -0.079689
0.993128, 0.117032

0.405171, -0.079724
0.993119, 0.117112

0.405380, -0.079759
0.993109, 0.117191

0.405589, -0.079794
0.993100, 0.117270

0.405797, -0.079828
0.993091, 0.117350

0.406006, -0.079863
0.993081, 0.117429

0.406215, -0.079898
0.993072, 0.117508

0.406423, -0.079933
0.993063, 0.117587

0.406632, -0.079968
0.993053, 0.117667

0.406840, -0.080003
0.993044, 0.117746

0.407049, -0.080037
0.993034, 0.117825

0.407257, -0.080072
0.993025, 0.117905

0.407466, -0.080107
0.993016, 0.117984

0.407674, -0.080142
0.993006, 0.118063

0.407883, -0.080177
0.992997, 0.118142

0.408091, -0.080211
0.992987, 0.118222

0.408300, -0.080246
0.992978, 0.118301

0.408508, -0.080281
0.992968, 0.118380

0.408716, -0.080316
0.992959, 0.118460

0.408925, -0.080351
0.992949, 0.118539

0.409133, -0.080385
0.992940, 0.118618

0.409341, -0.080420
0.992930, 0.118697

0.409549, -0.080455
0.992921, 0.118777

0.409758, -0.080490
0.992911, 0.118856

0.409966, -0.080524
0.992902, 0.118935

0.410174, -0.080559
0.992893, 0.119015

0.410382, -0.080594
0.992883, 0.119094

0.410590, -0.080629
0.992873, 0.119173

0.410798, -0.080663
0.992864, 0.119252

0.411006, -0.080698
0.992854, 0.119332

0.411214, -0.080733
0.992845, 0.119411

0.411422, -0.080768
0.992835, 0.119490

0.411630, -0.080802
0.992826, 0.119570

0.411838, -0.080837
0.992816, 0.119649

0.412046, -0.080872
0.992807, 0.119728

0.412254, -0.080906
0.992797, 0.119807

0.412462, -0.080941
0.992788, 0.119887

0.412670, -0.080976
0.992778, 0.119966

0.412878, -0.081010
0.992768, 0.120045

0.413086, -0.081045
0.992759, 0.120125

0.413293, -0.081080
0.992749, 0.120204

0.413501, -0.081115
0.992740, 0.120283

0.413709, -0.081149
0.992730, 0.120362

0.413917, -0.081184
0.992720, 0.120442

0.414124, -0.081219
0.992711, 0.120521

0.414332, -0.081253
0.992701, 0.120600

0.414540, -0.081288
0.992692, 0.120679

0.414747, -0.081322
0.992682, 0.120759

0.414955, -0.081357
0.992672, 0.120838

0.415163, -0.081392
0.992663, 0.120917

0.415370, -0.081426
0.992653, 0.120996

0.415578, -0.081461
0.992643, 0.121076

0.415785, -0.081496
0.992634, 0.121155

0.415993, -0.081530
0.992624, 0.121234

0.416200, -0.081565
0.992614, 0.121314

0.416407, -0.081599
0.992605, 0.121393

0.416615, -0.081634
0.992595, 0.121472

0.416822, -0.081669
0.992585, 0.121551

0.417030, -0.081703
0.992575, 0.121631

0.417237, -0.081738
0.992566, 0.121710

0.417444, -0.081772
0.992556, 0.121789

0.417652, -0.081807
0.992546, 0.121868

0.417859, -0.081842
0.992537, 0.121948

0.418066, -0.081876
0.992527, 0.122027

0.418273, -0.081911
0.992517, 0.122106

0.418481, -0.081945
0.992507, 0.122185

0.418688, -0.081980
0.992498, 0.122265

0.418895, -0.082014
0.992488, 0.122344

0.419102, -0.082049
0.992478, 0.122423

0.419309, -0.082083
0.992468, 0.122502

0.419516, -0.082118
0.992458, 0.122582

0.419723, -0.082152
0.992449, 0.122661

0.419930, -0.082187
0.992439, 0.122740

0.420137, -0.082222
0.992429, 0.122819

0.420344, -0.082256
0.992419, 0.122899

0.420551, -0.082291
0.992409, 0.122978

0.420758, -0.082325
0.992400, 0.123057

0.420965, -0.082360
0.992390, 0.123136

0.421172, -0.082394
0.992380, 0.123216

0.421379, -0.082429
0.992370, 0.123295

0.421586, -0.082463
0.992360, 0.123374

0.421793, -0.082498
0.992350, 0.123453

0.421999, -0.082532
0.992341, 0.123533

0.422206, -0.082566
0.992331, 0.123612

0.422413, -0.082601
0.992321, 0.123691

0.422620, -0.082635
0.992311, 0.123770

0.422826, -0.082670
0.992301, 0.123849

0.423033, -0.082704
0.992291, 0.123929

0.423240, -0.082739
0.992281, 0.124008

0.423446, -0.082773
0.992271, 0.124087

0.423653, -0.082808
0.992261, 0.124166

0.423860, -0.082842
0.992251, 0.124246

0.424066, -0.082877
0.992242, 0.124325

0.424273, -0.082911
0.992232, 0.124404

0.424479, -0.082945
0.992222, 0.124483

0.424686, -0.082980
0.992212, 0.124563

0.424892, -0.083014
0.992202, 0.124642

0.425099, -0.083049
0.992192, 0.124721

0.425305, -0.083083
0.992182, 0.124800

0.425511, -0.083117
0.992172, 0.124879

0.425718, -0.083152
0.992162, 0.124959

0.425924, -0.083186
0.992152, 0.125038

0.426131, -0.083221
0.992142, 0.125117

0.426337, -0.083255
0.992132, 0.125196

0.426543, -0.083289
0.992122, 0.125276

0.426749, -0.083324
0.992112, 0.125355

0.426956, -0.083358
0.992102, 0.125434

0.427162, -0.083393
0.992092, 0.125513

0.427368, -0.083427
0.992082, 0.125592

0.427574, -0.083461
0.992072, 0.125672

0.427781, -0.083496
0.992062, 0.125751

0.427987, -0.083530
0.992052, 0.125830

0.428193, -0.083564
0.992042, 0.125909

0.428399, -0.083599
0.992032, 0.125989

0.428605, -0.083633
0.992022, 0.126068

0.428811, -0.083667
0.992012, 0.126147

0.429017, -0.083702
0.992001, 0.126226

0.429223, -0.083736
0.991991, 0.126305

0.429429, -0.083770
0.991981, 0.126385

0.429635, -0.083805
0.991971, 0.126464

0.429841, -0.083839
0.991961, 0.126543

0.430047, -0.083873
0.991951, 0.126622

0.430253, -0.083907
0.991941, 0.126701

0.430459, -0.083942
0.991931, 0.126781

0.430664, -0.083976
0.991921, 0.126860

0.430870, -0.084010
0.991911, 0.126939

0.431076, -0.084045
0.991900, 0.127018

0.431282, -0.084079
0.991890, 0.127098

0.431488, -0.084113
0.991880, 0.127177

0.431693, -0.084147
0.991870, 0.127256

0.431899, -0.084182
0.991860, 0.127335

0.432105, -0.084216
0.991850, 0.127414

0.432310, -0.084250
0.991839, 0.127494

0.432516, -0.084284
0.991829, 0.127573

0.432722, -0.084319
0.991819, 0.127652

0.432927, -0.084353
0.991809, 0.127731

0.433133, -0.084387
0.991799, 0.127810

0.433338, -0.084421
0.991788, 0.127889

0.433544, -0.084456
0.991778, 0.127969

0.433750, -0.084490
0.991768, 0.128048

0.433955, -0.084524
0.991758, 0.128127

0.434161, -0.084558
0.991748, 0.128206

0.434366, -0.084593
0.991737, 0.128285

0.434571, -0.084627
0.991727, 0.128365

0.434777, -0.084661
0.991717, 0.128444

0.434982, -0.084695
0.991707, 0.128523

0.435188, -0.084729
0.991696, 0.128602

0.435393, -0.084764
0.991686, 0.128681

0.435598, -0.084798
0.991676, 0.128761

0.435804, -0.084832
0.991665, 0.128840

0.436009, -0.084866
0.991655, 0.128919

0.436214, -0.084900
0.991645, 0.128998

0.436419, -0.084934
0.991635, 0.129077

0.436625, -0.084969
0.991624, 0.129157

0.436830, -0.085003
0.991614, 0.129236

0.437035, -0.085037
0.991604, 0.129315

0.437240, -0.085071
0.991593, 0.129394

0.437445, -0.085105
0.991583, 0.129473

0.437650, -0.085139
0.991573, 0.129552

0.437855, -0.085173
0.991562, 0.129632

0.438060, -0.085208
0.991552, 0.129711

0.438265, -0.085242
0.991542, 0.129790

0.438470, -0.085276
0.991531, 0.129869

0.438675, -0.085310
0.991521, 0.129948

0.438880, -0.085344
0.991510, 0.130027

0.439085, -0.085378
0.991500, 0.130107

0.439290, -0.085412
0.991490, 0.130186

0.439495, -0.085446
0.991479, 0.130265

0.439700, -0.085481
0.991469, 0.130344

0.439905, -0.085515
0.991458, 0.130423

0.440110, -0.085549
0.991448, 0.130502

0.440315, -0.085583
0.991438, 0.130582

0.440520, -0.085617
0.991427, 0.130661

0.440724, -0.085651
0.991417, 0.130740

0.440929, -0.085685
0.991406, 0.130819

0.441134, -0.085719
0.991396, 0.130898

0.441339, -0.085753
0.991385, 0.130977

0.441543, -0.085787
0.991375, 0.131057

0.441748, -0.085821
0.991364, 0.131136

0.441953, -0.085855
0.991354, 0.131215

0.442157, -0.085889
0.991343, 0.131294

0.442362, -0.085923
0.991333, 0.131373

0.442566, -0.085957
0.991322, 0.131452

0.442771, -0.085992
0.991312, 0.131532

0.442976, -0.086026
0.991301, 0.131611

0.443180, -0.086060
0.991291, 0.131690

0.443385, -0.086094
0.991280, 0.131769

0.443589, -0.086128
0.991270, 0.131848

0.443794, -0.086162
0.991259, 0.131927

0.443998, -0.086196
0.991249, 0.132007

0.444202, -0.086230
0.991238, 0.132086

0.444407, -0.086264
0.991228, 0.132165

0.444611, -0.086298
0.991217, 0.132244

0.444816, -0.086332
0.991207, 0.132323

0.445020, -0.086366
0.991196, 0.132402

0.445224, -0.086400
0.991185, 0.132481

0.445429, -0.086434
0.991175, 0.132561

0.445633, -0.086468
0.991164, 0.132640

0.445837, -0.086502
0.991154, 0.132719

0.446041, -0.086536
0.991143, 0.132798

0.446246, -0.086570
0.991133, 0.132877

0.446450, -0.086603
0.991122, 0.132956

0.446654, -0.086637
0.991111, 0.133035

0.446858, -0.086671
0.991101, 0.133115

0.447062, -0.086705
0.991090, 0.133194

0.447266, -0.086739
0.991079, 0.133273

0.447470, -0.086773
0.991069, 0.133352

0.447675, -0.086807
0.991058, 0.133431

0.447879, -0.086841
0.991047, 0.133510

0.448083, -0.086875
0.991037, 0.133589

0.448287, -0.086909
0.991026, 0.133669

0.448491, -0.086943
0.991015, 0.133748

0.448695, -0.086977
0.991005, 0.133827

0.448899, -0.087011
0.990994, 0.133906

0.449103, -0.087045
0.990983, 0.133985

0.449306, -0.087079
0.990973, 0.134064

0.449510, -0.087112
0.990962, 0.134143

0.449714, -0.087146
0.990951, 0.134222

0.449918, -0.087180
0.990941, 0.134302

0.450122, -0.087214
0.990930, 0.134381

0.450326, -0.087248
0.990919, 0.134460

0.450529, -0.087282
0.990908, 0.134539

0.450733, -0.087316
0.990898, 0.134618

0.450937, -0.087350
0.990887, 0.134697

0.451141, -0.087384
0.990876, 0.134776

0.451344, -0.087417
0.990865, 0.134855

0.451548, -0.087451
0.990855, 0.134935

0.451752, -0.087485
0.990844, 0.135014

0.451955, -0.087519
0.990833, 0.135093

0.452159, -0.087553
0.990822, 0.135172

0.452363, -0.087587
0.990811, 0.135251

0.452566, -0.087620
0.990801, 0.135330

0.452770, -0.087654
0.990790, 0.135409

0.452973, -0.087688
0.990779, 0.135488

0.453177, -0.087722
0.990768, 0.135568

0.453380, -0.087756
0.990757, 0.135647

0.453584, -0.087790
0.990746, 0.135726

0.453787, -0.087823
0.990736, 0.135805

0.453991, -0.087857
0.990725, 0.135884

0.454194, -0.087891
0.990714, 0.135963

0.454398, -0.087925
0.990703, 0.136042

0.454601, -0.087959
0.990692, 0.136121

0.454804, -0.087992
0.990681, 0.136200

0.455008, -0.088026
0.990670, 0.136280

0.455211, -0.088060
0.990660, 0.136359

0.455414, -0.088094
0.990649, 0.136438

0.455618, -0.088128
0.990638, 0.136517

0.455821, -0.088161
0.990627, 0.136596

0.456024, -0.088195
0.990616, 0.136675

0.456227, -0.088229
0.990605, 0.136754

0.456431, -0.088263
0.990594, 0.136833

0.456634, -0.088297
0.990583, 0.136912

0.456837, -0.088330
0.990572, 0.136991

0.457040, -0.088364
0.990561, 0.137071

0.457243, -0.088398
0.990550, 0.137150

0.457446, -0.088432
0.990539, 0.137229

0.457649, -0.088465
0.990528, 0.137308

0.457853, -0.088499
0.990517, 0.137387

0.458056, -0.088533
0.990506, 0.137466

0.458259, -0.088566
0.990496, 0.137545

0.458462, -0.088600
0.990485, 0.137624

0.458665, -0.088634
0.990474, 0.137703

0.458868, -0.088668
0.990463, 0.137782

0.459071, -0.088701
0.990452, 0.137861

0.459273, -0.088735
0.990441, 0.137941

0.459476, -0.088769
0.990429, 0.138020

0.459679, -0.088802
0.990418, 0.138099

0.459882, -0.088836
0.990407, 0.138178

0.460085, -0.088870
0.990396, 0.138257

0.460288, -0.088904
0.990385, 0.138336

0.460491, -0.088937
0.990374, 0.138415

0.460693, -0.088971
0.990363, 0.138494

0.460896, -0.089005
0.990352, 0.138573

0.461099, -0.089038
0.990341, 0.138652

0.461302, -0.089072
0.990330, 0.138731

0.461504, -0.089106
0.990319, 0.138810

0.461707, -0.089139
0.990308, 0.138890

0.461910, -0.089173
0.990297, 0.138969

0.462113, -0.089207
0.990286, 0.139048

0.462315, -0.089240
0.990275, 0.139127

0.462518, -0.089274
0.990263, 0.139206

0.462720, -0.089308
0.990252, 0.139285

0.462923, -0.089341
0.990241, 0.139364

0.463126, -0.089375
0.990230, 0.139443

0.463328, -0.089409
0.990219, 0.139522

0.463531, -0.089442
0.990208, 0.139601

0.463733, -0.089476
0.990197, 0.139680

0.463936, -0.089509
0.990186, 0.139759

0.464138, -0.089543
0.990174, 0.139838

0.464341, -0.089577
0.990163, 0.139917

0.464543, -0.089610
0.990152, 0.139997

0.464745, -0.089644
0.990141, 0.140076

0.464948, -0.089677
0.990130, 0.140155

0.465150, -0.089711
0.990118, 0.140234

0.465353, -0.089745
0.990107, 0.140313

0.465555, -0.089778
0.990096, 0.140392

0.465757, -0.089812
0.990085, 0.140471

0.465959, -0.089845
0.990074, 0.140550

0.466162, -0.089879
0.990062, 0.140629

0.466364, -0.089913
0.990051, 0.140708

0.466566, -0.089946
0.990040, 0.140787

0.466768, -0.089980
0.990029, 0.140866

0.466971, -0.090013
0.990017, 0.140945

0.467173, -0.090047
0.990006, 0.141024

0.467375, -0.090080
0.989995, 0.141103

0.467577, -0.090114
0.989984, 0.141182

0.467779, -0.090148
0.989972, 0.141261

0.467981, -0.090181
0.989961, 0.141340

0.468183, -0.090215
0.989950, 0.141420

0.468386, -0.090248
0.989938, 0.141499

0.468588, -0.090282
0.989927, 0.141578

0.468790, -0.090315
0.989916, 0.141657

0.468992, -0.090349
0.989905, 0.141736

0.469194, -0.090382
0.989893, 0.141815

0.469396, -0.090416
0.989882, 0.141894

0.469598, -0.090449
0.989871, 0.141973

0.469800, -0.090483
0.989859, 0.142052

0.470001, -0.090516
0.989848, 0.142131

0.470203, -0.090550
0.989837, 0.142210

0.470405, -0.090583
0.989825, 0.142289

0.470607, -0.090617
0.989814, 0.142368

0.470809, -0.090650
0.989802, 0.142447

0.471011, -0.090684
0.989791, 0.142526

0.471213, -0.090717
0.989780, 0.142605

0.471414, -0.090751
0.989768, 0.142684

0.471616, -0.090784
0.989757, 0.142763

0.471818, -0.090818
0.989745, 0.142842

0.472020, -0.090851
0.989734, 0.142921

0.472221, -0.090885
0.989723, 0.143000

0.472423, -0.090918
0.989711, 0.143079

0.472625, -0.090952
0.989700, 0.143158

0.472826, -0.090985
0.989688, 0.143237

0.473028, -0.091019
0.989677, 0.143316

0.473230, -0.091052
0.989665, 0.143395

0.473431, -0.091086
0.989654, 0.143475

0.473633, -0.091119
0.989643, 0.143554

0.473834, -0.091152
0.989631, 0.143633

0.474036, -0.091186
0.989620, 0.143712

0.474238, -0.091219
0.989608, 0.143791

0.474439, -0.091253
0.989597, 0.143870

0.474641, -0.091286
0.989585, 0.143949

0.474842, -0.091320
0.989574, 0.144028

0.475044, -0.091353
0.989562, 0.144107

0.475245, -0.091386
0.989551, 0.144186

0.475446, -0.091420
0.989539, 0.144265

0.475648, -0.091453
0.989528, 0.144344

0.475849, -0.091487
0.989516, 0.144423

0.476051, -0.091520
0.989505, 0.144502

0.476252, -0.091553
0.989493, 0.144581

0.476453, -0.091587
0.989481, 0.144660

0.476655, -0.091620
0.989470, 0.144739

0.476856, -0.091654
0.989458, 0.144818

0.477057, -0.091687
0.989447, 0.144897

0.477258, -0.091720
0.989435, 0.144976

0.477460, -0.091754
0.989424, 0.145055

0.477661, -0.091787
0.989412, 0.145134

0.477862, -0.091820
0.989400, 0.145213

0.478063, -0.091854
0.989389, 0.145292

0.478264, -0.091887
0.989377, 0.145371

0.478466, -0.091921
0.989366, 0.145450

0.478667, -0.091954
0.989354, 0.145529

0.478868, -0.091987
0.989342, 0.145608

0.479069, -0.092021
0.989331, 0.145687

0.479270, -0.092054
0.989319, 0.145766

0.479471, -0.092087
0.989307, 0.145845

0.479672, -0.092121
0.989296, 0.145924

0.479873, -0.092154
0.989284, 0.146003

0.480074, -0.092187
0.989273, 0.146082

0.480275, -0.092221
0.989261, 0.146161

0.480476, -0.092254
0.989249, 0.146240

0.480677, -0.092287
0.989237, 0.146319

0.480878, -0.092321
0.989226, 0.146398

0.481079, -0.092354
0.989214, 0.146477

0.481280, -0.092387
0.989202, 0.146556

0.481481, -0.092421
0.989191, 0.146635

0.481682, -0.092454
0.989179, 0.146714

0.481882, -0.092487
0.989167, 0.146793

0.482083, -0.092520
0.989156, 0.146872

0.482284, -0.092554
0.989144, 0.146951

0.482485, -0.092587
0.989132, 0.147030

0.482686, -0.092620
0.989120, 0.147109

0.482886, -0.092654
0.989109, 0.147188

0.483087, -0.092687
0.989097, 0.147267

0.483288, -0.092720
0.989085, 0.147346

0.483489, -0.092753
0.989073, 0.147425

0.483689, -0.092787
0.989062, 0.147504

0.483890, -0.092820
0.989050, 0.147583

0.484091, -0.092853
0.989038, 0.147662

0.484291, -0.092886
0.989026, 0.147740

0.484492, -0.092920
0.989014, 0.147819

0.484692, -0.092953
0.989003, 0.147898

0.484893, -0.092986
0.988991, 0.147977

0.485094, -0.093019
0.988979, 0.148056

0.485294, -0.093053
0.988967, 0.148135

0.485495, -0.093086
0.988955, 0.148214

0.485695, -0.093119
0.988943, 0.148293

0.485896, -0.093152
0.988932, 0.148372

0.486096, -0.093186
0.988920, 0.148451

0.486297, -0.093219
0.988908, 0.148530

0.486497, -0.093252
0.988896, 0.148609

0.486698, -0.093285
0.988884, 0.148688

0.486898, -0.093319
0.988872, 0.148767

0.487098, -0.093352
0.988860, 0.148846

0.487299, -0.093385
0.988848, 0.148925

0.487499, -0.093418
0.988837, 0.149004

0.487699, -0.093451
0.988825, 0.149083

0.487900, -0.093485
0.988813, 0.149162

0.488100, -0.093518
0.988801, 0.149241

0.488300, -0.093551
0.988789, 0.149320

0.488501, -0.093584
0.988777, 0.149399

0.488701, -0.093617
0.988765, 0.149478

0.488901, -0.093650
0.988753, 0.149557

0.489101, -0.093684
0.988741, 0.149636

0.489302, -0.093717
0.988729, 0.149715

0.489502, -0.093750
0.988717, 0.149794

0.489702, -0.093783
0.988705, 0.149872

0.489902, -0.093816
0.988693, 0.149951

0.490102, -0.093849
0.988681, 0.150030

0.490302, -0.093883
0.988669, 0.150109

0.490502, -0.093916
0.988657, 0.150188

0.490702, -0.093949
0.988645, 0.150267

0.490903, -0.093982
0.988633, 0.150346

0.491103, -0.094015
0.988621, 0.150425

0.491303, -0.094048
0.988609, 0.150504

0.491503, -0.094081
0.988597, 0.150583

0.491703, -0.094115
0.988585, 0.150662

0.491903, -0.094148
0.988573, 0.150741

0.492103, -0.094181
0.988561, 0.150820

0.492303, -0.094214
0.988549, 0.150899

0.492502, -0.094247
0.988537, 0.150978

0.492702, -0.094280
0.988525, 0.151057

0.492902, -0.094313
0.988513, 0.151136

0.493102, -0.094346
0.988501, 0.151214

0.493302, -0.094380
0.988489, 0.151293

0.493502, -0.094413
0.988477, 0.151372

0.493702, -0.094446
0.988465, 0.151451

0.493901, -0.094479
0.988453, 0.151530

0.494101, -0.094512
0.988441, 0.151609

0.494301, -0.094545
0.988428, 0.151688

0.494501, -0.094578
0.988416, 0.151767

0.494701, -0.094611
0.988404, 0.151846

0.494900, -0.094644
0.988392, 0.151925

0.495100, -0.094677
0.988380, 0.152004

0.495300, -0.094710
0.988368, 0.152083

0.495499, -0.094743
0.988356, 0.152162

0.495699, -0.094777
0.988343, 0.152241

0.495899, -0.094810
0.988331, 0.152319

0.496098, -0.094843
0.988319, 0.152398

0.496298, -0.094876
0.988307, 0.152477

0.496497, -0.094909
0.988295, 0.152556

0.496697, -0.094942
0.988283, 0.152635

0.496897, -0.094975
0.988270, 0.152714

0.497096, -0.095008
0.988258, 0.152793

0.497296, -0.095041
0.988246, 0.152872

0.497495, -0.095074
0.988234, 0.152951

0.497695, -0.095107
0.988222, 0.153030

0.497894, -0.095140
0.988209, 0.153109

0.498094, -0.095173
0.988197, 0.153187

0.498293, -0.095206
0.988185, 0.153266

0.498493, -0.095239
0.988173, 0.153345

0.498692, -0.095272
0.988160, 0.153424

0.498891, -0.095305
0.988148, 0.153503

0.499091, -0.095338
0.988136, 0.153582

0.499290, -0.095371
0.988124, 0.153661

0.499489, -0.095404
0.988111, 0.153740

0.499689, -0.095437
0.988099, 0.153819

0.499888, -0.095470
0.988087, 0.153898

0.500087, -0.095503
0.988075, 0.153977

0.500287, -0.095536
0.988062, 0.154055

0.500486, -0.095569
0.988050, 0.154134

0.500685, -0.095602
0.988038, 0.154213

0.500884, -0.095635
0.988025, 0.154292

0.501084, -0.095668
0.988013, 0.154371

0.501283, -0.095701
0.988001, 0.154450

0.501482, -0.095734
0.987988, 0.154529

0.501681, -0.095767
0.987976, 0.154608

0.501880, -0.095800
0.987964, 0.154687

0.502079, -0.095833
0.987951, 0.154765

0.502278, -0.095866
0.987939, 0.154844

0.502478, -0.095899
0.987927, 0.154923

0.502677, -0.095932
0.987914, 0.155002

0.502876, -0.095965
0.987902, 0.155081

0.503075, -0.095998
0.987889, 0.155160

0.503274, -0.096031
0.987877, 0.155239

0.503473, -0.096064
0.987865, 0.155318

0.503672, -0.096096
0.987852, 0.155397

0.503871, -0.096129
0.987840, 0.155475

0.504070, -0.096162
0.987827, 0.155554

0.504269, -0.096195
0.987815, 0.155633

0.504468, -0.096228
0.987802, 0.155712

0.504667, -0.096261
0.987790, 0.155791

0.504865, -0.096294
0.987778, 0.155870

0.505064, -0.096327
0.987765, 0.155949

0.505263, -0.096360
0.987753, 0.156028

0.505462, -0.096393
0.987740, 0.156106

0.505661, -0.096426
0.987728, 0.156185

0.505860, -0.096459
0.987715, 0.156264

0.506059, -0.096491
0.987703, 0.156343

0.506257, -0.096524
0.987690, 0.156422

0.506456, -0.096557
0.987678, 0.156501

0.506655, -0.096590
0.987665, 0.156580

0.506854, -0.096623
0.987653, 0.156659

0.507052, -0.096656
0.987640, 0.156737

0.507251, -0.096689
0.987628, 0.156816

0.507450, -0.096722
0.987615, 0.156895

0.507648, -0.096754
0.987603, 0.156974

0.507847, -0.096787
0.987590, 0.157053

0.508046, -0.096820
0.987578, 0.157132

0.508244, -0.096853
0.987565, 0.157211

0.508443, -0.096886
0.987553, 0.157289

0.508642, -0.096919
0.987540, 0.157368

0.508840, -0.096952
0.987527, 0.157447

0.509039, -0.096984
0.987515, 0.157526

0.509237, -0.097017
0.987502, 0.157605

0.509436, -0.097050
0.987490, 0.157684

0.509634, -0.097083
0.987477, 0.157763

0.509833, -0.097116
0.987464, 0.157841

0.510031, -0.097149
0.987452, 0.157920

0.510230, -0.097181
0.987439, 0.157999

0.510428, -0.097214
0.987427, 0.158078

0.510627, -0.097247
0.987414, 0.158157

0.510825, -0.097280
0.987401, 0.158236

0.511024, -0.097313
0.987389, 0.158314

0.511222, -0.097346
0.987376, 0.158393

0.511420, -0.097378
0.987363, 0.158472

0.511619, -0.097411
0.987351, 0.158551

0.511817, -0.097444
0.987338, 0.158630

0.512015, -0.097477
0.987325, 0.158709

0.512214, -0.097510
0.987313, 0.158787

0.512412, -0.097542
0.987300, 0.158866

0.512610, -0.097575
0.987287, 0.158945

0.512809, -0.097608
0.987275, 0.159024

0.513007, -0.097641
0.987262, 0.159103

0.513205, -0.097674
0.987249, 0.159182

0.513403, -0.097706
0.987237, 0.159261

0.513601, -0.097739
0.987224, 0.159339

0.513800, -0.097772
0.987211, 0.159418

0.513998, -0.097805
0.987198, 0.159497

0.514196, -0.097837
0.987186, 0.159576

0.514394, -0.097870
0.987173, 0.159655

0.514592, -0.097903
0.987160, 0.159733

0.514790, -0.097936
0.987147, 0.159812

0.514988, -0.097968
0.987135, 0.159891

0.515187, -0.098001
0.987122, 0.159970

0.515385, -0.098034
0.987109, 0.160049

0.515583, -0.098067
0.987096, 0.160128

0.515781, -0.098099
0.987084, 0.160206

0.515979, -0.098132
0.987071, 0.160285

0.516177, -0.098165
0.987058, 0.160364

0.516375, -0.098198
0.987045, 0.160443

0.516573, -0.098230
0.987032, 0.160522

0.516771, -0.098263
0.987019, 0.160600

0.516969, -0.098296
0.987007, 0.160679

0.517166, -0.098329
0.986994, 0.160758

0.517364, -0.098361
0.986981, 0.160837

0.517562, -0.098394
0.986968, 0.160916

0.517760, -0.098427
0.986955, 0.160995

0.517958, -0.098459
0.986942, 0.161073

0.518156, -0.098492
0.986930, 0.161152

0.518354, -0.098525
0.986917, 0.161231

0.518552, -0.098558
0.986904, 0.161310

0.518749, -0.098590
0.986891, 0.161389

0.518947, -0.098623
0.986878, 0.161467

0.519145, -0.098656
0.986865, 0.161546

0.519343, -0.098688
0.986852, 0.161625

0.519540, -0.098721
0.986839, 0.161704

0.519738, -0.098754
0.986826, 0.161783

0.519936, -0.098786
0.986814, 0.161861

0.520134, -0.098819
0.986801, 0.161940

0.520331, -0.098852
0.986788, 0.162019

0.520529, -0.098884
0.986775, 0.162098

0.520727, -0.098917
0.986762, 0.162177

0.520924, -0.098950
0.986749, 0.162255

0.521122, -0.098982
0.986736, 0.162334

0.521319, -0.099015
0.986723, 0.162413

0.521517, -0.099048
0.986710, 0.162492

0.521715, -0.099080
0.986697, 0.162571

0.521912, -0.099113
0.986684, 0.162649

0.522110, -0.099146
0.986671, 0.162728

0.522307, -0.099178
0.986658, 0.162807

0.522505, -0.099211
0.986645, 0.162886

0.522702, -0.099244
0.986632, 0.162964

0.522900, -0.099276
0.986619, 0.163043

0.523097, -0.099309
0.986606, 0.163122

0.523295, -0.099341
0.986593, 0.163201

0.523492, -0.099374
0.986580, 0.163280

0.523689, -0.099407
0.986567, 0.163358

0.523887, -0.099439
0.986554, 0.163437

0.524084, -0.099472
0.986541, 0.163516

0.524282, -0.099505
0.986528, 0.163595

0.524479, -0.099537
0.986515, 0.163673

0.524676, -0.099570
0.986501, 0.163752

0.524874, -0.099602
0.986488, 0.163831

0.525071, -0.099635
0.986475, 0.163910

0.525268, -0.099668
0.986462, 0.163989

0.525466, -0.099700
0.986449, 0.164067

0.525663, -0.099733
0.986436, 0.164146

0.525860, -0.099765
0.986423, 0.164225

0.526057, -0.099798
0.986410, 0.164304

0.526255, -0.099831
0.986397, 0.164382

0.526452, -0.099863
0.986384, 0.164461

0.526649, -0.099896
0.986370, 0.164540

0.526846, -0.099928
0.986357, 0.164619

0.527043, -0.099961
0.986344, 0.164697

0.527241, -0.099993
0.986331, 0.164776

0.527438, -0.100026
0.986318, 0.164855

0.527635, -0.100059
0.986305, 0.164934

0.527832, -0.100091
0.986291, 0.165012

0.528029, -0.100124
0.986278, 0.165091

0.528226, -0.100156
0.986265, 0.165170

0.528423, -0.100189
0.986252, 0.165249

0.528620, -0.100221
0.986239, 0.165328

0.528817, -0.100254
0.986226, 0.165406

0.529014, -0.100286
0.986212, 0.165485

0.529211, -0.100319
0.986199, 0.165564

0.529408, -0.100351
0.986186, 0.165643

0.529605, -0.100384
0.986173, 0.165721

0.529802, -0.100417
0.986159, 0.165800

0.529999, -0.100449
0.986146, 0.165879

0.530196, -0.100482
0.986133, 0.165957

0.530393, -0.100514
0.986120, 0.166036

0.530590, -0.100547
0.986106, 0.166115

0.530787, -0.100579
0.986093, 0.166194

0.530984, -0.100612
0.986080, 0.166272

0.531181, -0.100644
0.986067, 0.166351

0.531377, -0.100677
0.986053, 0.166430

0.531574, -0.100709
0.986040, 0.166509

0.531771, -0.100742
0.986027, 0.166587

0.531968, -0.100774
0.986013, 0.166666

0.532165, -0.100807
0.986000, 0.166745

0.532361, -0.100839
0.985987, 0.166824

0.532558, -0.100872
0.985973, 0.166902

0.532755, -0.100904
0.985960, 0.166981

0.532952, -0.100937
0.985947, 0.167060

0.533148, -0.100969
0.985933, 0.167139

0.533345, -0.101002
0.985920, 0.167217

0.533542, -0.101034
0.985907, 0.167296

0.533739, -0.101067
0.985893, 0.167375

0.533935, -0.101099
0.985880, 0.167453

0.534132, -0.101131
0.985867, 0.167532

0.534328, -0.101164
0.985853, 0.167611

0.534525, -0.101196
0.985840, 0.167690

0.534722, -0.101229
0.985826, 0.167768

0.534918, -0.101261
0.985813, 0.167847

0.535115, -0.101294
0.985800, 0.167926

0.535311, -0.101326
0.985786, 0.168004

0.535508, -0.101359
0.985773, 0.168083

0.535704, -0.101391
0.985759, 0.168162

0.535901, -0.101424
0.985746, 0.168241

0.536097, -0.101456
0.985733, 0.168319

0.536294, -0.101488
0.985719, 0.168398

0.536490, -0.101521
0.985706, 0.168477

0.536687, -0.101553
0.985692, 0.168555

0.536883, -0.101586
0.985679, 0.168634

0.537080, -0.101618
0.985665, 0.168713

0.537276, -0.101651
0.985652, 0.168792

0.537473, -0.101683
0.985638, 0.168870

0.537669, -0.101715
0.985625, 0.168949

0.537865, -0.101748
0.985611, 0.169028

0.538062, -0.101780
0.985598, 0.169106

0.538258, -0.101813
0.985584, 0.169185

0.538454, -0.101845
0.985571, 0.169264

0.538651, -0.101877
0.985557, 0.169342

0.538847, -0.101910
0.985544, 0.169421

0.539043, -0.101942
0.985530, 0.169500

0.539240, -0.101975
0.985517, 0.169579

0.539436, -0.102007
0.985503, 0.169657

0.539632, -0.102039
0.985490, 0.169736

0.539828, -0.102072
0.985476, 0.169815

0.540025, -0.102104
0.985462, 0.169893

0.540221, -0.102137
0.985449, 0.169972

0.540417, -0.102169
0.985435, 0.170051

0.540613, -0.102201
0.985422, 0.170129

0.540809, -0.102234
0.985408, 0.170208

0.541005, -0.102266
0.985395, 0.170287

0.541202, -0.102298
0.985381, 0.170365

0.541398, -0.102331
0.985367, 0.170444

0.541594, -0.102363
0.985354, 0.170523

0.541790, -0.102396
0.985340, 0.170602

0.541986, -0.102428
0.985326, 0.170680

0.542182, -0.102460
0.985313, 0.170759

0.542378, -0.102493
0.985299, 0.170838

0.542574, -0.102525
0.985286, 0.170916

0.542770, -0.102557
0.985272, 0.170995

0.542966, -0.102590
0.985258, 0.171074

0.543162, -0.102622
0.985245, 0.171152

0.543358, -0.102654
0.985231, 0.171231

0.543554, -0.102687
0.985217, 0.171310

0.543750, -0.102719
0.985204, 0.171388

0.543946, -0.102751
0.985190, 0.171467

0.544142, -0.102784
0.985176, 0.171546

0.544338, -0.102816
0.985162, 0.171624

0.544534, -0.102848
0.985149, 0.171703

0.544730, -0.102881
0.985135, 0.171782

0.544925, -0.102913
0.985121, 0.171860

0.545121, -0.102945
0.985108, 0.171939

0.545317, -0.102977
0.985094, 0.172018

0.545513, -0.103010
0.985080, 0.172096

0.545709, -0.103042
0.985066, 0.172175

0.545905, -0.103074
0.985053, 0.172254

0.546100, -0.103107
0.985039, 0.172332

0.546296, -0.103139
0.985025, 0.172411

0.546492, -0.103171
0.985011, 0.172490

0.546688, -0.103204
0.984998, 0.172568

0.546883, -0.103236
0.984984, 0.172647

0.547079, -0.103268
0.984970, 0.172725

0.547275, -0.103300
0.984956, 0.172804

0.547470, -0.103333
0.984942, 0.172883

0.547666, -0.103365
0.984929, 0.172961

0.547862, -0.103397
0.984915, 0.173040

0.548057, -0.103430
0.984901, 0.173119

0.548253, -0.103462
0.984887, 0.173197

0.548449, -0.103494
0.984873, 0.173276

0.548644, -0.103526
0.984859, 0.173355

0.548840, -0.103559
0.984846, 0.173433

0.549035, -0.103591
0.984832, 0.173512

0.549231, -0.103623
0.984818, 0.173591

0.549427, -0.103655
0.984804, 0.173669

0.549622, -0.103688
0.984790, 0.173748

0.549818, -0.103720
0.984776, 0.173826

0.550013, -0.103752
0.984762, 0.173905

0.550209, -0.103784
0.984749, 0.173984

0.550404, -0.103817
0.984735, 0.174062

0.550600, -0.103849
0.984721, 0.174141

0.550795, -0.103881
0.984707, 0.174220

0.550991, -0.103913
0.984693, 0.174298

0.551186, -0.103945
0.984679, 0.174377

0.551381, -0.103978
0.984665, 0.174456

0.551577, -0.104010
0.984651, 0.174534

0.551772, -0.104042
0.984637, 0.174613

0.551968, -0.104074
0.984623, 0.174691

0.552163, -0.104107
0.984609, 0.174770

0.552358, -0.104139
0.984595, 0.174849

0.552554, -0.104171
0.984581, 0.174927

0.552749, -0.104203
0.984567, 0.175006

0.552944, -0.104235
0.984553, 0.175085

0.553140, -0.104268
0.984539, 0.175163

0.553335, -0.104300
0.984525, 0.175242

0.553530, -0.104332
0.984511, 0.175320

0.553725, -0.104364
0.984497, 0.175399

0.553921, -0.104396
0.984483, 0.175478

0.554116, -0.104429
0.984469, 0.175556

0.554311, -0.104461
0.984455, 0.175635

0.554506, -0.104493
0.984441, 0.175713

0.554701, -0.104525
0.984427, 0.175792

0.554897, -0.104557
0.984413, 0.175871

0.555092, -0.104589
0.984399, 0.175949

0.555287, -0.104622
0.984385, 0.176028

0.555482, -0.104654
0.984371, 0.176106

0.555677, -0.104686
0.984357, 0.176185

0.555872, -0.104718
0.984343, 0.176264

0.556067, -0.104750
0.984329, 0.176342

0.556262, -0.104782
0.984315, 0.176421

0.556458, -0.104815
0.984301, 0.176499

0.556653, -0.104847
0.984287, 0.176578

0.556848, -0.104879
0.984273, 0.176657

0.557043, -0.104911
0.984258, 0.176735

0.557238, -0.104943
0.984244, 0.176814

0.557433, -0.104975
0.984230, 0.176892

0.557628, -0.105007
0.984216, 0.176971

0.557823, -0.105040
0.984202, 0.177050

0.558018, -0.105072
0.984188, 0.177128

0.558213, -0.105104
0.984174, 0.177207

0.558407, -0.105136
0.984159, 0.177285

0.558602, -0.105168
0.984145, 0.177364

0.558797, -0.105200
0.984131, 0.177443

0.558992, -0.105232
0.984117, 0.177521

0.559187, -0.105264
0.984103, 0.177600

0.559382, -0.105297
0.984089, 0.177678

0.559577, -0.105329
0.984074, 0.177757

0.559772, -0.105361
0.984060, 0.177835

0.559966, -0.105393
0.984046, 0.177914

0.560161, -0.105425
0.984032, 0.177993

0.560356, -0.105457
0.984018, 0.178071

0.560551, -0.105489
0.984003, 0.178150

0.560746, -0.105521
0.983989, 0.178228

0.560940, -0.105553
0.983975, 0.178307

0.561135, -0.105585
0.983961, 0.178385

0.561330, -0.105618
0.983946, 0.178464

0.561525, -0.105650
0.983932, 0.178543

0.561719, -0.105682
0.983918, 0.178621

0.561914, -0.105714
0.983904, 0.178700

0.562109, -0.105746
0.983889, 0.178778

0.562303, -0.105778
0.983875, 0.178857

0.562498, -0.105810
0.983861, 0.178935

0.562693, -0.105842
0.983847, 0.179014

0.562887, -0.105874
0.983832, 0.179093

0.563082, -0.105906
0.983818, 0.179171

0.563277, -0.105938
0.983804, 0.179250

0.563471, -0.105970
0.983789, 0.179328

0.563666, -0.106002
0.983775, 0.179407

0.563860, -0.106034
0.983761, 0.179485

0.564055, -0.106067
0.983746, 0.179564

0.564249, -0.106099
0.983732, 0.179642

0.564444, -0.106131
0.983718, 0.179721

0.564639, -0.106163
0.983703, 0.179800

0.564833, -0.106195
0.983689, 0.179878

0.565028, -0.106227
0.983675, 0.179957

0.565222, -0.106259
0.983660, 0.180035

0.565416, -0.106291
0.983646, 0.180114

0.565611, -0.106323
0.983631, 0.180192

0.565805, -0.106355
0.983617, 0.180271

0.566000, -0.106387
0.983603, 0.180349

0.566194, -0.106419
0.983588, 0.180428

0.566389, -0.106451
0.983574, 0.180506

0.566583, -0.106483
0.983559, 0.180585

0.566777, -0.106515
0.983545, 0.180664

0.566972, -0.106547
0.983531, 0.180742

0.567166, -0.106579
0.983516, 0.180821

0.567360, -0.106611
0.983502, 0.180899

0.567555, -0.106643
0.983487, 0.180978

0.567749, -0.106675
0.983473, 0.181056

0.567943, -0.106707
0.983458, 0.181135

0.568138, -0.106739
0.983444, 0.181213

0.568332, -0.106771
0.983429, 0.181292

0.568526, -0.106803
0.983415, 0.181370

0.568721, -0.106835
0.983400, 0.181449

0.568915, -0.106867
0.983386, 0.181527

0.569109, -0.106899
0.983371, 0.181606

0.569303, -0.106931
0.983357, 0.181684

0.569497, -0.106963
0.983342, 0.181763

0.569692, -0.106995
0.983328, 0.181841

0.569886, -0.107027
0.983313, 0.181920

0.570080, -0.107059
0.983299, 0.181998

0.570274, -0.107091
0.983284, 0.182077

0.570468, -0.107123
0.983270, 0.182156

0.570662, -0.107155
0.983255, 0.182234

0.570856, -0.107187
0.983241, 0.182313

0.571051, -0.107219
0.983226, 0.182391

0.571245, -0.107251
0.983212, 0.182470

0.571439, -0.107283
0.983197, 0.182548

0.571633, -0.107315
0.983182, 0.182627

0.571827, -0.107347
0.983168, 0.182705

0.572021, -0.107378
0.983153, 0.182784

0.572215, -0.107410
0.983139, 0.182862

0.572409, -0.107442
0.983124, 0.182941

0.572603, -0.107474
0.983109, 0.183019

0.572797, -0.107506
0.983095, 0.183098

0.572991, -0.107538
0.983080, 0.183176

0.573185, -0.107570
0.983065, 0.183255

0.573379, -0.107602
0.983051, 0.183333

0.573573, -0.107634
0.983036, 0.183412

0.573767, -0.107666
0.983022, 0.183490

0.573961, -0.107698
0.983007, 0.183569

0.574154, -0.107730
0.982992, 0.183647

0.574348, -0.107762
0.982978, 0.183726

0.574542, -0.107794
0.982963, 0.183804

0.574736, -0.107825
0.982948, 0.183883

0.574930, -0.107857
0.982934, 0.183961

0.575124, -0.107889
0.982919, 0.184040

0.575318, -0.107921
0.982904, 0.184118

0.575511, -0.107953
0.982889, 0.184197

0.575705, -0.107985
0.982875, 0.184275

0.575899, -0.108017
0.982860, 0.184353

0.576093, -0.108049
0.982845, 0.184432

0.576286, -0.108081
0.982831, 0.184510

0.576480, -0.108113
0.982816, 0.184589

0.576674, -0.108144
0.982801, 0.184667

0.576868, -0.108176
0.982786, 0.184746

0.577061, -0.108208
0.982772, 0.184824

0.577255, -0.108240
0.982757, 0.184903

0.577449, -0.108272
0.982742, 0.184981

0.577642, -0.108304
0.982727, 0.185060

0.577836, -0.108336
0.982712, 0.185138

0.578030, -0.108368
0.982698, 0.185217

0.578223, -0.108400
0.982683, 0.185295

0.578417, -0.108431
0.982668, 0.185374

0.578611, -0.108463
0.982653, 0.185452

0.578804, -0.108495
0.982638, 0.185531

0.578998, -0.108527
0.982624, 0.185609

0.579191, -0.108559
0.982609, 0.185688

0.579385, -0.108591
0.982594, 0.185766

0.579579, -0.108623
0.982579, 0.185844

0.579772, -0.108654
0.982564, 0.185923

0.579966, -0.108686
0.982549, 0.186001

0.580159, -0.108718
0.982535, 0.186080

0.580353, -0.108750
0.982520, 0.186158

0.580546, -0.108782
0.982505, 0.186237

0.580740, -0.108814
0.982490, 0.186315

0.580933, -0.108845
0.982475, 0.186394

0.581127, -0.108877
0.982460, 0.186472

0.581320, -0.108909
0.982445, 0.186551

0.581513, -0.108941
0.982430, 0.186629

0.581707, -0.108973
0.982416, 0.186707

0.581900, -0.109005
0.982401, 0.186786

0.582094, -0.109036
0.982386, 0.186864

0.582287, -0.109068
0.982371, 0.186943

0.582480, -0.109100
0.982356, 0.187021

0.582674, -0.109132
0.982341, 0.187100

0.582867, -0.109164
0.982326, 0.187178

0.583060, -0.109195
0.982311, 0.187257

0.583254, -0.109227
0.982296, 0.187335

0.583447, -0.109259
0.982281, 0.187413

0.583640, -0.109291
0.982266, 0.187492

0.583834, -0.109323
0.982251, 0.187570

0.584027, -0.109354
0.982236, 0.187649

0.584220, -0.109386
0.982221, 0.187727

0.584413, -0.109418
0.982206, 0.187806

0.584607, -0.109450
0.982191, 0.187884

0.584800, -0.109482
0.982176, 0.187962

0.584993, -0.109513
0.982161, 0.188041

0.585186, -0.109545
0.982146, 0.188119

0.585380, -0.109577
0.982131, 0.188198

0.585573, -0.109609
0.982116, 0.188276

0.585766, -0.109640
0.982101, 0.188355

0.585959, -0.109672
0.982086, 0.188433

0.586152, -0.109704
0.982071, 0.188511

0.586345, -0.109736
0.982056, 0.188590

0.586538, -0.109768
0.982041, 0.188668

0.586732, -0.109799
0.982026, 0.188747

0.586925, -0.109831
0.982011, 0.188825

0.587118, -0.109863
0.981996, 0.188903

0.587311, -0.109895
0.981981, 0.188982

0.587504, -0.109926
0.981965, 0.189060

0.587697, -0.109958
0.981950, 0.189139

0.587890, -0.109990
0.981935, 0.189217

0.588083, -0.110022
0.981920, 0.189296

0.588276, -0.110053
0.981905, 0.189374

0.588469, -0.110085
0.981890, 0.189452

0.588662, -0.110117
0.981875, 0.189531

0.588855, -0.110149
0.981860, 0.189609

0.589048, -0.110180
0.981845, 0.189688

0.589241, -0.110212
0.981829, 0.189766

0.589434, -0.110244
0.981814, 0.189844

0.589627, -0.110275
0.981799, 0.189923

0.589820, -0.110307
0.981784, 0.190001

0.590013, -0.110339
0.981769, 0.190080

0.590205, -0.110371
0.981754, 0.190158

0.590398, -0.110402
0.981738, 0.190236

0.590591, -0.110434
0.981723, 0.190315

0.590784, -0.110466
0.981708, 0.190393

0.590977, -0.110497
0.981693, 0.190471

0.591170, -0.110529
0.981678, 0.190550

0.591363, -0.110561
0.981662, 0.190628

0.591555, -0.110593
0.981647, 0.190707

0.591748, -0.110624
0.981632, 0.190785

0.591941, -0.110656
0.981617, 0.190863

0.592134, -0.110688
0.981601, 0.190942

0.592326, -0.110719
0.981586, 0.191020

0.592519, -0.110751
0.981571, 0.191099

0.592712, -0.110783
0.981556, 0.191177

0.592905, -0.110814
0.981540, 0.191255

0.593097, -0.110846
0.981525, 0.191334

0.593290, -0.110878
0.981510, 0.191412

0.593483, -0.110909
0.981494, 0.191490

0.593675, -0.110941
0.981479, 0.191569

0.593868, -0.110973
0.981464, 0.191647

0.594061, -0.111004
0.981449, 0.191726

0.594253, -0.111036
0.981433, 0.191804

0.594446, -0.111068
0.981418, 0.191882

0.594639, -0.111099
0.981403, 0.191961

0.594831, -0.111131
0.981387, 0.192039

0.595024, -0.111163
0.981372, 0.192117

0.595217, -0.111194
0.981357, 0.192196

0.595409, -0.111226
0.981341, 0.192274

0.595602, -0.111258
0.981326, 0.192352

0.595794, -0.111289
0.981311, 0.192431

0.595987, -0.111321
0.981295, 0.192509

0.596179, -0.111353
0.981280, 0.192588

0.596372, -0.111384
0.981264, 0.192666

0.596564, -0.111416
0.981249, 0.192744

0.596757, -0.111448
0.981234, 0.192823

0.596949, -0.111479
0.981218, 0.192901

0.597142, -0.111511
0.981203, 0.192979

0.597334, -0.111543
0.981187, 0.193058

0.597527, -0.111574
0.981172, 0.193136

0.597719, -0.111606
0.981157, 0.193214

0.597912, -0.111637
0.981141, 0.193293

0.598104, -0.111669
0.981126, 0.193371

0.598296, -0.111701
0.981110, 0.193449

0.598489, -0.111732
0.981095, 0.193528

0.598681, -0.111764
0.981079, 0.193606

0.598874, -0.111796
0.981064, 0.193684

0.599066, -0.111827
0.981048, 0.193763

0.599258, -0.111859
0.981033, 0.193841

0.599451, -0.111890
0.981017, 0.193919

0.599643, -0.111922
0.981002, 0.193998

0.599835, -0.111954
0.980986, 0.194076

0.600028, -0.111985
0.980971, 0.194154

0.600220, -0.112017
0.980955, 0.194233

0.600412, -0.112048
0.980940, 0.194311

0.600604, -0.112080
0.980924, 0.194389

0.600797, -0.112112
0.980909, 0.194468

0.600989, -0.112143
0.980893, 0.194546

0.601181, -0.112175
0.980878, 0.194624

0.601373, -0.112206
0.980862, 0.194703

0.601566, -0.112238
0.980847, 0.194781

0.601758, -0.112269
0.980831, 0.194859

0.601950, -0.112301
0.980816, 0.194938

0.602142, -0.112333
0.980800, 0.195016

0.602334, -0.112364
0.980784, 0.195094

0.602526, -0.112396
0.980769, 0.195173

0.602719, -0.112427
0.980753, 0.195251

0.602911, -0.112459
0.980738, 0.195329

0.603103, -0.112490
0.980722, 0.195408

0.603295, -0.112522
0.980707, 0.195486

0.603487, -0.112554
0.980691, 0.195564

0.603679, -0.112585
0.980675, 0.195642

0.603871, -0.112617
0.980660, 0.195721

0.604063, -0.112648
0.980644, 0.195799

0.604255, -0.112680
0.980628, 0.195877

0.604447, -0.112711
0.980613, 0.195956

0.604639, -0.112743
0.980597, 0.196034

0.604831, -0.112774
0.980581, 0.196112

0.605023, -0.112806
0.980566, 0.196191

0.605215, -0.112837
0.980550, 0.196269

0.605407, -0.112869
0.980534, 0.196347

0.605599, -0.112901
0.980519, 0.196426

0.605791, -0.112932
0.980503, 0.196504

0.605983, -0.112964
0.980487, 0.196582

0.606175, -0.112995
0.980472, 0.196660

0.606367, -0.113027
0.980456, 0.196739

0.606559, -0.113058
0.980440, 0.196817

0.606751, -0.113090
0.980425, 0.196895

0.606943, -0.113121
0.980409, 0.196974

0.607135, -0.113153
0.980393, 0.197052

0.607327, -0.113184
0.980377, 0.197130

0.607519, -0.113216
0.980362, 0.197208

0.607710, -0.113247
0.980346, 0.197287

0.607902, -0.113279
0.980330, 0.197365

0.608094, -0.113310
0.980314, 0.197443

0.608286, -0.113342
0.980299, 0.197522

0.608478, -0.113373
0.980283, 0.197600

0.608669, -0.113405
0.980267, 0.197678

0.608861, -0.113436
0.980251, 0.197756

0.609053, -0.113468
0.980235, 0.197835

0.609245, -0.113499
0.980220, 0.197913

0.609437, -0.113531
0.980204, 0.197991

0.609628, -0.113562
0.980188, 0.198069

0.609820, -0.113594
0.980172, 0.198148

0.610012, -0.113625
0.980156, 0.198226

0.610203, -0.113657
0.980141, 0.198304

0.610395, -0.113688
0.980125, 0.198383

0.610587, -0.113720
0.980109, 0.198461

0.610779, -0.113751
0.980093, 0.198539

0.610970, -0.113783
0.980077, 0.198617

0.611162, -0.113814
0.980061, 0.198696

0.611353, -0.113846
0.980045, 0.198774

0.611545, -0.113877
0.980030, 0.198852

0.611737, -0.113908
0.980014, 0.198930

0.611928, -0.113940
0.979998, 0.199009

0.612120, -0.113971
0.979982, 0.199087

0.612312, -0.114003
0.979966, 0.199165

0.612503, -0.114034
0.979950, 0.199243

0.612695, -0.114066
0.979934, 0.199322

0.612886, -0.114097
0.979918, 0.199400

0.613078, -0.114129
0.979902, 0.199478

0.613269, -0.114160
0.979886, 0.199556

0.613461, -0.114191
0.979870, 0.199635

0.613652, -0.114223
0.979854, 0.199713

0.613844, -0.114254
0.979839, 0.199791

0.614035, -0.114286
0.979823, 0.199869

0.614227, -0.114317
0.979807, 0.199948

0.614418, -0.114349
0.979791, 0.200026

0.614610, -0.114380
0.979775, 0.200104

0.614801, -0.114412
0.979759, 0.200182

0.614993, -0.114443
0.979743, 0.200260

0.615184, -0.114474
0.979727, 0.200339

0.615375, -0.114506
0.979711, 0.200417

0.615567, -0.114537
0.979695, 0.200495

0.615758, -0.114569
0.979679, 0.200573

0.615950, -0.114600
0.979663, 0.200652

0.616141, -0.114631
0.979647, 0.200730

0.616332, -0.114663
0.979631, 0.200808

0.616524, -0.114694
0.979615, 0.200886

0.616715, -0.114726
0.979599, 0.200965

0.616906, -0.114757
0.979582, 0.201043

0.617098, -0.114788
0.979566, 0.201121

0.617289, -0.114820
0.979550, 0.201199

0.617480, -0.114851
0.979534, 0.201277

0.617672, -0.114883
0.979518, 0.201356

0.617863, -0.114914
0.979502, 0.201434

0.618054, -0.114945
0.979486, 0.201512

0.618245, -0.114977
0.979470, 0.201590

0.618437, -0.115008
0.979454, 0.201668

0.618628, -0.115040
0.979438, 0.201747

0.618819, -0.115071
0.979422, 0.201825

0.619010, -0.115102
0.979406, 0.201903

0.619201, -0.115134
0.979389, 0.201981

0.619393, -0.115165
0.979373, 0.202060

0.619584, -0.115196
0.979357, 0.202138

0.619775, -0.115228
0.979341, 0.202216

0.619966, -0.115259
0.979325, 0.202294

0.620157, -0.115291
0.979309, 0.202372

0.620348, -0.115322
0.979292, 0.202451

0.620540, -0.115353
0.979276, 0.202529

0.620731, -0.115385
0.979260, 0.202607

0.620922, -0.115416
0.979244, 0.202685

0.621113, -0.115447
0.979228, 0.202763

0.621304, -0.115479
0.979212, 0.202841

0.621495, -0.115510
0.979195, 0.202920

0.621686, -0.115541
0.979179, 0.202998

0.621877, -0.115573
0.979163, 0.203076

0.622068, -0.115604
0.979147, 0.203154

0.622259, -0.115635
0.979131, 0.203232

0.622450, -0.115667
0.979114, 0.203311

0.622641, -0.115698
0.979098, 0.203389

0.622832, -0.115729
0.979082, 0.203467

0.623023, -0.115761
0.979066, 0.203545

0.623214, -0.115792
0.979049, 0.203623

0.623405, -0.115823
0.979033, 0.203702

0.623596, -0.115855
0.979017, 0.203780

0.623787, -0.115886
0.979000, 0.203858

0.623978, -0.115917
0.978984, 0.203936

0.624169, -0.115949
0.978968, 0.204014

0.624360, -0.115980
0.978952, 0.204092

0.624551, -0.116011
0.978935, 0.204171

0.624742, -0.116043
0.978919, 0.204249

0.624932, -0.116074
0.978903, 0.204327

0.625123, -0.116105
0.978886, 0.204405

0.625314, -0.116137
0.978870, 0.204483

0.625505, -0.116168
0.978854, 0.204561

0.625696, -0.116199
0.978837, 0.204640

0.625887, -0.116231
0.978821, 0.204718

0.626078, -0.116262
0.978805, 0.204796

0.626268, -0.116293
0.978788, 0.204874

0.626459, -0.116324
0.978772, 0.204952

0.626650, -0.116356
0.978756, 0.205030

0.626841, -0.116387
0.978739, 0.205108

0.627031, -0.116418
0.978723, 0.205187

0.627222, -0.116450
0.978706, 0.205265

0.627413, -0.116481
0.978690, 0.205343

0.627604, -0.116512
0.978674, 0.205421

0.627794, -0.116543
0.978657, 0.205499

0.627985, -0.116575
0.978641, 0.205577

0.628176, -0.116606
0.978624, 0.205656

0.628367, -0.116637
0.978608, 0.205734

0.628557, -0.116668
0.978592, 0.205812

0.628748, -0.116700
0.978575, 0.205890

0.628939, -0.116731
0.978559, 0.205968

0.629129, -0.116762
0.978542, 0.206046

0.629320, -0.116794
0.978526, 0.206124

0.629510, -0.116825
0.978509, 0.206202

0.629701, -0.116856
0.978493, 0.206281

0.629892, -0.116887
0.978476, 0.206359

0.630082, -0.116919
0.978460, 0.206437

0.630273, -0.116950
0.978443, 0.206515

0.630463, -0.116981
0.978427, 0.206593

0.630654, -0.117012
0.978410, 0.206671

0.630845, -0.117044
0.978394, 0.206749

0.631035, -0.117075
0.978377, 0.206828

0.631226, -0.117106
0.978361, 0.206906

0.631416, -0.117137
0.978344, 0.206984

0.631607, -0.117169
0.978328, 0.207062

0.631797, -0.117200
0.978311, 0.207140

0.631988, -0.117231
0.978295, 0.207218

0.632178, -0.117262
0.978278, 0.207296

0.632369, -0.117293
0.978262, 0.207374

0.632559, -0.117325
0.978245, 0.207452

0.632750, -0.117356
0.978229, 0.207531

0.632940, -0.117387
0.978212, 0.207609

0.633131, -0.117418
0.978195, 0.207687

0.633321, -0.117450
0.978179, 0.207765

0.633511, -0.117481
0.978162, 0.207843

0.633702, -0.117512
0.978146, 0.207921

0.633892, -0.117543
0.978129, 0.207999

0.634083, -0.117574
0.978112, 0.208077

0.634273, -0.117606
0.978096, 0.208155

0.634463, -0.117637
0.978079, 0.208234

0.634654, -0.117668
0.978063, 0.208312

0.634844, -0.117699
0.978046, 0.208390

0.635034, -0.117730
0.978029, 0.208468

0.635225, -0.117762
0.978013, 0.208546

0.635415, -0.117793
0.977996, 0.208624

0.635605, -0.117824
0.977979, 0.208702

0.635796, -0.117855
0.977963, 0.208780

0.635986, -0.117886
0.977946, 0.208858

0.636176, -0.117918
0.977929, 0.208936

0.636366, -0.117949
0.977913, 0.209014

0.636557, -0.117980
0.977896, 0.209093

0.636747, -0.118011
0.977879, 0.209171

0.636937, -0.118042
0.977862, 0.209249

0.637127, -0.118073
0.977846, 0.209327

0.637318, -0.118105
0.977829, 0.209405

0.637508, -0.118136
0.977812, 0.209483

0.637698, -0.118167
0.977796, 0.209561

0.637888, -0.118198
0.977779, 0.209639

0.638078, -0.118229
0.977762, 0.209717

0.638268, -0.118261
0.977745, 0.209795

0.638459, -0.118292
0.977729, 0.209873

0.638649, -0.118323
0.977712, 0.209951

0.638839, -0.118354
0.977695, 0.210030

0.639029, -0.118385
0.977678, 0.210108

0.639219, -0.118416
0.977661, 0.210186

0.639409, -0.118447
0.977645, 0.210264

0.639599, -0.118479
0.977628, 0.210342

0.639789, -0.118510
0.977611, 0.210420

0.639979, -0.118541
0.977594, 0.210498

0.640169, -0.118572
0.977577, 0.210576

0.640360, -0.118603
0.977561, 0.210654

0.640550, -0.118634
0.977544, 0.210732

0.640740, -0.118665
0.977527, 0.210810

0.640930, -0.118697
0.977510, 0.210888

0.641120, -0.118728
0.977493, 0.210966

0.641310, -0.118759
0.977476, 0.211044

0.641500, -0.118790
0.977460, 0.211122

0.641690, -0.118821
0.977443, 0.211200

0.641880, -0.118852
0.977426, 0.211278

0.642070, -0.118883
0.977409, 0.211357

0.642260, -0.118914
0.977392, 0.211435

0.642449, -0.118946
0.977375, 0.211513

0.642639, -0.118977
0.977358, 0.211591

0.642829, -0.119008
0.977341, 0.211669

0.643019, -0.119039
0.977325, 0.211747

0.643209, -0.119070
0.977308, 0.211825

0.643399, -0.119101
0.977291, 0.211903

0.643589, -0.119132
0.977274, 0.211981

0.643779, -0.119163
0.977257, 0.212059

0.643969, -0.119194
0.977240, 0.212137

0.644158, -0.119226
0.977223, 0.212215

0.644348, -0.119257
0.977206, 0.212293

0.644538, -0.119288
0.977189, 0.212371

0.644728, -0.119319
0.977172, 0.212449

0.644918, -0.119350
0.977155, 0.212527

0.645108, -0.119381
0.977138, 0.212605

0.645297, -0.119412
0.977121, 0.212683

0.645487, -0.119443
0.977104, 0.212761

0.645677, -0.119474
0.977087, 0.212839

0.645867, -0.119505
0.977070, 0.212917

0.646056, -0.119536
0.977053, 0.212995

0.646246, -0.119568
0.977036, 0.213073

0.646436, -0.119599
0.977019, 0.213151

0.646626, -0.119630
0.977002, 0.213229

0.646815, -0.119661
0.976985, 0.213307

0.647005, -0.119692
0.976968, 0.213385

0.647195, -0.119723
0.976951, 0.213463

0.647384, -0.119754
0.976934, 0.213541

0.647574, -0.119785
0.976917, 0.213619

0.647764, -0.119816
0.976900, 0.213697

0.647953, -0.119847
0.976883, 0.213775

0.648143, -0.119878
0.976866, 0.213853

0.648333, -0.119909
0.976849, 0.213931

0.648522, -0.119940
0.976832, 0.214009

0.648712, -0.119971
0.976815, 0.214087

0.648902, -0.120002
0.976797, 0.214165

0.649091, -0.120033
0.976780, 0.214243

0.649281, -0.120065
0.976763, 0.214321

0.649470, -0.120096
0.976746, 0.214399

0.649660, -0.120127
0.976729, 0.214477

0.649849, -0.120158
0.976712, 0.214555

0.650039, -0.120189
0.976695, 0.214633

0.650229, -0.120220
0.976678, 0.214711

0.650418, -0.120251
0.976660, 0.214789

0.650608, -0.120282
0.976643, 0.214867

0.650797, -0.120313
0.976626, 0.214945

0.650987, -0.120344
0.976609, 0.215023

0.651176, -0.120375
0.976592, 0.215101

0.651366, -0.120406
0.976575, 0.215179

0.651555, -0.120437
0.976557, 0.215257

0.651745, -0.120468
0.976540, 0.215335

0.651934, -0.120499
0.976523, 0.215413

0.652123, -0.120530
0.976506, 0.215491

0.652313, -0.120561
0.976489, 0.215569

0.652502, -0.120592
0.976471, 0.215647

0.652692, -0.120623
0.976454, 0.215725

0.652881, -0.120654
0.976437, 0.215803

0.653071, -0.120685
0.976420, 0.215881

0.653260, -0.120716
0.976402, 0.215959

0.653449, -0.120747
0.976385, 0.216037

0.653639, -0.120778
0.976368, 0.216115

0.653828, -0.120809
0.976351, 0.216193

0.654017, -0.120840
0.976333, 0.216271

0.654207, -0.120871
0.976316, 0.216349

0.654396, -0.120902
0.976299, 0.216427

0.654585, -0.120933
0.976282, 0.216505

0.654775, -0.120964
0.976264, 0.216583

0.654964, -0.120995
0.976247, 0.216661

0.655153, -0.121026
0.976230, 0.216739

0.655343, -0.121057
0.976212, 0.216816

0.655532, -0.121088
0.976195, 0.216894

0.655721, -0.121119
0.976178, 0.216972

0.655910, -0.121150
0.976160, 0.217050

0.656100, -0.121181
0.976143, 0.217128

0.656289, -0.121212
0.976126, 0.217206

0.656478, -0.121243
0.976108, 0.217284

0.656667, -0.121274
0.976091, 0.217362

0.656856, -0.121305
0.976074, 0.217440

0.657046, -0.121336
0.976056, 0.217518

0.657235, -0.121367
0.976039, 0.217596

0.657424, -0.121398
0.976022, 0.217674

0.657613, -0.121429
0.976004, 0.217752

0.657802, -0.121460
0.975987, 0.217830

0.657991, -0.121490
0.975969, 0.217908

0.658181, -0.121521
0.975952, 0.217986

0.658370, -0.121552
0.975935, 0.218064

0.658559, -0.121583
0.975917, 0.218141

0.658748, -0.121614
0.975900, 0.218219

0.658937, -0.121645
0.975882, 0.218297

0.659126, -0.121676
0.975865, 0.218375

0.659315, -0.121707
0.975847, 0.218453

0.659504, -0.121738
0.975830, 0.218531

0.659693, -0.121769
0.975813, 0.218609

0.659882, -0.121800
0.975795, 0.218687

0.660071, -0.121831
0.975778, 0.218765

0.660260, -0.121862
0.975760, 0.218843

0.660449, -0.121893
0.975743, 0.218921

0.660638, -0.121924
0.975725, 0.218999

0.660827, -0.121955
0.975708, 0.219076

0.661016, -0.121986
0.975690, 0.219154

0.661205, -0.122016
0.975673, 0.219232

0.661394, -0.122047
0.975655, 0.219310

0.661583, -0.122078
0.975638, 0.219388

0.661772, -0.122109
0.975620, 0.219466

0.661961, -0.122140
0.975603, 0.219544

0.662150, -0.122171
0.975585, 0.219622

0.662339, -0.122202
0.975568, 0.219700

0.662528, -0.122233
0.975550, 0.219778

0.662717, -0.122264
0.975532, 0.219856

0.662906, -0.122295
0.975515, 0.219933

0.663095, -0.122326
0.975497, 0.220011

0.663284, -0.122356
0.975480, 0.220089

0.663473, -0.122387
0.975462, 0.220167

0.663661, -0.122418
0.975445, 0.220245

0.663850, -0.122449
0.975427, 0.220323

0.664039, -0.122480
0.975409, 0.220401

0.664228, -0.122511
0.975392, 0.220479

0.664417, -0.122542
0.975374, 0.220557

0.664606, -0.122573
0.975357, 0.220634

0.664794, -0.122604
0.975339, 0.220712

0.664983, -0.122634
0.975321, 0.220790

0.665172, -0.122665
0.975304, 0.220868

0.665361, -0.122696
0.975286, 0.220946

0.665550, -0.122727
0.975268, 0.221024

0.665738, -0.122758
0.975251, 0.221102

0.665927, -0.122789
0.975233, 0.221180

0.666116, -0.122820
0.975215, 0.221257

0.666305, -0.122851
0.975198, 0.221335

0.666493, -0.122881
0.975180, 0.221413

0.666682, -0.122912
0.975162, 0.221491

0.666871, -0.122943
0.975145, 0.221569

0.667059, -0.122974
0.975127, 0.221647

0.667248, -0.123005
0.975109, 0.221725

0.667437, -0.123036
0.975092, 0.221803

0.667625, -0.123067
0.975074, 0.221880

0.667814, -0.123097
0.975056, 0.221958

0.668003, -0.123128
0.975038, 0.222036

0.668191, -0.123159
0.975021, 0.222114

0.668380, -0.123190
0.975003, 0.222192

0.668569, -0.123221
0.974985, 0.222270

0.668757, -0.123252
0.974967, 0.222348

0.668946, -0.123283
0.974950, 0.222425

0.669135, -0.123313
0.974932, 0.222503

0.669323, -0.123344
0.974914, 0.222581

0.669512, -0.123375
0.974896, 0.222659

0.669700, -0.123406
0.974879, 0.222737

0.669889, -0.123437
0.974861, 0.222815

0.670077, -0.123468
0.974843, 0.222892

0.670266, -0.123498
0.974825, 0.222970

0.670454, -0.123529
0.974807, 0.223048

0.670643, -0.123560
0.974790, 0.223126

0.670832, -0.123591
0.974772, 0.223204

0.671020, -0.123622
0.974754, 0.223282

0.671209, -0.123653
0.974736, 0.223359

0.671397, -0.123683
0.974718, 0.223437

0.671585, -0.123714
0.974700, 0.223515

0.671774, -0.123745
0.974683, 0.223593

0.671962, -0.123776
0.974665, 0.223671

0.672151, -0.123807
0.974647, 0.223749

0.672339, -0.123837
0.974629, 0.223826

0.672528, -0.123868
0.974611, 0.223904

0.672716, -0.123899
0.974593, 0.223982

0.672905, -0.123930
0.974575, 0.224060

0.673093, -0.123961
0.974557, 0.224138

0.673281, -0.123991
0.974540, 0.224216

0.673470, -0.124022
0.974522, 0.224293

0.673658, -0.124053
0.974504, 0.224371

0.673847, -0.124084
0.974486, 0.224449

0.674035, -0.124115
0.974468, 0.224527

0.674223, -0.124145
0.974450, 0.224605

0.674412, -0.124176
0.974432, 0.224682

0.674600, -0.124207
0.974414, 0.224760

0.674788, -0.124238
0.974396, 0.224838

0.674977, -0.124269
0.974378, 0.224916

0.675165, -0.124299
0.974360, 0.224994

0.675353, -0.124330
0.974342, 0.225071

0.675541, -0.124361
0.974324, 0.225149

0.675730, -0.124392
0.974306, 0.225227

0.675918, -0.124422
0.974288, 0.225305

0.676106, -0.124453
0.974270, 0.225383

0.676295, -0.124484
0.974252, 0.225460

0.676483, -0.124515
0.974234, 0.225538

0.676671, -0.124545
0.974216, 0.225616

0.676859, -0.124576
0.974198, 0.225694

0.677047, -0.124607
0.974180, 0.225772

0.677236, -0.124638
0.974162, 0.225849

0.677424, -0.124669
0.974144, 0.225927

0.677612, -0.124699
0.974126, 0.226005

0.677800, -0.124730
0.974108, 0.226083

0.677988, -0.124761
0.974090, 0.226161

0.678177, -0.124792
0.974072, 0.226238

0.678365, -0.124822
0.974054, 0.226316

0.678553, -0.124853
0.974036, 0.226394

0.678741, -0.124884
0.974018, 0.226472

0.678929, -0.124915
0.974000, 0.226549

0.679117, -0.124945
0.973982, 0.226627

0.679305, -0.124976
0.973963, 0.226705

0.679493, -0.125007
0.973945, 0.226783

0.679682, -0.125037
0.973927, 0.226861

0.679870, -0.125068
0.973909, 0.226938

0.680058, -0.125099
0.973891, 0.227016

0.680246, -0.125130
0.973873, 0.227094

0.680434, -0.125160
0.973855, 0.227172

0.680622, -0.125191
0.973837, 0.227249

0.680810, -0.125222
0.973818, 0.227327

0.680998, -0.125253
0.973800, 0.227405

0.681186, -0.125283
0.973782, 0.227483

0.681374, -0.125314
0.973764, 0.227560

0.681562, -0.125345
0.973746, 0.227638

0.681750, -0.125375
0.973728, 0.227716

0.681938, -0.125406
0.973709, 0.227794

0.682126, -0.125437
0.973691, 0.227871

0.682314, -0.125468
0.973673, 0.227949

0.682502, -0.125498
0.973655, 0.228027

0.682690, -0.125529
0.973637, 0.228105

0.682878, -0.125560
0.973618, 0.228182

0.683066, -0.125590
0.973600, 0.228260

0.683254, -0.125621
0.973582, 0.228338

0.683442, -0.125652
0.973564, 0.228416

0.683630, -0.125682
0.973545, 0.228493

0.683817, -0.125713
0.973527, 0.228571

0.684005, -0.125744
0.973509, 0.228649

0.684193, -0.125775
0.973491, 0.228727

0.684381, -0.125805
0.973472, 0.228804

0.684569, -0.125836
0.973454, 0.228882

0.684757, -0.125867
0.973436, 0.228960

0.684945, -0.125897
0.973418, 0.229038

0.685132, -0.125928
0.973399, 0.229115

0.685320, -0.125959
0.973381, 0.229193

0.685508, -0.125989
0.973363, 0.229271

0.685696, -0.126020
0.973344, 0.229348

0.685884, -0.126051
0.973326, 0.229426

0.686072, -0.126081
0.973308, 0.229504

0.686259, -0.126112
0.973289, 0.229582

0.686447, -0.126143
0.973271, 0.229659

0.686635, -0.126173
0.973253, 0.229737

0.686823, -0.126204
0.973234, 0.229815

0.687010, -0.126235
0.973216, 0.229892

0.687198, -0.126265
0.973198, 0.229970

0.687386, -0.126296
0.973179, 0.230048

0.687574, -0.126327
0.973161, 0.230126

0.687761, -0.126357
0.973143, 0.230203

0.687949, -0.126388
0.973124, 0.230281

0.688137, -0.126419
0.973106, 0.230359

0.688324, -0.126449
0.973087, 0.230436

0.688512, -0.126480
0.973069, 0.230514

0.688700, -0.126511
0.973051, 0.230592

0.688887, -0.126541
0.973032, 0.230669

0.689075, -0.126572
0.973014, 0.230747

0.689263, -0.126603
0.972995, 0.230825

0.689450, -0.126633
0.972977, 0.230903

0.689638, -0.126664
0.972958, 0.230980

0.689826, -0.126694
0.972940, 0.231058

0.690013, -0.126725
0.972922, 0.231136

0.690201, -0.126756
0.972903, 0.231213

0.690388, -0.126786
0.972885, 0.231291

0.690576, -0.126817
0.972866, 0.231369

0.690764, -0.126848
0.972848, 0.231446

0.690951, -0.126878
0.972829, 0.231524

0.691139, -0.126909
0.972811, 0.231602

0.691326, -0.126939
0.972792, 0.231679

0.691514, -0.126970
0.972774, 0.231757

0.691701, -0.127001
0.972755, 0.231835

0.691889, -0.127031
0.972737, 0.231912

0.692076, -0.127062
0.972718, 0.231990

0.692264, -0.127093
0.972700, 0.232068

0.692451, -0.127123
0.972681, 0.232145

0.692639, -0.127154
0.972663, 0.232223

0.692826, -0.127184
0.972644, 0.232301

0.693014, -0.127215
0.972625, 0.232378

0.693201, -0.127246
0.972607, 0.232456

0.693389, -0.127276
0.972588, 0.232534

0.693576, -0.127307
0.972570, 0.232611

0.693764, -0.127337
0.972551, 0.232689

0.693951, -0.127368
0.972533, 0.232767

0.694139, -0.127399
0.972514, 0.232844

0.694326, -0.127429
0.972495, 0.232922

0.694513, -0.127460
0.972477, 0.233000

0.694701, -0.127490
0.972458, 0.233077

0.694888, -0.127521
0.972440, 0.233155

0.695076, -0.127552
0.972421, 0.233233

0.695263, -0.127582
0.972402, 0.233310

0.695450, -0.127613
0.972384, 0.233388

0.695638, -0.127643
0.972365, 0.233466

0.695825, -0.127674
0.972346, 0.233543

0.696012, -0.127704
0.972328, 0.233621

0.696200, -0.127735
0.972309, 0.233699

0.696387, -0.127766
0.972290, 0.233776

0.696574, -0.127796
0.972272, 0.233854

0.696762, -0.127827
0.972253, 0.233931

0.696949, -0.127857
0.972234, 0.234009

0.697136, -0.127888
0.972216, 0.234087

0.697323, -0.127918
0.972197, 0.234164

0.697511, -0.127949
0.972178, 0.234242

0.697698, -0.127980
0.972160, 0.234320

0.697885, -0.128010
0.972141, 0.234397

0.698073, -0.128041
0.972122, 0.234475

0.698260, -0.128071
0.972103, 0.234553

0.698447, -0.128102
0.972085, 0.234630

0.698634, -0.128132
0.972066, 0.234708

0.698821, -0.128163
0.972047, 0.234785

0.699009, -0.128193
0.972028, 0.234863

0.699196, -0.128224
0.972010, 0.234941

0.699383, -0.128255
0.971991, 0.235018

0.699570, -0.128285
0.971972, 0.235096

0.699757, -0.128316
0.971953, 0.235173

0.699945, -0.128346
0.971935, 0.235251

0.700132, -0.128377
0.971916, 0.235329

0.700319, -0.128407
0.971897, 0.235406

0.700506, -0.128438
0.971878, 0.235484

0.700693, -0.128468
0.971859, 0.235561

0.700880, -0.128499
0.971841, 0.235639

0.701067, -0.128529
0.971822, 0.235717

0.701254, -0.128560
0.971803, 0.235794

0.701442, -0.128590
0.971784, 0.235872

0.701629, -0.128621
0.971765, 0.235949

0.701816, -0.128651
0.971746, 0.236027

0.702003, -0.128682
0.971728, 0.236105

0.702190, -0.128712
0.971709, 0.236182

0.702377, -0.128743
0.971690, 0.236260

0.702564, -0.128773
0.971671, 0.236337

0.702751, -0.128804
0.971652, 0.236415

0.702938, -0.128835
0.971633, 0.236493

0.703125, -0.128865
0.971614, 0.236570

0.703312, -0.128896
0.971596, 0.236648

0.703499, -0.128926
0.971577, 0.236725

0.703686, -0.128957
0.971558, 0.236803

0.703873, -0.128987
0.971539, 0.236881

0.704060, -0.129018
0.971520, 0.236958

0.704247, -0.129048
0.971501, 0.237036

0.704434, -0.129079
0.971482, 0.237113

0.704621, -0.129109
0.971463, 0.237191

0.704808, -0.129140
0.971444, 0.237268

0.704995, -0.129170
0.971425, 0.237346

0.705182, -0.129201
0.971406, 0.237424

0.705369, -0.129231
0.971387, 0.237501

0.705556, -0.129261
0.971368, 0.237579

0.705742, -0.129292
0.971349, 0.237656

0.705929, -0.129322
0.971330, 0.237734

0.706116, -0.129353
0.971311, 0.237811

0.706303, -0.129383
0.971292, 0.237889

0.706490, -0.129414
0.971273, 0.237966

0.706677, -0.129444
0.971254, 0.238044

0.706864, -0.129475
0.971235, 0.238122

0.707051, -0.129505
0.971216, 0.238199

0.707237, -0.129536
0.971197, 0.238277

0.707424, -0.129566
0.971178, 0.238354

0.707611, -0.129597
0.971159, 0.238432

0.707798, -0.129627
0.971140, 0.238509

0.707985, -0.129658
0.971121, 0.238587

0.708172, -0.129688
0.971102, 0.238664

0.708358, -0.129719
0.971083, 0.238742

0.708545, -0.129749
0.971064, 0.238820

0.708732, -0.129779
0.971045, 0.238897

0.708919, -0.129810
0.971026, 0.238975

0.709105, -0.129840
0.971007, 0.239052

0.709292, -0.129871
0.970988, 0.239130

0.709479, -0.129901
0.970969, 0.239207

0.709666, -0.129932
0.970949, 0.239285

0.709852, -0.129962
0.970930, 0.239362

0.710039, -0.129993
0.970911, 0.239440

0.710226, -0.130023
0.970892, 0.239517

0.710412, -0.130054
0.970873, 0.239595

0.710599, -0.130084
0.970854, 0.239672

0.710786, -0.130114
0.970835, 0.239750

0.710973, -0.130145
0.970816, 0.239827

0.711159, -0.130175
0.970796, 0.239905

0.711346, -0.130206
0.970777, 0.239982

0.711533, -0.130236
0.970758, 0.240060

0.711719, -0.130267
0.970739, 0.240137

0.711906, -0.130297
0.970720, 0.240215

0.712092, -0.130327
0.970701, 0.240293

0.712279, -0.130358
0.970681, 0.240370

0.712466, -0.130388
0.970662, 0.240448

0.712652, -0.130419
0.970643, 0.240525

0.712839, -0.130449
0.970624, 0.240603

0.713025, -0.130480
0.970605, 0.240680

0.713212, -0.130510
0.970585, 0.240758

0.713399, -0.130540
0.970566, 0.240835

0.713585, -0.130571
0.970547, 0.240913

0.713772, -0.130601
0.970528, 0.240990

0.713958, -0.130632
0.970508, 0.241068

0.714145, -0.130662
0.970489, 0.241145

0.714331, -0.130692
0.970470, 0.241223

0.714518, -0.130723
0.970451, 0.241300

0.714704, -0.130753
0.970431, 0.241378

0.714891, -0.130784
0.970412, 0.241455

0.715077, -0.130814
0.970393, 0.241533

0.715264, -0.130844
0.970373, 0.241610

0.715450, -0.130875
0.970354, 0.241687

0.715637, -0.130905
0.970335, 0.241765

0.715823, -0.130936
0.970316, 0.241842

0.716010, -0.130966
0.970296, 0.241920

0.716196, -0.130996
0.970277, 0.241997

0.716383, -0.131027
0.970258, 0.242075

0.716569, -0.131057
0.970238, 0.242152

0.716756, -0.131088
0.970219, 0.242230

0.716942, -0.131118
0.970200, 0.242307

0.717128, -0.131148
0.970180, 0.242385

0.717315, -0.131179
0.970161, 0.242462

0.717501, -0.131209
0.970141, 0.242540

0.717688, -0.131239
0.970122, 0.242617

0.717874, -0.131270
0.970103, 0.242695

0.718060, -0.131300
0.970083, 0.242772

0.718247, -0.131331
0.970064, 0.242850

0.718433, -0.131361
0.970045, 0.242927

0.718619, -0.131391
0.970025, 0.243004

0.718806, -0.131422
0.970006, 0.243082

0.718992, -0.131452
0.969986, 0.243159

0.719178, -0.131482
0.969967, 0.243237

0.719365, -0.131513
0.969948, 0.243314

0.719551, -0.131543
0.969928, 0.243392

0.719737, -0.131573
0.969909, 0.243469

0.719924, -0.131604
0.969889, 0.243547

0.720110, -0.131634
0.969870, 0.243624

0.720296, -0.131664
0.969850, 0.243702

0.720482, -0.131695
0.969831, 0.243779

0.720669, -0.131725
0.969811, 0.243856

0.720855, -0.131756
0.969792, 0.243934

0.721041, -0.131786
0.969772, 0.244011

0.721227, -0.131816
0.969753, 0.244089

0.721414, -0.131847
0.969733, 0.244166

0.721600, -0.131877
0.969714, 0.244244

0.721786, -0.131907
0.969694, 0.244321

0.721972, -0.131938
0.969675, 0.244398

0.722159, -0.131968
0.969655, 0.244476

0.722345, -0.131998
0.969636, 0.244553

0.722531, -0.132029
0.969616, 0.244631

0.722717, -0.132059
0.969597, 0.244708

0.722903, -0.132089
0.969577, 0.244786

0.723089, -0.132120
0.969558, 0.244863

0.723276, -0.132150
0.969538, 0.244940

0.723462, -0.132180
0.969519, 0.245018

0.723648, -0.132211
0.969499, 0.245095

0.723834, -0.132241
0.969479, 0.245173

0.724020, -0.132271
0.969460, 0.245250

0.724206, -0.132301
0.969440, 0.245328

0.724392, -0.132332
0.969421, 0.245405

0.724578, -0.132362
0.969401, 0.245482

0.724765, -0.132392
0.969381, 0.245560

0.724951, -0.132423
0.969362, 0.245637

0.725137, -0.132453
0.969342, 0.245715

0.725323, -0.132483
0.969323, 0.245792

0.725509, -0.132514
0.969303, 0.245869

0.725695, -0.132544
0.969283, 0.245947

0.725881, -0.132574
0.969264, 0.246024

0.726067, -0.132605
0.969244, 0.246102

0.726253, -0.132635
0.969224, 0.246179

0.726439, -0.132665
0.969205, 0.246256

0.726625, -0.132695
0.969185, 0.246334

0.726811, -0.132726
0.969165, 0.246411

0.726997, -0.132756
0.969146, 0.246488

0.727183, -0.132786
0.969126, 0.246566

0.727369, -0.132817
0.969106, 0.246643

0.727555, -0.132847
0.969087, 0.246721

0.727741, -0.132877
0.969067, 0.246798

0.727927, -0.132907
0.969047, 0.246875

0.728113, -0.132938
0.969028, 0.246953

0.728299, -0.132968
0.969008, 0.247030

0.728485, -0.132998
0.968988, 0.247108

0.728671, -0.133029
0.968968, 0.247185

0.728857, -0.133059
0.968949, 0.247262

0.729042, -0.133089
0.968929, 0.247340

0.729228, -0.133119
0.968909, 0.247417

0.729414, -0.133150
0.968889, 0.247494

0.729600, -0.133180
0.968870, 0.247572

0.729786, -0.133210
0.968850, 0.247649

0.729972, -0.133240
0.968830, 0.247726

0.730158, -0.133271
0.968810, 0.247804

0.730344, -0.133301
0.968790, 0.247881

0.730529, -0.133331
0.968771, 0.247959

0.730715, -0.133361
0.968751, 0.248036

0.730901, -0.133392
0.968731, 0.248113

0.731087, -0.133422
0.968711, 0.248191

0.731273, -0.133452
0.968691, 0.248268

0.731459, -0.133482
0.968672, 0.248345

0.731644, -0.133513
0.968652, 0.248423

0.731830, -0.133543
0.968632, 0.248500

0.732016, -0.133573
0.968612, 0.248577

0.732202, -0.133603
0.968592, 0.248655

0.732388, -0.133634
0.968572, 0.248732

0.732573, -0.133664
0.968552, 0.248809

0.732759, -0.133694
0.968533, 0.248887

0.732945, -0.133724
0.968513, 0.248964

0.733131, -0.133755
0.968493, 0.249041

0.733316, -0.133785
0.968473, 0.249119

0.733502, -0.133815
0.968453, 0.249196

0.733688, -0.133845
0.968433, 0.249273

0.733873, -0.133876
0.968413, 0.249351

0.734059, -0.133906
0.968393, 0.249428

0.734245, -0.133936
0.968373, 0.249505

0.734431, -0.133966
0.968353, 0.249583

0.734616, -0.133996
0.968334, 0.249660

0.734802, -0.134027
0.968314, 0.249737

0.734988, -0.134057
0.968294, 0.249815

0.735173, -0.134087
0.968274, 0.249892

0.735359, -0.134117
0.968254, 0.249969

0.735545, -0.134148
0.968234, 0.250047

0.735730, -0.134178
0.968214, 0.250124

0.735916, -0.134208
0.968194, 0.250201

0.736101, -0.134238
0.968174, 0.250279

0.736287, -0.134268
0.968154, 0.250356

0.736473, -0.134299
0.968134, 0.250433

0.736658, -0.134329
0.968114, 0.250510

0.736844, -0.134359
0.968094, 0.250588

0.737029, -0.134389
0.968074, 0.250665

0.737215, -0.134419
0.968054, 0.250742

0.737401, -0.134450
0.968034, 0.250820

0.737586, -0.134480
0.968014, 0.250897

0.737772, -0.134510
0.967994, 0.250974

0.737957, -0.134540
0.967974, 0.251052

0.738143, -0.134570
0.967954, 0.251129

0.738328, -0.134601
0.967934, 0.251206

0.738514, -0.134631
0.967914, 0.251283

0.738699, -0.134661
0.967893, 0.251361

0.738885, -0.134691
0.967873, 0.251438

0.739070, -0.134721
0.967853, 0.251515

0.739256, -0.134751
0.967833, 0.251593

0.739441, -0.134782
0.967813, 0.251670

0.739627, -0.134812
0.967793, 0.251747

0.739812, -0.134842
0.967773, 0.251824

0.739998, -0.134872
0.967753, 0.251902

0.740183, -0.134902
0.967733, 0.251979

0.740369, -0.134933
0.967713, 0.252056

0.740554, -0.134963
0.967692, 0.252134

0.740739, -0.134993
0.967672, 0.252211

0.740925, -0.135023
0.967652, 0.252288

0.741110, -0.135053
0.967632, 0.252365

0.741296, -0.135083
0.967612, 0.252443

0.741481, -0.135114
0.967592, 0.252520

0.741667, -0.135144
0.967572, 0.252597

0.741852, -0.135174
0.967551, 0.252674

0.742037, -0.135204
0.967531, 0.252752

0.742223, -0.135234
0.967511, 0.252829

0.742408, -0.135264
0.967491, 0.252906

0.742593, -0.135294
0.967471, 0.252983

0.742779, -0.135325
0.967450, 0.253061

0.742964, -0.135355
0.967430, 0.253138

0.743149, -0.135385
0.967410, 0.253215

0.743335, -0.135415
0.967390, 0.253292

0.743520, -0.135445
0.967370, 0.253370

0.743705, -0.135475
0.967349, 0.253447

0.743891, -0.135506
0.967329, 0.253524

0.744076, -0.135536
0.967309, 0.253601

0.744261, -0.135566
0.967289, 0.253679

0.744447, -0.135596
0.967268, 0.253756

0.744632, -0.135626
0.967248, 0.253833

0.744817, -0.135656
0.967228, 0.253910

0.745002, -0.135686
0.967207, 0.253988

0.745188, -0.135716
0.967187, 0.254065

0.745373, -0.135747
0.967167, 0.254142

0.745558, -0.135777
0.967147, 0.254219

0.745743, -0.135807
0.967126, 0.254296

0.745929, -0.135837
0.967106, 0.254374

0.746114, -0.135867
0.967086, 0.254451

0.746299, -0.135897
0.967065, 0.254528

0.746484, -0.135927
0.967045, 0.254605

0.746669, -0.135957
0.967025, 0.254683

0.746855, -0.135988
0.967004, 0.254760

0.747040, -0.136018
0.966984, 0.254837

0.747225, -0.136048
0.966964, 0.254914

0.747410, -0.136078
0.966943, 0.254991

0.747595, -0.136108
0.966923, 0.255069

0.747780, -0.136138
0.966903, 0.255146

0.747966, -0.136168
0.966882, 0.255223

0.748151, -0.136198
0.966862, 0.255300

0.748336, -0.136228
0.966841, 0.255378

0.748521, -0.136259
0.966821, 0.255455

0.748706, -0.136289
0.966801, 0.255532

0.748891, -0.136319
0.966780, 0.255609

0.749076, -0.136349
0.966760, 0.255686

0.749261, -0.136379
0.966739, 0.255764

0.749446, -0.136409
0.966719, 0.255841

0.749632, -0.136439
0.966699, 0.255918

0.749817, -0.136469
0.966678, 0.255995

0.750002, -0.136499
0.966658, 0.256072

0.750187, -0.136529
0.966637, 0.256149

0.750372, -0.136559
0.966617, 0.256227

0.750557, -0.136590
0.966596, 0.256304

0.750742, -0.136620
0.966576, 0.256381

0.750927, -0.136650
0.966555, 0.256458

0.751112, -0.136680
0.966535, 0.256535

0.751297, -0.136710
0.966514, 0.256613

0.751482, -0.136740
0.966494, 0.256690

0.751667, -0.136770
0.966473, 0.256767

0.751852, -0.136800
0.966453, 0.256844

0.752037, -0.136830
0.966432, 0.256921

0.752222, -0.136860
0.966412, 0.256998

0.752407, -0.136890
0.966391, 0.257076

0.752592, -0.136920
0.966371, 0.257153

0.752777, -0.136950
0.966350, 0.257230

0.752962, -0.136980
0.966330, 0.257307

0.753147, -0.137011
0.966309, 0.257384

0.753332, -0.137041
0.966289, 0.257461

0.753517, -0.137071
0.966268, 0.257539

0.753701, -0.137101
0.966247, 0.257616

0.753886, -0.137131
0.966227, 0.257693

0.754071, -0.137161
0.966206, 0.257770

0.754256, -0.137191
0.966186, 0.257847

0.754441, -0.137221
0.966165, 0.257924

0.754626, -0.137251
0.966145, 0.258001

0.754811, -0.137281
0.966124, 0.258079

0.754996, -0.137311
0.966103, 0.258156

0.755181, -0.137341
0.966083, 0.258233

0.755365, -0.137371
0.966062, 0.258310

0.755550, -0.137401
0.966041, 0.258387

0.755735, -0.137431
0.966021, 0.258464

0.755920, -0.137461
0.966000, 0.258541

0.756105, -0.137491
0.965980, 0.258619

0.756290, -0.137521
0.965959, 0.258696

0.756474, -0.137551
0.965938, 0.258773

0.756659, -0.137581
0.965918, 0.258850

0.756844, -0.137611
0.965897, 0.258927

0.757029, -0.137641
0.965876, 0.259004

0.757214, -0.137672
0.965855, 0.259081

0.757398, -0.137702
0.965835, 0.259158

0.757583, -0.137732
0.965814, 0.259236

0.757768, -0.137762
0.965793, 0.259313

0.757953, -0.137792
0.965773, 0.259390

0.758137, -0.137822
0.965752, 0.259467

0.758322, -0.137852
0.965731, 0.259544

0.758507, -0.137882
0.965711, 0.259621

0.758692, -0.137912
0.965690, 0.259698

0.758876, -0.137942
0.965669, 0.259775

0.759061, -0.137972
0.965648, 0.259853

0.759246, -0.138002
0.965628, 0.259930

0.759430, -0.138032
0.965607, 0.260007

0.759615, -0.138062
0.965586, 0.260084

0.759800, -0.138092
0.965565, 0.260161

0.759984, -0.138122
0.965544, 0.260238

0.760169, -0.138152
0.965524, 0.260315

0.760354, -0.138182
0.965503, 0.260392

0.760538, -0.138212
0.965482, 0.260469

0.760723, -0.138242
0.965461, 0.260546

0.760908, -0.138272
0.965441, 0.260624

0.761092, -0.138302
0.965420, 0.260701

0.761277, -0.138332
0.965399, 0.260778

0.761462, -0.138362
0.965378, 0.260855

0.761646, -0.138392
0.965357, 0.260932

0.761831, -0.138422
0.965336, 0.261009

0.762015, -0.138452
0.965316, 0.261086

0.762200, -0.138482
0.965295, 0.261163

0.762385, -0.138512
0.965274, 0.261240

0.762569, -0.138542
0.965253, 0.261317

0.762754, -0.138572
0.965232, 0.261394

0.762938, -0.138602
0.965211, 0.261471

0.763123, -0.138632
0.965190, 0.261549

0.763307, -0.138662
0.965169, 0.261626

0.763492, -0.138692
0.965149, 0.261703

0.763676, -0.138721
0.965128, 0.261780

0.763861, -0.138751
0.965107, 0.261857

0.764045, -0.138781
0.965086, 0.261934

0.764230, -0.138811
0.965065, 0.262011

0.764414, -0.138841
0.965044, 0.262088

0.764599, -0.138871
0.965023, 0.262165

0.764783, -0.138901
0.965002, 0.262242

0.764968, -0.138931
0.964981, 0.262319

0.765152, -0.138961
0.964960, 0.262396

0.765337, -0.138991
0.964939, 0.262473

0.765521, -0.139021
0.964918, 0.262550

0.765706, -0.139051
0.964897, 0.262627

0.765890, -0.139081
0.964876, 0.262704

0.766075, -0.139111
0.964855, 0.262781

0.766259, -0.139141
0.964834, 0.262858

0.766444, -0.139171
0.964813, 0.262936

0.766628, -0.139201
0.964792, 0.263013

0.766812, -0.139231
0.964771, 0.263090

0.766997, -0.139261
0.964750, 0.263167

0.767181, -0.139291
0.964729, 0.263244

0.767366, -0.139321
0.964708, 0.263321

0.767550, -0.139351
0.964687, 0.263398

0.767734, -0.139381
0.964666, 0.263475

0.767919, -0.139410
0.964645, 0.263552

0.768103, -0.139440
0.964624, 0.263629

0.768287, -0.139470
0.964603, 0.263706

0.768472, -0.139500
0.964582, 0.263783

0.768656, -0.139530
0.964561, 0.263860

0.768840, -0.139560
0.964540, 0.263937

0.769025, -0.139590
0.964519, 0.264014

0.769209, -0.139620
0.964498, 0.264091

0.769393, -0.139650
0.964477, 0.264168

0.769578, -0.139680
0.964456, 0.264245

0.769762, -0.139710
0.964434, 0.264322

0.769946, -0.139740
0.964413, 0.264399

0.770131, -0.139770
0.964392, 0.264476

0.770315, -0.139800
0.964371, 0.264553

0.770499, -0.139829
0.964350, 0.264630

0.770683, -0.139859
0.964329, 0.264707

0.770868, -0.139889
0.964308, 0.264784

0.771052, -0.139919
0.964287, 0.264861

0.771236, -0.139949
0.964265, 0.264938

0.771420, -0.139979
0.964244, 0.265015

0.771605, -0.140009
0.964223, 0.265092

0.771789, -0.140039
0.964202, 0.265169

0.771973, -0.140069
0.964181, 0.265246

0.772157, -0.140099
0.964160, 0.265323

0.772342, -0.140129
0.964138, 0.265400

0.772526, -0.140158
0.964117, 0.265477

0.772710, -0.140188
0.964096, 0.265554

0.772894, -0.140218
0.964075, 0.265631

0.773078, -0.140248
0.964054, 0.265708

0.773263, -0.140278
0.964032, 0.265785

0.773447, -0.140308
0.964011, 0.265862

0.773631, -0.140338
0.963990, 0.265939

0.773815, -0.140368
0.963969, 0.266016

0.773999, -0.140398
0.963947, 0.266093

0.774183, -0.140427
0.963926, 0.266170

0.774367, -0.140457
0.963905, 0.266247

0.774552, -0.140487
0.963884, 0.266324

0.774736, -0.140517
0.963862, 0.266401

0.774920, -0.140547
0.963841, 0.266478

0.775104, -0.140577
0.963820, 0.266555

0.775288, -0.140607
0.963799, 0.266632

0.775472, -0.140637
0.963777, 0.266709

0.775656, -0.140666
0.963756, 0.266785

0.775840, -0.140696
0.963735, 0.266862

0.776024, -0.140726
0.963713, 0.266939

0.776208, -0.140756
0.963692, 0.267016

0.776392, -0.140786
0.963671, 0.267093

0.776576, -0.140816
0.963649, 0.267170

0.776760, -0.140846
0.963628, 0.267247

0.776944, -0.140876
0.963607, 0.267324

0.777129, -0.140905
0.963585, 0.267401

0.777313, -0.140935
0.963564, 0.267478

0.777497, -0.140965
0.963543, 0.267555

0.777681, -0.140995
0.963521, 0.267632

0.777865, -0.141025
0.963500, 0.267709

0.778049, -0.141055
0.963478, 0.267786

0.778233, -0.141085
0.963457, 0.267863

0.778417, -0.141114
0.963436, 0.267940

0.778601, -0.141144
0.963414, 0.268017

0.778784, -0.141174
0.963393, 0.268094

0.778968, -0.141204
0.963371, 0.268170

0.779152, -0.141234
0.963350, 0.268247

0.779336, -0.141264
0.963329, 0.268324

0.779520, -0.141293
0.963307, 0.268401

0.779704, -0.141323
0.963286, 0.268478

0.779888, -0.141353
0.963264, 0.268555

0.780072, -0.141383
0.963243, 0.268632

0.780256, -0.141413
0.963221, 0.268709

0.780440, -0.141443
0.963200, 0.268786

0.780624, -0.141473
0.963179, 0.268863

0.780808, -0.141502
0.963157, 0.268940

0.780992, -0.141532
0.963136, 0.269017

0.781175, -0.141562
0.963114, 0.269093

0.781359, -0.141592
0.963093, 0.269170

0.781543, -0.141622
0.963071, 0.269247

0.781727, -0.141651
0.963050, 0.269324

0.781911, -0.141681
0.963028, 0.269401

0.782095, -0.141711
0.963007, 0.269478

0.782279, -0.141741
0.962985, 0.269555

0.782462, -0.141771
0.962964, 0.269632

0.782646, -0.141801
0.962942, 0.269709

0.782830, -0.141830
0.962920, 0.269786

0.783014, -0.141860
0.962899, 0.269862

0.783198, -0.141890
0.962877, 0.269939

0.783381, -0.141920
0.962856, 0.270016

0.783565, -0.141950
0.962834, 0.270093

0.783749, -0.141979
0.962813, 0.270170

0.783933, -0.142009
0.962791, 0.270247

0.784117, -0.142039
0.962769, 0.270324

0.784300, -0.142069
0.962748, 0.270401

0.784484, -0.142099
0.962726, 0.270477

0.784668, -0.142128
0.962705, 0.270554

0.784852, -0.142158
0.962683, 0.270631

0.785035, -0.142188
0.962661, 0.270708

0.785219, -0.142218
0.962640, 0.270785

0.785403, -0.142248
0.962618, 0.270862

0.785587, -0.142277
0.962597, 0.270939

0.785770, -0.142307
0.962575, 0.271016

0.785954, -0.142337
0.962553, 0.271092

0.786138, -0.142367
0.962532, 0.271169

0.786321, -0.142397
0.962510, 0.271246

0.786505, -0.142426
0.962488, 0.271323

0.786689, -0.142456
0.962467, 0.271400

0.786872, -0.142486
0.962445, 0.271477

0.787056, -0.142516
0.962423, 0.271554

0.787240, -0.142546
0.962402, 0.271630

0.787423, -0.142575
0.962380, 0.271707

0.787607, -0.142605
0.962358, 0.271784

0.787791, -0.142635
0.962337, 0.271861

0.787974, -0.142665
0.962315, 0.271938

0.788158, -0.142694
0.962293, 0.272015

0.788341, -0.142724
0.962271, 0.272091

0.788525, -0.142754
0.962250, 0.272168

0.788709, -0.142784
0.962228, 0.272245

0.788892, -0.142813
0.962206, 0.272322

0.789076, -0.142843
0.962184, 0.272399

0.789259, -0.142873
0.962163, 0.272476

0.789443, -0.142903
0.962141, 0.272552

0.789627, -0.142933
0.962119, 0.272629

0.789810, -0.142962
0.962097, 0.272706

0.789994, -0.142992
0.962076, 0.272783

0.790177, -0.143022
0.962054, 0.272860

0.790361, -0.143052
0.962032, 0.272937

0.790544, -0.143081
0.962010, 0.273013

0.790728, -0.143111
0.961988, 0.273090

0.790911, -0.143141
0.961967, 0.273167

0.791095, -0.143171
0.961945, 0.273244

0.791278, -0.143200
0.961923, 0.273321

0.791462, -0.143230
0.961901, 0.273397

0.791645, -0.143260
0.961879, 0.273474

0.791829, -0.143290
0.961857, 0.273551

0.792012, -0.143319
0.961836, 0.273628

0.792196, -0.143349
0.961814, 0.273705

0.792379, -0.143379
0.961792, 0.273781

0.792563, -0.143409
0.961770, 0.273858

0.792746, -0.143438
0.961748, 0.273935

0.792930, -0.143468
0.961726, 0.274012

0.793113, -0.143498
0.961704, 0.274089

0.793297, -0.143527
0.961683, 0.274165

0.793480, -0.143557
0.961661, 0.274242

0.793664, -0.143587
0.961639, 0.274319

0.793847, -0.143617
0.961617, 0.274396

0.794030, -0.143646
0.961595, 0.274473

0.794214, -0.143676
0.961573, 0.274549

0.794397, -0.143706
0.961551, 0.274626

0.794581, -0.143736
0.961529, 0.274703

0.794764, -0.143765
0.961507, 0.274780

0.794947, -0.143795
0.961485, 0.274856

0.795131, -0.143825
0.961463, 0.274933

0.795314, -0.143854
0.961441, 0.275010

0.795497, -0.143884
0.961419, 0.275087

0.795681, -0.143914
0.961397, 0.275164

0.795864, -0.143944
0.961375, 0.275240

0.796048, -0.143973
0.961353, 0.275317

0.796231, -0.144003
0.961331, 0.275394

0.796414, -0.144033
0.961309, 0.275471

0.796598, -0.144062
0.961287, 0.275547

0.796781, -0.144092
0.961265, 0.275624

0.796964, -0.144122
0.961243, 0.275701

0.797147, -0.144152
0.961221, 0.275778

0.797331, -0.144181
0.961199, 0.275854

0.797514, -0.144211
0.961177, 0.275931

0.797697, -0.144241
0.961155, 0.276008

0.797881, -0.144270
0.961133, 0.276085

0.798064, -0.144300
0.961111, 0.276161

0.798247, -0.144330
0.961089, 0.276238

0.798430, -0.144359
0.961067, 0.276315

0.798614, -0.144389
0.961045, 0.276392

0.798797, -0.144419
0.961023, 0.276468

0.798980, -0.144448
0.961001, 0.276545

0.799163, -0.144478
0.960979, 0.276622

0.799347, -0.144508
0.960957, 0.276699

0.799530, -0.144538
0.960935, 0.276775

0.799713, -0.144567
0.960913, 0.276852

0.799896, -0.144597
0.960890, 0.276929

0.800079, -0.144627
0.960868, 0.277006

0.800263, -0.144656
0.960846, 0.277082

0.800446, -0.144686
0.960824, 0.277159

0.800629, -0.144716
0.960802, 0.277236

0.800812, -0.144745
0.960780, 0.277312

0.800995, -0.144775
0.960758, 0.277389

0.801179, -0.144805
0.960736, 0.277466

0.801362, -0.144834
0.960713, 0.277543

0.801545, -0.144864
0.960691, 0.277619

0.801728, -0.144894
0.960669, 0.277696

0.801911, -0.144923
0.960647, 0.277773

0.802094, -0.144953
0.960625, 0.277849

0.802277, -0.144983
0.960602, 0.277926

0.802460, -0.145012
0.960580, 0.278003

0.802644, -0.145042
0.960558, 0.278080

0.802827, -0.145072
0.960536, 0.278156

0.803010, -0.145101
0.960514, 0.278233

0.803193, -0.145131
0.960491, 0.278310

0.803376, -0.145161
0.960469, 0.278386

0.803559, -0.145190
0.960447, 0.278463

0.803742, -0.145220
0.960425, 0.278540

0.803925, -0.145250
0.960402, 0.278616

0.804108, -0.145279
0.960380, 0.278693

0.804291, -0.145309
0.960358, 0.278770

0.804474, -0.145338
0.960336, 0.278846

0.804657, -0.145368
0.960313, 0.278923

0.804840, -0.145398
0.960291, 0.279000

0.805023, -0.145427
0.960269, 0.279076

0.805206, -0.145457
0.960247, 0.279153

0.805389, -0.145487
0.960224, 0.279230

0.805572, -0.145516
0.960202, 0.279307

0.805755, -0.145546
0.960180, 0.279383

0.805938, -0.145576
0.960157, 0.279460

0.806121, -0.145605
0.960135, 0.279537

0.806304, -0.145635
0.960113, 0.279613

0.806487, -0.145664
0.960090, 0.279690

0.806670, -0.145694
0.960068, 0.279767

0.806853, -0.145724
0.960046, 0.279843

0.807036, -0.145753
0.960023, 0.279920

0.807219, -0.145783
0.960001, 0.279996

0.807402, -0.145813
0.959979, 0.280073

0.807585, -0.145842
0.959956, 0.280150

0.807768, -0.145872
0.959934, 0.280226

0.807951, -0.145901
0.959912, 0.280303

0.808134, -0.145931
0.959889, 0.280380

0.808317, -0.145961
0.959867, 0.280456

0.808500, -0.145990
0.959844, 0.280533

0.808683, -0.146020
0.959822, 0.280610

0.808866, -0.146050
0.959800, 0.280686

0.809048, -0.146079
0.959777, 0.280763

0.809231, -0.146109
0.959755, 0.280840

0.809414, -0.146138
0.959732, 0.280916

0.809597, -0.146168
0.959710, 0.280993

0.809780, -0.146198
0.959687, 0.281070

0.809963, -0.146227
0.959665, 0.281146

0.810146, -0.146257
0.959643, 0.281223

0.810329, -0.146286
0.959620, 0.281299

0.810511, -0.146316
0.959598, 0.281376

0.810694, -0.146346
0.959575, 0.281453

0.810877, -0.146375
0.959553, 0.281529

0.811060, -0.146405
0.959530, 0.281606

0.811243, -0.146434
0.959508, 0.281683

0.811425, -0.146464
0.959485, 0.281759

0.811608, -0.146494
0.959463, 0.281836

0.811791, -0.146523
0.959440, 0.281912

0.811974, -0.146553
0.959418, 0.281989

0.812157, -0.146582
0.959395, 0.282066

0.812339, -0.146612
0.959373, 0.282142

0.812522, -0.146641
0.959350, 0.282219

0.812705, -0.146671
0.959328, 0.282295

0.812888, -0.146701
0.959305, 0.282372

0.813070, -0.146730
0.959282, 0.282449

0.813253, -0.146760
0.959260, 0.282525

0.813436, -0.146789
0.959237, 0.282602

0.813619, -0.146819
0.959215, 0.282678

0.813801, -0.146849
0.959192, 0.282755

0.813984, -0.146878
0.959170, 0.282832

0.814167, -0.146908
0.959147, 0.282908

0.814350, -0.146937
0.959124, 0.282985

0.814532, -0.146967
0.959102, 0.283061

0.814715, -0.146996
0.959079, 0.283138

0.814898, -0.147026
0.959057, 0.283215

0.815080, -0.147055
0.959034, 0.283291

0.815263, -0.147085
0.959011, 0.283368

0.815446, -0.147115
0.958989, 0.283444

0.815628, -0.147144
0.958966, 0.283521

0.815811, -0.147174
0.958943, 0.283597

0.815994, -0.147203
0.958921, 0.283674

0.816176, -0.147233
0.958898, 0.283751

0.816359, -0.147262
0.958875, 0.283827

0.816542, -0.147292
0.958853, 0.283904

0.816724, -0.147321
0.958830, 0.283980

0.816907, -0.147351
0.958807, 0.284057

0.817089, -0.147381
0.958785, 0.284133

0.817272, -0.147410
0.958762, 0.284210

0.817455, -0.147440
0.958739, 0.284286

0.817637, -0.147469
0.958717, 0.284363

0.817820, -0.147499
0.958694, 0.284440

0.818002, -0.147528
0.958671, 0.284516

0.818185, -0.147558
0.958649, 0.284593

0.818368, -0.147587
0.958626, 0.284669

0.818550, -0.147617
0.958603, 0.284746

0.818733, -0.147646
0.958580, 0.284822

0.818915, -0.147676
0.958558, 0.284899

0.819098, -0.147706
0.958535, 0.284975

0.819280, -0.147735
0.958512, 0.285052

0.819463, -0.147765
0.958489, 0.285128

0.819645, -0.147794
0.958467, 0.285205

0.819828, -0.147824
0.958444, 0.285282

0.820010, -0.147853
0.958421, 0.285358

0.820193, -0.147883
0.958398, 0.285435

0.820375, -0.147912
0.958375, 0.285511

0.820558, -0.147942
0.958353, 0.285588

0.820740, -0.147971
0.958330, 0.285664

0.820923, -0.148001
0.958307, 0.285741

0.821105, -0.148030
0.958284, 0.285817

0.821288, -0.148060
0.958261, 0.285894

0.821470, -0.148089
0.958238, 0.285970

0.821653, -0.148119
0.958216, 0.286047

0.821835, -0.148148
0.958193, 0.286123

0.822018, -0.148178
0.958170, 0.286200

0.822200, -0.148207
0.958147, 0.286276

0.822383, -0.148237
0.958124, 0.286353

0.822565, -0.148266
0.958101, 0.286429

0.822747, -0.148296
0.958078, 0.286506

0.822930, -0.148325
0.958056, 0.286582

0.823112, -0.148355
0.958033, 0.286659

0.823295, -0.148384
0.958010, 0.286735

0.823477, -0.148414
0.957987, 0.286812

0.823659, -0.148443
0.957964, 0.286888

0.823842, -0.148473
0.957941, 0.286965

0.824024, -0.148502
0.957918, 0.287041

0.824207, -0.148532
0.957895, 0.287118

0.824389, -0.148561
0.957872, 0.287194

0.824571, -0.148591
0.957849, 0.287271

0.824754, -0.148620
0.957826, 0.287347

0.824936, -0.148650
0.957804, 0.287424

0.825118, -0.148679
0.957781, 0.287500

0.825301, -0.148709
0.957758, 0.287577

0.825483, -0.148738
0.957735, 0.287653

0.825665, -0.148768
0.957712, 0.287730

0.825848, -0.148797
0.957689, 0.287806

0.826030, -0.148827
0.957666, 0.287883

0.826212, -0.148856
0.957643, 0.287959

0.826395, -0.148886
0.957620, 0.288036

0.826577, -0.148915
0.957597, 0.288112

0.826759, -0.148945
0.957574, 0.288188

0.826941, -0.148974
0.957551, 0.288265

0.827124, -0.149004
0.957528, 0.288341

0.827306, -0.149033
0.957505, 0.288418

0.827488, -0.149063
0.957482, 0.288494

0.827671, -0.149092
0.957459, 0.288571

0.827853, -0.149122
0.957436, 0.288647

0.828035, -0.149151
0.957412, 0.288724

0.828217, -0.149180
0.957389, 0.288800

0.828400, -0.149210
0.957366, 0.288877

0.828582, -0.149239
0.957343, 0.288953

0.828764, -0.149269
0.957320, 0.289029

0.828946, -0.149298
0.957297, 0.289106

0.829128, -0.149328
0.957274, 0.289182

0.829311, -0.149357
0.957251, 0.289259

0.829493, -0.149387
0.957228, 0.289335

0.829675, -0.149416
0.957205, 0.289412

0.829857, -0.149446
0.957182, 0.289488

0.830039, -0.149475
0.957158, 0.289565

0.830222, -0.149505
0.957135, 0.289641

0.830404, -0.149534
0.957112, 0.289717

0.830586, -0.149563
0.957089, 0.289794

0.830768, -0.149593
0.957066, 0.289870

0.830950, -0.149622
0.957043, 0.289947

0.831132, -0.149652
0.957020, 0.290023

0.831315, -0.149681
0.956996, 0.290099

0.831497, -0.149711
0.956973, 0.290176

0.831679, -0.149740
0.956950, 0.290252

0.831861, -0.149770
0.956927, 0.290329

0.832043, -0.149799
0.956904, 0.290405

0.832225, -0.149828
0.956881, 0.290482

0.832407, -0.149858
0.956857, 0.290558

0.832589, -0.149887
0.956834, 0.290634

0.832771, -0.149917
0.956811, 0.290711

0.832954, -0.149946
0.956788, 0.290787

0.833136, -0.149976
0.956765, 0.290864

0.833318, -0.150005
0.956741, 0.290940

0.833500, -0.150034
0.956718, 0.291016

0.833682, -0.150064
0.956695, 0.291093

0.833864, -0.150093
0.956672, 0.291169

0.834046, -0.150123
0.956648, 0.291246

0.834228, -0.150152
0.956625, 0.291322

0.834410, -0.150182
0.956602, 0.291398

0.834592, -0.150211
0.956579, 0.291475

0.834774, -0.150240
0.956555, 0.291551

0.834956, -0.150270
0.956532, 0.291627

0.835138, -0.150299
0.956509, 0.291704

0.835320, -0.150329
0.956485, 0.291780

0.835502, -0.150358
0.956462, 0.291857

0.835684, -0.150387
0.956439, 0.291933

0.835866, -0.150417
0.956415, 0.292009

0.836048, -0.150446
0.956392, 0.292086

0.836230, -0.150476
0.956369, 0.292162

0.836412, -0.150505
0.956345, 0.292238

0.836594, -0.150534
0.956322, 0.292315

0.836776, -0.150564
0.956299, 0.292391

0.836958, -0.150593
0.956275, 0.292468

0.837140, -0.150623
0.956252, 0.292544

0.837322, -0.150652
0.956229, 0.292620

0.837504, -0.150681
0.956205, 0.292697

0.837686, -0.150711
0.956182, 0.292773

0.837868, -0.150740
0.956159, 0.292849

0.838050, -0.150770
0.956135, 0.292926

0.838231, -0.150799
0.956112, 0.293002

0.838413, -0.150828
0.956088, 0.293078

0.838595, -0.150858
0.956065, 0.293155

0.838777, -0.150887
0.956042, 0.293231

0.838959, -0.150917
0.956018, 0.293307

0.839141, -0.150946
0.955995, 0.293384

0.839323, -0.150975
0.955971, 0.293460

0.839505, -0.151005
0.955948, 0.293536

0.839687, -0.151034
0.955924, 0.293613

0.839868, -0.151064
0.955901, 0.293689

0.840050, -0.151093
0.955878, 0.293765

0.840232, -0.151122
0.955854, 0.293842

0.840414, -0.151152
0.955831, 0.293918

0.840596, -0.151181
0.955807, 0.293994

0.840778, -0.151210
0.955784, 0.294071

0.840959, -0.151240
0.955760, 0.294147

0.841141, -0.151269
0.955737, 0.294223

0.841323, -0.151299
0.955713, 0.294300

0.841505, -0.151328
0.955690, 0.294376

0.841687, -0.151357
0.955666, 0.294452

0.841869, -0.151387
0.955643, 0.294529

0.842050, -0.151416
0.955619, 0.294605

0.842232, -0.151445
0.955596, 0.294681

0.842414, -0.151475
0.955572, 0.294757

0.842596, -0.151504
0.955549, 0.294834

0.842777, -0.151533
0.955525, 0.294910

0.842959, -0.151563
0.955501, 0.294986

0.843141, -0.151592
0.955478, 0.295063

0.843323, -0.151622
0.955454, 0.295139

0.843504, -0.151651
0.955431, 0.295215

0.843686, -0.151680
0.955407, 0.295292

0.843868, -0.151710
0.955384, 0.295368

0.844050, -0.151739
0.955360, 0.295444

0.844231, -0.151768
0.955336, 0.295520

0.844413, -0.151798
0.955313, 0.295597

0.844595, -0.151827
0.955289, 0.295673

0.844776, -0.151856
0.955266, 0.295749

0.844958, -0.151886
0.955242, 0.295826

0.845140, -0.151915
0.955218, 0.295902

0.845322, -0.151944
0.955195, 0.295978

0.845503, -0.151974
0.955171, 0.296054

0.845685, -0.152003
0.955147, 0.296131

0.845867, -0.152032
0.955124, 0.296207

0.846048, -0.152062
0.955100, 0.296283

0.846230, -0.152091
0.955076, 0.296359

0.846412, -0.152120
0.955053, 0.296436

0.846593, -0.152150
0.955029, 0.296512

0.846775, -0.152179
0.955005, 0.296588

0.846957, -0.152208
0.954982, 0.296664

0.847138, -0.152238
0.954958, 0.296741

0.847320, -0.152267
0.954934, 0.296817

0.847501, -0.152296
0.954911, 0.296893

0.847683, -0.152326
0.954887, 0.296969

0.847865, -0.152355
0.954863, 0.297046

0.848046, -0.152384
0.954840, 0.297122

0.848228, -0.152414
0.954816, 0.297198

0.848409, -0.152443
0.954792, 0.297274

0.848591, -0.152472
0.954768, 0.297351

0.848773, -0.152502
0.954745, 0.297427

0.848954, -0.152531
0.954721, 0.297503

0.849136, -0.152560
0.954697, 0.297579

0.849317, -0.152590
0.954673, 0.297656

0.849499, -0.152619
0.954650, 0.297732

0.849680, -0.152648
0.954626, 0.297808

0.849862, -0.152677
0.954602, 0.297884

0.850043, -0.152707
0.954578, 0.297961

0.850225, -0.152736
0.954554, 0.298037

0.850406, -0.152765
0.954531, 0.298113

0.850588, -0.152795
0.954507, 0.298189

0.850770, -0.152824
0.954483, 0.298265

0.850951, -0.152853
0.954459, 0.298342

0.851133, -0.152883
0.954435, 0.298418

0.851314, -0.152912
0.954411, 0.298494

0.851496, -0.152941
0.954388, 0.298570

0.851677, -0.152970
0.954364, 0.298646

0.851858, -0.153000
0.954340, 0.298723

0.852040, -0.153029
0.954316, 0.298799

0.852221, -0.153058
0.954292, 0.298875

0.852403, -0.153088
0.954268, 0.298951

0.852584, -0.153117
0.954244, 0.299027

0.852766, -0.153146
0.954221, 0.299104

0.852947, -0.153176
0.954197, 0.299180

0.853129, -0.153205
0.954173, 0.299256

0.853310, -0.153234
0.954149, 0.299332

0.853492, -0.153263
0.954125, 0.299408

0.853673, -0.153293
0.954101, 0.299485

0.853854, -0.153322
0.954077, 0.299561

0.854036, -0.153351
0.954053, 0.299637

0.854217, -0.153381
0.954029, 0.299713

0.854399, -0.153410
0.954005, 0.299789

0.854580, -0.153439
0.953981, 0.299866

0.854761, -0.153468
0.953958, 0.299942

0.854943, -0.153498
0.953934, 0.300018

0.855124, -0.153527
0.953910, 0.300094

0.855306, -0.153556
0.953886, 0.300170

0.855487, -0.153585
0.953862, 0.300246

0.855668, -0.153615
0.953838, 0.300323

0.855850, -0.153644
0.953814, 0.300399

0.856031, -0.153673
0.953790, 0.300475

0.856212, -0.153702
0.953766, 0.300551

0.856394, -0.153732
0.953742, 0.300627

0.856575, -0.153761
0.953718, 0.300703

0.856756, -0.153790
0.953694, 0.300780

0.856938, -0.153820
0.953670, 0.300856

0.857119, -0.153849
0.953646, 0.300932

0.857300, -0.153878
0.953622, 0.301008

0.857482, -0.153907
0.953598, 0.301084

0.857663, -0.153937
0.953574, 0.301160

0.857844, -0.153966
0.953549, 0.301236

0.858025, -0.153995
0.953525, 0.301313

0.858207, -0.154024
0.953501, 0.301389

0.858388, -0.154054
0.953477, 0.301465

0.858569, -0.154083
0.953453, 0.301541

0.858751, -0.154112
0.953429, 0.301617

0.858932, -0.154141
0.953405, 0.301693

0.859113, -0.154171
0.953381, 0.301769

0.859294, -0.154200
0.953357, 0.301845

0.859476, -0.154229
0.953333, 0.301922

0.859657, -0.154258
0.953309, 0.301998

0.859838, -0.154288
0.953285, 0.302074

0.860019, -0.154317
0.953260, 0.302150

0.860200, -0.154346
0.953236, 0.302226

0.860382, -0.154375
0.953212, 0.302302

0.860563, -0.154404
0.953188, 0.302378

0.860744, -0.154434
0.953164, 0.302454

0.860925, -0.154463
0.953140, 0.302531

0.861106, -0.154492
0.953116, 0.302607

0.861288, -0.154521
0.953091, 0.302683

0.861469, -0.154551
0.953067, 0.302759

0.861650, -0.154580
0.953043, 0.302835

0.861831, -0.154609
0.953019, 0.302911

0.862012, -0.154638
0.952995, 0.302987

0.862194, -0.154668
0.952970, 0.303063

0.862375, -0.154697
0.952946, 0.303139

0.862556, -0.154726
0.952922, 0.303215

0.862737, -0.154755
0.952898, 0.303292

0.862918, -0.154784
0.952874, 0.303368

0.863099, -0.154814
0.952849, 0.303444

0.863280, -0.154843
0.952825, 0.303520

0.863461, -0.154872
0.952801, 0.303596

0.863643, -0.154901
0.952777, 0.303672

0.863824, -0.154930
0.952752, 0.303748

0.864005, -0.154960
0.952728, 0.303824

0.864186, -0.154989
0.952704, 0.303900

0.864367, -0.155018
0.952680, 0.303976

0.864548, -0.155047
0.952655, 0.304052

0.864729, -0.155077
0.952631, 0.304128

0.864910, -0.155106
0.952607, 0.304204

0.865091, -0.155135
0.952582, 0.304281

0.865272, -0.155164
0.952558, 0.304357

0.865453, -0.155193
0.952534, 0.304433

0.865634, -0.155223
0.952510, 0.304509

0.865816, -0.155252
0.952485, 0.304585

0.865997, -0.155281
0.952461, 0.304661

0.866178, -0.155310
0.952437, 0.304737

0.866359, -0.155339
0.952412, 0.304813

0.866540, -0.155369
0.952388, 0.304889

0.866721, -0.155398
0.952364, 0.304965

0.866902, -0.155427
0.952339, 0.305041

0.867083, -0.155456
0.952315, 0.305117

0.867264, -0.155485
0.952290, 0.305193

0.867445, -0.155514
0.952266, 0.305269

0.867626, -0.155544
0.952242, 0.305345

0.867807, -0.155573
0.952217, 0.305421

0.867988, -0.155602
0.952193, 0.305497

0.868169, -0.155631
0.952169, 0.305573

0.868350, -0.155660
0.952144, 0.305649

0.868531, -0.155690
0.952120, 0.305725

0.868712, -0.155719
0.952095, 0.305801

0.868893, -0.155748
0.952071, 0.305877

0.869073, -0.155777
0.952046, 0.305953

0.869254, -0.155806
0.952022, 0.306030

0.869435, -0.155835
0.951998, 0.306106

0.869616, -0.155865
0.951973, 0.306182

0.869797, -0.155894
0.951949, 0.306258

0.869978, -0.155923
0.951924, 0.306334

0.870159, -0.155952
0.951900, 0.306410

0.870340, -0.155981
0.951875, 0.306486

0.870521, -0.156010
0.951851, 0.306562

0.870702, -0.156040
0.951826, 0.306638

0.870883, -0.156069
0.951802, 0.306714

0.871064, -0.156098
0.951777, 0.306790

0.871244, -0.156127
0.951753, 0.306866

0.871425, -0.156156
0.951728, 0.306942

0.871606, -0.156185
0.951704, 0.307018

0.871787, -0.156215
0.951679, 0.307094

0.871968, -0.156244
0.951655, 0.307170

0.872149, -0.156273
0.951630, 0.307246

0.872330, -0.156302
0.951606, 0.307322

0.872510, -0.156331
0.951581, 0.307398

0.872691, -0.156360
0.951557, 0.307474

0.872872, -0.156389
0.951532, 0.307550

0.873053, -0.156419
0.951508, 0.307626

0.873234, -0.156448
0.951483, 0.307701

0.873415, -0.156477
0.951458, 0.307777

0.873595, -0.156506
0.951434, 0.307853

0.873776, -0.156535
0.951409, 0.307929

0.873957, -0.156564
0.951385, 0.308005

0.874138, -0.156594
0.951360, 0.308081

0.874319, -0.156623
0.951335, 0.308157

0.874499, -0.156652
0.951311, 0.308233

0.874680, -0.156681
0.951286, 0.308309

0.874861, -0.156710
0.951262, 0.308385

0.875042, -0.156739
0.951237, 0.308461

0.875222, -0.156768
0.951212, 0.308537

0.875403, -0.156797
0.951188, 0.308613

0.875584, -0.156827
0.951163, 0.308689

0.875765, -0.156856
0.951138, 0.308765

0.875945, -0.156885
0.951114, 0.308841

0.876126, -0.156914
0.951089, 0.308917

0.876307, -0.156943
0.951064, 0.308993

0.876488, -0.156972
0.951040, 0.309069

0.876668, -0.157001
0.951015, 0.309145

0.876849, -0.157030
0.950990, 0.309221

0.877030, -0.157060
0.950966, 0.309297

0.877211, -0.157089
0.950941, 0.309373

0.877391, -0.157118
0.950916, 0.309448

0.877572, -0.157147
0.950892, 0.309524

0.877753, -0.157176
0.950867, 0.309600

0.877933, -0.157205
0.950842, 0.309676

0.878114, -0.157234
0.950817, 0.309752

0.878295, -0.157263
0.950793, 0.309828

0.878475, -0.157293
0.950768, 0.309904

0.878656, -0.157322
0.950743, 0.309980

0.878837, -0.157351
0.950718, 0.310056

0.879017, -0.157380
0.950694, 0.310132

0.879198, -0.157409
0.950669, 0.310208

0.879379, -0.157438
0.950644, 0.310284

0.879559, -0.157467
0.950619, 0.310359

0.879740, -0.157496
0.950594, 0.310435

0.879920, -0.157525
0.950570, 0.310511

0.880101, -0.157554
0.950545, 0.310587

0.880282, -0.157584
0.950520, 0.310663

0.880462, -0.157613
0.950495, 0.310739

0.880643, -0.157642
0.950470, 0.310815

0.880823, -0.157671
0.950446, 0.310891

0.881004, -0.157700
0.950421, 0.310967

0.881185, -0.157729
0.950396, 0.311043

0.881365, -0.157758
0.950371, 0.311118

0.881546, -0.157787
0.950346, 0.311194

0.881726, -0.157816
0.950321, 0.311270

0.881907, -0.157845
0.950297, 0.311346

0.882087, -0.157875
0.950272, 0.311422

0.882268, -0.157904
0.950247, 0.311498

0.882449, -0.157933
0.950222, 0.311574

0.882629, -0.157962
0.950197, 0.311650

0.882810, -0.157991
0.950172, 0.311725

0.882990, -0.158020
0.950147, 0.311801

0.883171, -0.158049
0.950122, 0.311877

0.883351, -0.158078
0.950098, 0.311953

0.883532, -0.158107
0.950073, 0.312029

0.883712, -0.158136
0.950048, 0.312105

0.883893, -0.158165
0.950023, 0.312181

0.884073, -0.158194
0.949998, 0.312257

0.884254, -0.158223
0.949973, 0.312332

0.884434, -0.158253
0.949948, 0.312408

0.884615, -0.158282
0.949923, 0.312484

0.884795, -0.158311
0.949898, 0.312560

0.884976, -0.158340
0.949873, 0.312636

0.885156, -0.158369
0.949848, 0.312712

0.885337, -0.158398
0.949823, 0.312788

0.885517, -0.158427
0.949798, 0.312863

0.885698, -0.158456
0.949773, 0.312939

0.885878, -0.158485
0.949748, 0.313015

0.886058, -0.158514
0.949723, 0.313091

0.886239, -0.158543
0.949698, 0.313167

0.886419, -0.158572
0.949673, 0.313243

0.886600, -0.158601
0.949648, 0.313318

0.886780, -0.158630
0.949623, 0.313394

0.886961, -0.158659
0.949598, 0.313470

0.887141, -0.158689
0.949573, 0.313546

0.887321, -0.158718
0.949548, 0.313622

0.887502, -0.158747
0.949523, 0.313697

0.887682, -0.158776
0.949498, 0.313773

0.887863, -0.158805
0.949473, 0.313849

0.888043, -0.158834
0.949448, 0.313925

0.888223, -0.158863
0.949423, 0.314001

0.888404, -0.158892
0.949398, 0.314077

0.888584, -0.158921
0.949373, 0.314152

0.888764, -0.158950
0.949347, 0.314228

0.888945, -0.158979
0.949322, 0.314304

0.889125, -0.159008
0.949297, 0.314380

0.889305, -0.159037
0.949272, 0.314456

0.889486, -0.159066
0.949247, 0.314531

0.889666, -0.159095
0.949222, 0.314607

0.889846, -0.159124
0.949197, 0.314683

0.890027, -0.159153
0.949172, 0.314759

0.890207, -0.159182
0.949147, 0.314835

0.890387, -0.159211
0.949121, 0.314910

0.890568, -0.159240
0.949096, 0.314986

0.890748, -0.159269
0.949071, 0.315062

0.890928, -0.159298
0.949046, 0.315138

0.891109, -0.159327
0.949021, 0.315214

0.891289, -0.159356
0.948996, 0.315289

0.891469, -0.159385
0.948970, 0.315365

0.891650, -0.159415
0.948945, 0.315441

0.891830, -0.159444
0.948920, 0.315517

0.892010, -0.159473
0.948895, 0.315592

0.892190, -0.159502
0.948870, 0.315668

0.892371, -0.159531
0.948844, 0.315744

0.892551, -0.159560
0.948819, 0.315820

0.892731, -0.159589
0.948794, 0.315895

0.892911, -0.159618
0.948769, 0.315971

0.893092, -0.159647
0.948744, 0.316047

0.893272, -0.159676
0.948718, 0.316123

0.893452, -0.159705
0.948693, 0.316198

0.893632, -0.159734
0.948668, 0.316274

0.893812, -0.159763
0.948643, 0.316350

0.893993, -0.159792
0.948617, 0.316426

0.894173, -0.159821
0.948592, 0.316501

0.894353, -0.159850
0.948567, 0.316577

0.894533, -0.159879
0.948541, 0.316653

0.894713, -0.159908
0.948516, 0.316729

0.894894, -0.159937
0.948491, 0.316804

0.895074, -0.159966
0.948466, 0.316880

0.895254, -0.159995
0.948440, 0.316956

0.895434, -0.160024
0.948415, 0.317032

0.895614, -0.160053
0.948390, 0.317107

0.895794, -0.160082
0.948364, 0.317183

0.895975, -0.160111
0.948339, 0.317259

0.896155, -0.160140
0.948314, 0.317335

0.896335, -0.160169
0.948288, 0.317410

0.896515, -0.160198
0.948263, 0.317486

0.896695, -0.160227
0.948238, 0.317562

0.896875, -0.160256
0.948212, 0.317637

0.897055, -0.160285
0.948187, 0.317713

0.897236, -0.160314
0.948162, 0.317789

0.897416, -0.160343
0.948136, 0.317865

0.897596, -0.160372
0.948111, 0.317940

0.897776, -0.160401
0.948085, 0.318016

0.897956, -0.160430
0.948060, 0.318092

0.898136, -0.160459
0.948035, 0.318167

0.898316, -0.160488
0.948009, 0.318243

0.898496, -0.160517
0.947984, 0.318319

0.898676, -0.160546
0.947958, 0.318394

0.898856, -0.160575
0.947933, 0.318470

0.899036, -0.160604
0.947907, 0.318546

0.899217, -0.160633
0.947882, 0.318622

0.899397, -0.160661
0.947857, 0.318697

0.899577, -0.160690
0.947831, 0.318773

0.899757, -0.160719
0.947806, 0.318849

0.899937, -0.160748
0.947780, 0.318924

0.900117, -0.160777
0.947755, 0.319000

0.900297, -0.160806
0.947729, 0.319076

0.900477, -0.160835
0.947704, 0.319151

0.900657, -0.160864
0.947678, 0.319227

0.900837, -0.160893
0.947653, 0.319303

0.901017, -0.160922
0.947627, 0.319378

0.901197, -0.160951
0.947602, 0.319454

0.901377, -0.160980
0.947576, 0.319530

0.901557, -0.161009
0.947551, 0.319605

0.901737, -0.161038
0.947525, 0.319681

0.901917, -0.161067
0.947500, 0.319757

0.902097, -0.161096
0.947474, 0.319832

0.902277, -0.161125
0.947449, 0.319908

0.902457, -0.161154
0.947423, 0.319984

0.902637, -0.161183
0.947398, 0.320059

0.902817, -0.161212
0.947372, 0.320135

0.902997, -0.161241
0.947346, 0.320211

0.903177, -0.161270
0.947321, 0.320286

0.903356, -0.161299
0.947295, 0.320362

0.903536, -0.161328
0.947270, 0.320438

0.903716, -0.161357
0.947244, 0.320513

0.903896, -0.161385
0.947218, 0.320589

0.904076, -0.161414
0.947193, 0.320664

0.904256, -0.161443
0.947167, 0.320740

0.904436, -0.161472
0.947142, 0.320816

0.904616, -0.161501
0.947116, 0.320891

0.904796, -0.161530
0.947090, 0.320967

0.904976, -0.161559
0.947065, 0.321043

0.905156, -0.161588
0.947039, 0.321118

0.905336, -0.161617
0.947013, 0.321194

0.905515, -0.161646
0.946988, 0.321269

0.905695, -0.161675
0.946962, 0.321345

0.905875, -0.161704
0.946937, 0.321421

0.906055, -0.161733
0.946911, 0.321496

0.906235, -0.161762
0.946885, 0.321572

0.906415, -0.161791
0.946859, 0.321648

0.906595, -0.161820
0.946834, 0.321723

0.906774, -0.161848
0.946808, 0.321799

0.906954, -0.161877
0.946782, 0.321874

0.907134, -0.161906
0.946757, 0.321950

0.907314, -0.161935
0.946731, 0.322026

0.907494, -0.161964
0.946705, 0.322101

0.907674, -0.161993
0.946680, 0.322177

0.907853, -0.162022
0.946654, 0.322252

0.908033, -0.162051
0.946628, 0.322328

0.908213, -0.162080
0.946602, 0.322403

0.908393, -0.162109
0.946577, 0.322479

0.908573, -0.162138
0.946551, 0.322555

0.908752, -0.162167
0.946525, 0.322630

0.908932, -0.162196
0.946499, 0.322706

0.909112, -0.162224
0.946474, 0.322781

0.909292, -0.162253
0.946448, 0.322857

0.909472, -0.162282
0.946422, 0.322933

0.909651, -0.162311
0.946396, 0.323008

0.909831, -0.162340
0.946370, 0.323084

0.910011, -0.162369
0.946345, 0.323159

0.910191, -0.162398
0.946319, 0.323235

0.910370, -0.162427
0.946293, 0.323310

0.910550, -0.162456
0.946267, 0.323386

0.910730, -0.162485
0.946241, 0.323462

0.910909, -0.162514
0.946215, 0.323537

0.911089, -0.162542
0.946190, 0.323613

0.911269, -0.162571
0.946164, 0.323688

0.911449, -0.162600
0.946138, 0.323764

0.911628, -0.162629
0.946112, 0.323839

0.911808, -0.162658
0.946086, 0.323915

0.911988, -0.162687
0.946060, 0.323990

0.912167, -0.162716
0.946035, 0.324066

0.912347, -0.162745
0.946009, 0.324141

0.912527, -0.162774
0.945983, 0.324217

0.912707, -0.162802
0.945957, 0.324293

0.912886, -0.162831
0.945931, 0.324368

0.913066, -0.162860
0.945905, 0.324444

0.913246, -0.162889
0.945879, 0.324519

0.913425, -0.162918
0.945853, 0.324595

0.913605, -0.162947
0.945827, 0.324670

0.913784, -0.162976
0.945801, 0.324746

0.913964, -0.163005
0.945775, 0.324821

0.914144, -0.163034
0.945749, 0.324897

0.914323, -0.163062
0.945724, 0.324972

0.914503, -0.163091
0.945698, 0.325048

0.914683, -0.163120
0.945672, 0.325123

0.914862, -0.163149
0.945646, 0.325199

0.915042, -0.163178
0.945620, 0.325274

0.915221, -0.163207
0.945594, 0.325350

0.915401, -0.163236
0.945568, 0.325425

0.915581, -0.163265
0.945542, 0.325501

0.915760, -0.163293
0.945516, 0.325576

0.915940, -0.163322
0.945490, 0.325652

0.916119, -0.163351
0.945464, 0.325727

0.916299, -0.163380
0.945438, 0.325803

0.916479, -0.163409
0.945412, 0.325878

0.916658, -0.163438
0.945386, 0.325954

0.916838, -0.163467
0.945360, 0.326029

0.917017, -0.163496
0.945334, 0.326105

0.917197, -0.163524
0.945308, 0.326180

0.917376, -0.163553
0.945282, 0.326256

0.917556, -0.163582
0.945255, 0.326331

0.917736, -0.163611
0.945229, 0.326407

0.917915, -0.163640
0.945203, 0.326482

0.918095, -0.163669
0.945177, 0.326558

0.918274, -0.163698
0.945151, 0.326633

0.918454, -0.163726
0.945125, 0.326709

0.918633, -0.163755
0.945099, 0.326784

0.918813, -0.163784
0.945073, 0.326860

0.918992, -0.163813
0.945047, 0.326935

0.919172, -0.163842
0.945021, 0.327010

0.919351, -0.163871
0.944995, 0.327086

0.919531, -0.163900
0.944968, 0.327161

0.919710, -0.163928
0.944942, 0.327237

0.919890, -0.163957
0.944916, 0.327312

0.920069, -0.163986
0.944890, 0.327388

0.920249, -0.164015
0.944864, 0.327463

0.920428, -0.164044
0.944838, 0.327539

0.920607, -0.164073
0.944812, 0.327614

0.920787, -0.164101
0.944785, 0.327690

0.920966, -0.164130
0.944759, 0.327765

0.921146, -0.164159
0.944733, 0.327840

0.921325, -0.164188
0.944707, 0.327916

0.921505, -0.164217
0.944681, 0.327991

0.921684, -0.164246
0.944655, 0.328067

0.921864, -0.164274
0.944628, 0.328142

0.922043, -0.164303
0.944602, 0.328218

0.922222, -0.164332
0.944576, 0.328293

0.922402, -0.164361
0.944550, 0.328368

0.922581, -0.164390
0.944524, 0.328444

0.922761, -0.164419
0.944497, 0.328519

0.922940, -0.164447
0.944471, 0.328595

0.923119, -0.164476
0.944445, 0.328670

0.923299, -0.164505
0.944419, 0.328746

0.923478, -0.164534
0.944392, 0.328821

0.923658, -0.164563
0.944366, 0.328896

0.923837, -0.164592
0.944340, 0.328972

0.924016, -0.164620
0.944313, 0.329047

0.924196, -0.164649
0.944287, 0.329123

0.924375, -0.164678
0.944261, 0.329198

0.924554, -0.164707
0.944235, 0.329273

0.924734, -0.164736
0.944208, 0.329349

0.924913, -0.164764
0.944182, 0.329424

0.925092, -0.164793
0.944156, 0.329500

0.925272, -0.164822
0.944129, 0.329575

0.925451, -0.164851
0.944103, 0.329650

0.925630, -0.164880
0.944077, 0.329726

0.925810, -0.164909
0.944050, 0.329801

0.925989, -0.164937
0.944024, 0.329876

0.926168, -0.164966
0.943998, 0.329952

0.926348, -0.164995
0.943971, 0.330027

0.926527, -0.165024
0.943945, 0.330103

0.926706, -0.165053
0.943919, 0.330178

0.926886, -0.165081
0.943892, 0.330253

0.927065, -0.165110
0.943866, 0.330329

0.927244, -0.165139
0.943840, 0.330404

0.927423, -0.165168
0.943813, 0.330479

0.927603, -0.165197
0.943787, 0.330555

0.927782, -0.165225
0.943760, 0.330630

0.927961, -0.165254
0.943734, 0.330706

0.928140, -0.165283
0.943708, 0.330781

0.928320, -0.165312
0.943681, 0.330856

0.928499, -0.165341
0.943655, 0.330932

0.928678, -0.165369
0.943628, 0.331007

0.928857, -0.165398
0.943602, 0.331082

0.929037, -0.165427
0.943575, 0.331158

0.929216, -0.165456
0.943549, 0.331233

0.929395, -0.165485
0.943523, 0.331308

0.929574, -0.165513
0.943496, 0.331384

0.929754, -0.165542
0.943470, 0.331459

0.929933, -0.165571
0.943443, 0.331534

0.930112, -0.165600
0.943417, 0.331610

0.930291, -0.165628
0.943390, 0.331685

0.930470, -0.165657
0.943364, 0.331760

0.930650, -0.165686
0.943337, 0.331836

0.930829, -0.165715
0.943311, 0.331911

0.931008, -0.165744
0.943284, 0.331986

0.931187, -0.165772
0.943258, 0.332062

0.931366, -0.165801
0.943231, 0.332137

0.931545, -0.165830
0.943205, 0.332212

0.931725, -0.165859
0.943178, 0.332288

0.931904, -0.165887
0.943152, 0.332363

0.932083, -0.165916
0.943125, 0.332438

0.932262, -0.165945
0.943098, 0.332514

0.932441, -0.165974
0.943072, 0.332589

0.932620, -0.166003
0.943045, 0.332664

0.932799, -0.166031
0.943019, 0.332739

0.932979, -0.166060
0.942992, 0.332815

0.933158, -0.166089
0.942966, 0.332890

0.933337, -0.166118
0.942939, 0.332965

0.933516, -0.166146
0.942912, 0.333041

0.933695, -0.166175
0.942886, 0.333116

0.933874, -0.166204
0.942859, 0.333191

0.934053, -0.166233
0.942833, 0.333266

0.934232, -0.166261
0.942806, 0.333342

0.934411, -0.166290
0.942779, 0.333417

0.934590, -0.166319
0.942753, 0.333492

0.934770, -0.166348
0.942726, 0.333568

0.934949, -0.166376
0.942700, 0.333643

0.935128, -0.166405
0.942673, 0.333718

0.935307, -0.166434
0.942646, 0.333793

0.935486, -0.166463
0.942620, 0.333869

0.935665, -0.166491
0.942593, 0.333944

0.935844, -0.166520
0.942566, 0.334019

0.936023, -0.166549
0.942540, 0.334095

0.936202, -0.166578
0.942513, 0.334170

0.936381, -0.166606
0.942486, 0.334245

0.936560, -0.166635
0.942460, 0.334320

0.936739, -0.166664
0.942433, 0.334396

0.936918, -0.166693
0.942406, 0.334471

0.937097, -0.166721
0.942379, 0.334546

0.937276, -0.166750
0.942353, 0.334621

0.937455, -0.166779
0.942326, 0.334697

0.937634, -0.166808
0.942299, 0.334772

0.937813, -0.166836
0.942273, 0.334847

0.937992, -0.166865
0.942246, 0.334922

0.938171, -0.166894
0.942219, 0.334998

0.938350, -0.166923
0.942192, 0.335073

0.938529, -0.166951
0.942166, 0.335148

0.938708, -0.166980
0.942139, 0.335223

0.938887, -0.167009
0.942112, 0.335298

0.939066, -0.167038
0.942085, 0.335374

0.939245, -0.167066
0.942058, 0.335449

0.939424, -0.167095
0.942032, 0.335524

0.939603, -0.167124
0.942005, 0.335599

0.939782, -0.167152
0.941978, 0.335675

0.939961, -0.167181
0.941951, 0.335750

0.940140, -0.167210
0.941924, 0.335825

0.940319, -0.167239
0.941898, 0.335900

0.940497, -0.167267
0.941871, 0.335975

0.940676, -0.167296
0.941844, 0.336051

0.940855, -0.167325
0.941817, 0.336126

0.941034, -0.167353
0.941790, 0.336201

0.941213, -0.167382
0.941763, 0.336276

0.941392, -0.167411
0.941737, 0.336351

0.941571, -0.167440
0.941710, 0.336427

0.941750, -0.167468
0.941683, 0.336502

0.941929, -0.167497
0.941656, 0.336577

0.942108, -0.167526
0.941629, 0.336652

0.942286, -0.167554
0.941602, 0.336727

0.942465, -0.167583
0.941575, 0.336803

0.942644, -0.167612
0.941548, 0.336878

0.942823, -0.167641
0.941521, 0.336953

0.943002, -0.167669
0.941495, 0.337028

0.943181, -0.167698
0.941468, 0.337103

0.943360, -0.167727
0.941441, 0.337178

0.943538, -0.167755
0.941414, 0.337254

0.943717, -0.167784
0.941387, 0.337329

0.943896, -0.167813
0.941360, 0.337404

0.944075, -0.167842
0.941333, 0.337479

0.944254, -0.167870
0.941306, 0.337554

0.944433, -0.167899
0.941279, 0.337629

0.944611, -0.167928
0.941252, 0.337705

0.944790, -0.167956
0.941225, 0.337780

0.944969, -0.167985
0.941198, 0.337855

0.945148, -0.168014
0.941171, 0.337930

0.945327, -0.168042
0.941144, 0.338005

0.945505, -0.168071
0.941117, 0.338080

0.945684, -0.168100
0.941090, 0.338156

0.945863, -0.168128
0.941063, 0.338231

0.946042, -0.168157
0.941036, 0.338306

0.946221, -0.168186
0.941009, 0.338381

0.946399, -0.168215
0.940982, 0.338456

0.946578, -0.168243
0.940955, 0.338531

0.946757, -0.168272
0.940928, 0.338606

0.946936, -0.168301
0.940901, 0.338682

0.947114, -0.168329
0.940874, 0.338757

0.947293, -0.168358
0.940847, 0.338832

0.947472, -0.168387
0.940820, 0.338907

0.947651, -0.168415
0.940793, 0.338982

0.947829, -0.168444
0.940766, 0.339057

0.948008, -0.168473
0.940739, 0.339132

0.948187, -0.168501
0.940712, 0.339207

0.948366, -0.168530
0.940685, 0.339283

0.948544, -0.168559
0.940657, 0.339358

0.948723, -0.168587
0.940630, 0.339433

0.948902, -0.168616
0.940603, 0.339508

0.949080, -0.168645
0.940576, 0.339583

0.949259, -0.168673
0.940549, 0.339658

0.949438, -0.168702
0.940522, 0.339733

0.949616, -0.168731
0.940495, 0.339808

0.949795, -0.168759
0.940468, 0.339883

0.949974, -0.168788
0.940440, 0.339958

0.950152, -0.168817
0.940413, 0.340034

0.950331, -0.168845
0.940386, 0.340109

0.950510, -0.168874
0.940359, 0.340184

0.950688, -0.168903
0.940332, 0.340259

0.950867, -0.168931
0.940305, 0.340334

0.951046, -0.168960
0.940277, 0.340409

0.951224, -0.168989
0.940250, 0.340484

0.951403, -0.169017
0.940223, 0.340559

0.951582, -0.169046
0.940196, 0.340634

0.951760, -0.169075
0.940169, 0.340709

0.951939, -0.169103
0.940141, 0.340784

0.952118, -0.169132
0.940114, 0.340859

0.952296, -0.169161
0.940087, 0.340935

0.952475, -0.169189
0.940060, 0.341010

0.952653, -0.169218
0.940033, 0.341085

0.952832, -0.169247
0.940005, 0.341160

0.953011, -0.169275
0.939978, 0.341235

0.953189, -0.169304
0.939951, 0.341310

0.953368, -0.169333
0.939924, 0.341385

0.953546, -0.169361
0.939896, 0.341460

0.953725, -0.169390
0.939869, 0.341535

0.953904, -0.169419
0.939842, 0.341610

0.954082, -0.169447
0.939815, 0.341685

0.954261, -0.169476
0.939787, 0.341760

0.954439, -0.169504
0.939760, 0.341835

0.954618, -0.169533
0.939733, 0.341910

0.954796, -0.169562
0.939705, 0.341985

0.954975, -0.169590
0.939678, 0.342060

0.955153, -0.169619
0.939651, 0.342135

0.955332, -0.169648
0.939623, 0.342210

0.955510, -0.169676
0.939596, 0.342285

0.955689, -0.169705
0.939569, 0.342360

0.955868, -0.169734
0.939541, 0.342435

0.956046, -0.169762
0.939514, 0.342510

0.956225, -0.169791
0.939487, 0.342585

0.956403, -0.169819
0.939459, 0.342660

0.956582, -0.169848
0.939432, 0.342736

0.956760, -0.169877
0.939405, 0.342811

0.956939, -0.169905
0.939377, 0.342886

0.957117, -0.169934
0.939350, 0.342961

0.957296, -0.169963
0.939322, 0.343036

0.957474, -0.169991
0.939295, 0.343111

0.957653, -0.170020
0.939268, 0.343186

0.957831, -0.170048
0.939240, 0.343261

0.958009, -0.170077
0.939213, 0.343336

0.958188, -0.170106
0.939185, 0.343411

0.958366, -0.170134
0.939158, 0.343486

0.958545, -0.170163
0.939131, 0.343561

0.958723, -0.170192
0.939103, 0.343636

0.958902, -0.170220
0.939076, 0.343711

0.959080, -0.170249
0.939048, 0.343785

0.959259, -0.170277
0.939021, 0.343860

0.959437, -0.170306
0.938993, 0.343935

0.959616, -0.170335
0.938966, 0.344010

0.959794, -0.170363
0.938938, 0.344085

0.959972, -0.170392
0.938911, 0.344160

0.960151, -0.170420
0.938883, 0.344235

0.960329, -0.170449
0.938856, 0.344310

0.960508, -0.170478
0.938828, 0.344385

0.960686, -0.170506
0.938801, 0.344460

0.960864, -0.170535
0.938773, 0.344535

0.961043, -0.170563
0.938746, 0.344610

0.961221, -0.170592
0.938718, 0.344685

0.961400, -0.170621
0.938691, 0.344760

0.961578, -0.170649
0.938663, 0.344835

0.961756, -0.170678
0.938636, 0.344910

0.961935, -0.170706
0.938608, 0.344985

0.962113, -0.170735
0.938581, 0.345060

0.962291, -0.170764
0.938553, 0.345135

0.962470, -0.170792
0.938526, 0.345210

0.962648, -0.170821
0.938498, 0.345285

0.962826, -0.170849
0.938470, 0.345360

0.963005, -0.170878
0.938443, 0.345435

0.963183, -0.170907
0.938415, 0.345510

0.963361, -0.170935
0.938388, 0.345584

0.963540, -0.170964
0.938360, 0.345659

0.963718, -0.170992
0.938332, 0.345734

0.963896, -0.171021
0.938305, 0.345809

0.964075, -0.171050
0.938277, 0.345884

0.964253, -0.171078
0.938250, 0.345959

0.964431, -0.171107
0.938222, 0.346034

0.964610, -0.171135
0.938194, 0.346109

0.964788, -0.171164
0.938167, 0.346184

0.964966, -0.171193
0.938139, 0.346259

0.965145, -0.171221
0.938111, 0.346334

0.965323, -0.171250
0.938084, 0.346409

0.965501, -0.171278
0.938056, 0.346483

0.965679, -0.171307
0.938028, 0.346558

0.965858, -0.171335
0.938001, 0.346633

0.966036, -0.171364
0.937973, 0.346708

0.966214, -0.171393
0.937945, 0.346783

0.966392, -0.171421
0.937918, 0.346858

0.966571, -0.171450
0.937890, 0.346933

0.966749, -0.171478
0.937862, 0.347008

0.966927, -0.171507
0.937835, 0.347083

0.967105, -0.171535
0.937807, 0.347158

0.967284, -0.171564
0.937779, 0.347232

0.967462, -0.171593
0.937751, 0.347307

0.967640, -0.171621
0.937724, 0.347382

0.967818, -0.171650
0.937696, 0.347457

0.967997, -0.171678
0.937668, 0.347532

0.968175, -0.171707
0.937640, 0.347607

0.968353, -0.171735
0.937613, 0.347682

0.968531, -0.171764
0.937585, 0.347757

0.968709, -0.171792
0.937557, 0.347831

0.968888, -0.171821
0.937529, 0.347906

0.969066, -0.171850
0.937502, 0.347981

0.969244, -0.171878
0.937474, 0.348056

0.969422, -0.171907
0.937446, 0.348131

0.969600, -0.171935
0.937418, 0.348206

0.969778, -0.171964
0.937390, 0.348281

0.969957, -0.171992
0.937363, 0.348355

0.970135, -0.172021
0.937335, 0.348430

0.970313, -0.172049
0.937307, 0.348505

0.970491, -0.172078
0.937279, 0.348580

0.970669, -0.172107
0.937251, 0.348655

0.970847, -0.172135
0.937223, 0.348730

0.971026, -0.172164
0.937196, 0.348804

0.971204, -0.172192
0.937168, 0.348879

0.971382, -0.172221
0.937140, 0.348954

0.971560, -0.172249
0.937112, 0.349029

0.971738, -0.172278
0.937084, 0.349104

0.971916, -0.172306
0.937056, 0.349179

0.972094, -0.172335
0.937028, 0.349253

0.972272, -0.172364
0.937000, 0.349328

0.972451, -0.172392
0.936973, 0.349403

0.972629, -0.172421
0.936945, 0.349478

0.972807, -0.172449
0.936917, 0.349553

0.972985, -0.172478
0.936889, 0.349628

0.973163, -0.172506
0.936861, 0.349702

0.973341, -0.172535
0.936833, 0.349777

0.973519, -0.172563
0.936805, 0.349852

0.973697, -0.172592
0.936777, 0.349927

0.973875, -0.172620
0.936749, 0.350002

0.974053, -0.172649
0.936721, 0.350076

0.974231, -0.172677
0.936693, 0.350151

0.974409, -0.172706
0.936665, 0.350226

0.974587, -0.172734
0.936637, 0.350301

0.974765, -0.172763
0.936609, 0.350376

0.974944, -0.172792
0.936581, 0.350450

0.975122, -0.172820
0.936553, 0.350525

0.975300, -0.172849
0.936525, 0.350600

0.975478, -0.172877
0.936497, 0.350675

0.975656, -0.172906
0.936469, 0.350749

0.975834, -0.172934
0.936441, 0.350824

0.976012, -0.172963
0.936413, 0.350899

0.976190, -0.172991
0.936385, 0.350974

0.976368, -0.173020
0.936357, 0.351049

0.976546, -0.173048
0.936329, 0.351123

0.976724, -0.173077
0.936301, 0.351198

0.976902, -0.173105
0.936273, 0.351273

0.977080, -0.173134
0.936245, 0.351348

0.977258, -0.173162
0.936217, 0.351422

0.977436, -0.173191
0.936189, 0.351497

0.977614, -0.173219
0.936161, 0.351572

0.977792, -0.173248
0.936133, 0.351647

0.977970, -0.173276
0.936105, 0.351721

0.978148, -0.173305
0.936077, 0.351796

0.978325, -0.173333
0.936049, 0.351871

0.978503, -0.173362
0.936020, 0.351946

0.978681, -0.173390
0.935992, 0.352020

0.978859, -0.173419
0.935964, 0.352095

0.979037, -0.173447
0.935936, 0.352170

0.979215, -0.173476
0.935908, 0.352245

0.979393, -0.173504
0.935880, 0.352319

0.979571, -0.173533
0.935852, 0.352394

0.979749, -0.173561
0.935824, 0.352469

0.979927, -0.173590
0.935795, 0.352543

0.980105, -0.173618
0.935767, 0.352618

0.980283, -0.173647
0.935739, 0.352693

0.980461, -0.173675
0.935711, 0.352768

0.980639, -0.173704
0.935683, 0.352842

0.980816, -0.173732
0.935655, 0.352917

0.980994, -0.173761
0.935626, 0.352992

0.981172, -0.173789
0.935598, 0.353067

0.981350, -0.173818
0.935570, 0.353141

0.981528, -0.173846
0.935542, 0.353216

0.981706, -0.173875
0.935514, 0.353291

0.981884, -0.173903
0.935485, 0.353365

0.982062, -0.173932
0.935457, 0.353440

0.982239, -0.173960
0.935429, 0.353515

0.982417, -0.173989
0.935401, 0.353589

0.982595, -0.174017
0.935372, 0.353664

0.982773, -0.174046
0.935344, 0.353739

0.982951, -0.174074
0.935316, 0.353813

0.983129, -0.174103
0.935288, 0.353888

0.983307, -0.174131
0.935259, 0.353963

0.983484, -0.174160
0.935231, 0.354038

0.983662, -0.174188
0.935203, 0.354112

0.983840, -0.174217
0.935175, 0.354187

0.984018, -0.174245
0.935146, 0.354262

0.984196, -0.174274
0.935118, 0.354336

0.984374, -0.174302
0.935090, 0.354411

0.984551, -0.174331
0.935061, 0.354486

0.984729, -0.174359
0.935033, 0.354560

0.984907, -0.174387
0.935005, 0.354635

0.985085, -0.174416
0.934977, 0.354710

0.985263, -0.174444
0.934948, 0.354784

0.985440, -0.174473
0.934920, 0.354859

0.985618, -0.174501
0.934892, 0.354934

0.985796, -0.174530
0.934863, 0.355008

0.985974, -0.174558
0.934835, 0.355083

0.986151, -0.174587
0.934806, 0.355157

0.986329, -0.174615
0.934778, 0.355232

0.986507, -0.174644
0.934750, 0.355307

0.986685, -0.174672
0.934721, 0.355381

0.986862, -0.174701
0.934693, 0.355456

0.987040, -0.174729
0.934665, 0.355531

0.987218, -0.174758
0.934636, 0.355605

0.987396, -0.174786
0.934608, 0.355680

0.987573, -0.174814
0.934579, 0.355755

0.987751, -0.174843
0.934551, 0.355829

0.987929, -0.174871
0.934523, 0.355904

0.988107, -0.174900
0.934494, 0.355978

0.988284, -0.174928
0.934466, 0.356053

0.988462, -0.174957
0.934437, 0.356128

0.988640, -0.174985
0.934409, 0.356202

0.988817, -0.175014
0.934380, 0.356277

0.988995, -0.175042
0.934352, 0.356351

0.989173, -0.175071
0.934324, 0.356426

0.989350, -0.175099
0.934295, 0.356501

0.989528, -0.175127
0.934267, 0.356575

0.989706, -0.175156
0.934238, 0.356650

0.989884, -0.175184
0.934210, 0.356725

0.990061, -0.175213
0.934181, 0.356799

0.990239, -0.175241
0.934153, 0.356874

0.990417, -0.175270
0.934124, 0.356948

0.990594, -0.175298
0.934096, 0.357023

0.990772, -0.175327
0.934067, 0.357097

0.990949, -0.175355
0.934039, 0.357172

0.991127, -0.175383
0.934010, 0.357247

0.991305, -0.175412
0.933982, 0.357321

0.991482, -0.175440
0.933953, 0.357396

0.991660, -0.175469
0.933924, 0.357470

0.991838, -0.175497
0.933896, 0.357545

0.992015, -0.175526
0.933867, 0.357620

0.992193, -0.175554
0.933839, 0.357694

0.992371, -0.175582
0.933810, 0.357769

0.992548, -0.175611
0.933782, 0.357843

0.992726, -0.175639
0.933753, 0.357918

0.992903, -0.175668
0.933725, 0.357992

0.993081, -0.175696
0.933696, 0.358067

0.993259, -0.175725
0.933667, 0.358141

0.993436, -0.175753
0.933639, 0.358216

0.993614, -0.175781
0.933610, 0.358291

0.993791, -0.175810
0.933582, 0.358365

0.993969, -0.175838
0.933553, 0.358440

0.994146, -0.175867
0.933524, 0.358514

0.994324, -0.175895
0.933496, 0.358589

0.994502, -0.175924
0.933467, 0.358663

0.994679, -0.175952
0.933438, 0.358738

0.994857, -0.175980
0.933410, 0.358812

0.995034, -0.176009
0.933381, 0.358887

0.995212, -0.176037
0.933352, 0.358961

0.995389, -0.176066
0.933324, 0.359036

0.995567, -0.176094
0.933295, 0.359110

0.995744, -0.176122
0.933266, 0.359185

0.995922, -0.176151
0.933238, 0.359260

0.996100, -0.176179
0.933209, 0.359334

0.996277, -0.176208
0.933180, 0.359409

0.996455, -0.176236
0.933152, 0.359483

0.996632, -0.176265
0.933123, 0.359558

0.996810, -0.176293
0.933094, 0.359632

0.996987, -0.176321
0.933065, 0.359707

0.997165, -0.176350
0.933037, 0.359781

0.997342, -0.176378
0.933008, 0.359856

0.997520, -0.176407
0.932979, 0.359930

0.997697, -0.176435
0.932951, 0.360005

0.997875, -0.176463
0.932922, 0.360079

0.998052, -0.176492
0.932893, 0.360154

0.998230, -0.176520
0.932864, 0.360228

0.998407, -0.176549
0.932835, 0.360303

0.998584, -0.176577
0.932807, 0.360377

0.998762, -0.176605
0.932778, 0.360452

0.998939, -0.176634
0.932749, 0.360526

0.999117, -0.176662
0.932720, 0.360600

0.999294, -0.176691
0.932692, 0.360675

0.999472, -0.176719
0.932663, 0.360749

0.999649, -0.176747
0.932634, 0.360824

0.999827, -0.176776
0.932605, 0.360898

1.000004, -0.176804
0.932576, 0.360973

1.000181, -0.176833
0.932547, 0.361047

1.000359, -0.176861
0.932519, 0.361122

1.000536, -0.176889
0.932490, 0.361196

1.000714, -0.176918
0.932461, 0.361271

1.000891, -0.176946
0.932432, 0.361345

1.001069, -0.176975
0.932403, 0.361420

1.001246, -0.177003
0.932374, 0.361494

1.001423, -0.177031
0.932346, 0.361569

1.001601, -0.177060
0.932317, 0.361643

1.001778, -0.177088
0.932288, 0.361717

1.001956, -0.177116
0.932259, 0.361792

1.002133, -0.177145
0.932230, 0.361866

1.002310, -0.177173
0.932201, 0.361941

1.002488, -0.177202
0.932172, 0.362015

1.002665, -0.177230
0.932143, 0.362090

1.002842, -0.177258
0.932114, 0.362164

1.003020, -0.177287
0.932085, 0.362238

1.003197, -0.177315
0.932057, 0.362313

1.003375, -0.177343
0.932028, 0.362387

1.003552, -0.177372
0.931999, 0.362462

1.003729, -0.177400
0.931970, 0.362536

1.003907, -0.177429
0.931941, 0.362611

1.004084, -0.177457
0.931912, 0.362685

1.004261, -0.177485
0.931883, 0.362759

1.004439, -0.177514
0.931854, 0.362834

1.004616, -0.177542
0.931825, 0.362908

1.004793, -0.177570
0.931796, 0.362983

1.004971, -0.177599
0.931767, 0.363057

1.005148, -0.177627
0.931738, 0.363131

1.005325, -0.177656
0.931709, 0.363206

1.005502, -0.177684
0.931680, 0.363280

1.005680, -0.177712
0.931651, 0.363355

1.005857, -0.177741
0.931622, 0.363429

1.006034, -0.177769
0.931593, 0.363503

1.006212, -0.177797
0.931564, 0.363578

1.006389, -0.177826
0.931535, 0.363652

1.006566, -0.177854
0.931506, 0.363727

1.006743, -0.177882
0.931477, 0.363801

1.006921, -0.177911
0.931448, 0.363875

1.007098, -0.177939
0.931419, 0.363950

1.007275, -0.177967
0.931390, 0.364024

1.007453, -0.177996
0.931360, 0.364098

1.007630, -0.178024
0.931331, 0.364173

1.007807, -0.178053
0.931302, 0.364247

1.007984, -0.178081
0.931273, 0.364322

1.008162, -0.178109
0.931244, 0.364396

1.008339, -0.178138
0.931215, 0.364470

1.008516, -0.178166
0.931186, 0.364545

1.008693, -0.178194
0.931157, 0.364619

1.008870, -0.178223
0.931128, 0.364693

1.009048, -0.178251
0.931099, 0.364768

1.009225, -0.178279
0.931069, 0.364842

1.009402, -0.178308
0.931040, 0.364916

1.009579, -0.178336
0.931011, 0.364991

1.009757, -0.178364
0.930982, 0.365065

1.009934, -0.178393
0.930953, 0.365139

1.010111, -0.178421
0.930924, 0.365214

1.010288, -0.178449
0.930895, 0.365288

1.010465, -0.178478
0.930865, 0.365362

1.010643, -0.178506
0.930836, 0.365437

1.010820, -0.178534
0.930807, 0.365511

1.010997, -0.178563
0.930778, 0.365585

1.011174, -0.178591
0.930749, 0.365660

1.011351, -0.178619
0.930719, 0.365734

1.011528, -0.178648
0.930690, 0.365808

1.011706, -0.178676
0.930661, 0.365883

1.011883, -0.178704
0.930632, 0.365957

1.012060, -0.178733
0.930603, 0.366031

1.012237, -0.178761
0.930573, 0.366106

1.012414, -0.178789
0.930544, 0.366180

1.012591, -0.178818
0.930515, 0.366254

1.012768, -0.178846
0.930486, 0.366328

1.012946, -0.178874
0.930456, 0.366403

1.013123, -0.178903
0.930427, 0.366477

1.013300, -0.178931
0.930398, 0.366551

1.013477, -0.178959
0.930369, 0.366626

1.013654, -0.178988
0.930339, 0.366700

1.013831, -0.179016
0.930310, 0.366774

1.014008, -0.179044
0.930281, 0.366849

1.014185, -0.179073
0.930251, 0.366923

1.014362, -0.179101
0.930222, 0.366997

1.014540, -0.179129
0.930193, 0.367071

1.014717, -0.179158
0.930163, 0.367146

1.014894, -0.179186
0.930134, 0.367220

1.015071, -0.179214
0.930105, 0.367294

1.015248, -0.179243
0.930075, 0.367368

1.015425, -0.179271
0.930046, 0.367443

1.015602, -0.179299
0.930017, 0.367517

1.015779, -0.179327
0.929987, 0.367591

1.015956, -0.179356
0.929958, 0.367666

1.016133, -0.179384
0.929929, 0.367740

1.016310, -0.179412
0.929899, 0.367814

1.016487, -0.179441
0.929870, 0.367888

1.016664, -0.179469
0.929841, 0.367963

1.016841, -0.179497
0.929811, 0.368037

1.017018, -0.179526
0.929782, 0.368111

1.017195, -0.179554
0.929752, 0.368185

1.017372, -0.179582
0.929723, 0.368260

1.017550, -0.179611
0.929694, 0.368334

1.017727, -0.179639
0.929664, 0.368408

1.017904, -0.179667
0.929635, 0.368482

1.018081, -0.179695
0.929605, 0.368556

1.018258, -0.179724
0.929576, 0.368631

1.018435, -0.179752
0.929546, 0.368705

1.018612, -0.179780
0.929517, 0.368779

1.018789, -0.179809
0.929488, 0.368853

1.018966, -0.179837
0.929458, 0.368928

1.019143, -0.179865
0.929429, 0.369002

1.019320, -0.179894
0.929399, 0.369076

1.019497, -0.179922
0.929370, 0.369150

1.019673, -0.179950
0.929340, 0.369224

1.019850, -0.179978
0.929311, 0.369299

1.020027, -0.180007
0.929281, 0.369373

1.020204, -0.180035
0.929252, 0.369447

1.020381, -0.180063
0.929222, 0.369521

1.020558, -0.180092
0.929193, 0.369595

1.020735, -0.180120
0.929163, 0.369670

1.020912, -0.180148
0.929134, 0.369744

1.021089, -0.180176
0.929104, 0.369818

1.021266, -0.180205
0.929075, 0.369892

1.021443, -0.180233
0.929045, 0.369966

1.021620, -0.180261
0.929016, 0.370041

1.021797, -0.180290
0.928986, 0.370115

1.021974, -0.180318
0.928956, 0.370189

1.022151, -0.180346
0.928927, 0.370263

1.022328, -0.180374
0.928897, 0.370337

1.022505, -0.180403
0.928868, 0.370411

1.022681, -0.180431
0.928838, 0.370486

1.022858, -0.180459
0.928809, 0.370560

1.023035, -0.180488
0.928779, 0.370634

1.023212, -0.180516
0.928749, 0.370708

1.023389, -0.180544
0.928720, 0.370782

1.023566, -0.180572
0.928690, 0.370856

1.023743, -0.180601
0.928661, 0.370931

1.023920, -0.180629
0.928631, 0.371005

1.024097, -0.180657
0.928601, 0.371079

1.024273, -0.180685
0.928572, 0.371153

1.024450, -0.180714
0.928542, 0.371227

1.024627, -0.180742
0.928512, 0.371301

1.024804, -0.180770
0.928483, 0.371375

1.024981, -0.180798
0.928453, 0.371450

1.025158, -0.180827
0.928423, 0.371524

1.025335, -0.180855
0.928394, 0.371598

1.025511, -0.180883
0.928364, 0.371672

1.025688, -0.180912
0.928334, 0.371746

1.025865, -0.180940
0.928305, 0.371820

1.026042, -0.180968
0.928275, 0.371894

1.026219, -0.180996
0.928245, 0.371969

1.026396, -0.181025
0.928216, 0.372043

1.026572, -0.181053
0.928186, 0.372117

1.026749, -0.181081
0.928156, 0.372191

1.026926, -0.181109
0.928126, 0.372265

1.027103, -0.181138
0.928097, 0.372339

1.027280, -0.181166
0.928067, 0.372413

1.027456, -0.181194
0.928037, 0.372487

1.027633, -0.181222
0.928008, 0.372561

1.027810, -0.181251
0.927978, 0.372636

1.027987, -0.181279
0.927948, 0.372710

1.028164, -0.181307
0.927918, 0.372784

1.028340, -0.181335
0.927888, 0.372858

1.028517, -0.181364
0.927859, 0.372932

1.028694, -0.181392
0.927829, 0.373006

1.028871, -0.181420
0.927799, 0.373080

1.029047, -0.181448
0.927769, 0.373154

1.029224, -0.181477
0.927740, 0.373228

1.029401, -0.181505
0.927710, 0.373302

1.029578, -0.181533
0.927680, 0.373376

1.029754, -0.181561
0.927650, 0.373450

1.029931, -0.181590
0.927620, 0.373525

1.030108, -0.181618
0.927590, 0.373599

1.030285, -0.181646
0.927561, 0.373673

1.030461, -0.181674
0.927531, 0.373747

1.030638, -0.181703
0.927501, 0.373821

1.030815, -0.181731
0.927471, 0.373895

1.030992, -0.181759
0.927441, 0.373969

1.031168, -0.181787
0.927411, 0.374043

1.031345, -0.181815
0.927381, 0.374117

1.031522, -0.181844
0.927352, 0.374191

1.031698, -0.181872
0.927322, 0.374265

1.031875, -0.181900
0.927292, 0.374339

1.032052, -0.181928
0.927262, 0.374413

1.032229, -0.181957
0.927232, 0.374487

1.032405, -0.181985
0.927202, 0.374561

1.032582, -0.182013
0.927172, 0.374635

1.032759, -0.182041
0.927142, 0.374709

1.032935, -0.182070
0.927112, 0.374783

1.033112, -0.182098
0.927082, 0.374857

1.033289, -0.182126
0.927053, 0.374931

1.033465, -0.182154
0.927023, 0.375006

1.033642, -0.182182
0.926993, 0.375080

1.033819, -0.182211
0.926963, 0.375154

1.033995, -0.182239
0.926933, 0.375228

1.034172, -0.182267
0.926903, 0.375302

1.034349, -0.182295
0.926873, 0.375376

1.034525, -0.182324
0.926843, 0.375450

1.034702, -0.182352
0.926813, 0.375524

1.034878, -0.182380
0.926783, 0.375598

1.035055, -0.182408
0.926753, 0.375672

1.035232, -0.182436
0.926723, 0.375746

1.035408, -0.182465
0.926693, 0.375820

1.035585, -0.182493
0.926663, 0.375894

1.035762, -0.182521
0.926633, 0.375968

1.035938, -0.182549
0.926603, 0.376042

1.036115, -0.182578
0.926573, 0.376116

1.036291, -0.182606
0.926543, 0.376190

1.036468, -0.182634
0.926513, 0.376264

1.036645, -0.182662
0.926483, 0.376338

1.036821, -0.182690
0.926453, 0.376412

1.036998, -0.182719
0.926423, 0.376486

1.037174, -0.182747
0.926392, 0.376559

1.037351, -0.182775
0.926362, 0.376633

1.037527, -0.182803
0.926332, 0.376707

1.037704, -0.182831
0.926302, 0.376781

1.037881, -0.182860
0.926272, 0.376855

1.038057, -0.182888
0.926242, 0.376929

1.038234, -0.182916
0.926212, 0.377003

1.038410, -0.182944
0.926182, 0.377077

1.038587, -0.182972
0.926152, 0.377151

1.038763, -0.183001
0.926122, 0.377225

1.038940, -0.183029
0.926091, 0.377299

1.039116, -0.183057
0.926061, 0.377373

1.039293, -0.183085
0.926031, 0.377447

1.039469, -0.183113
0.926001, 0.377521

1.039646, -0.183142
0.925971, 0.377595

1.039823, -0.183170
0.925941, 0.377669

1.039999, -0.183198
0.925911, 0.377743

1.040176, -0.183226
0.925880, 0.377817

1.040352, -0.183254
0.925850, 0.377891

1.040529, -0.183283
0.925820, 0.377965

1.040705, -0.183311
0.925790, 0.378038

1.040882, -0.183339
0.925760, 0.378112

1.041058, -0.183367
0.925730, 0.378186

1.041235, -0.183395
0.925699, 0.378260

1.041411, -0.183423
0.925669, 0.378334

1.041588, -0.183452
0.925639, 0.378408

1.041764, -0.183480
0.925609, 0.378482

1.041940, -0.183508
0.925578, 0.378556

1.042117, -0.183536
0.925548, 0.378630

1.042293, -0.183564
0.925518, 0.378704

1.042470, -0.183593
0.925488, 0.378778

1.042646, -0.183621
0.925457, 0.378851

1.042823, -0.183649
0.925427, 0.378925

1.042999, -0.183677
0.925397, 0.378999

1.043176, -0.183705
0.925367, 0.379073

1.043352, -0.183733
0.925336, 0.379147

1.043529, -0.183762
0.925306, 0.379221

1.043705, -0.183790
0.925276, 0.379295

1.043881, -0.183818
0.925246, 0.379369

1.044058, -0.183846
0.925215, 0.379443

1.044234, -0.183874
0.925185, 0.379516

1.044411, -0.183903
0.925155, 0.379590

1.044587, -0.183931
0.925124, 0.379664

1.044764, -0.183959
0.925094, 0.379738

1.044940, -0.183987
0.925064, 0.379812

1.045116, -0.184015
0.925033, 0.379886

1.045293, -0.184043
0.925003, 0.379960

1.045469, -0.184072
0.924973, 0.380034

1.045646, -0.184100
0.924942, 0.380107

1.045822, -0.184128
0.924912, 0.380181

1.045998, -0.184156
0.924882, 0.380255

1.046175, -0.184184
0.924851, 0.380329

1.046351, -0.184212
0.924821, 0.380403

1.046527, -0.184241
0.924791, 0.380477

1.046704, -0.184269
0.924760, 0.380551

1.046880, -0.184297
0.924730, 0.380624

1.047057, -0.184325
0.924699, 0.380698

1.047233, -0.184353
0.924669, 0.380772

1.047409, -0.184381
0.924639, 0.380846

1.047586, -0.184409
0.924608, 0.380920

1.047762, -0.184438
0.924578, 0.380994

1.047938, -0.184466
0.924547, 0.381067

1.048115, -0.184494
0.924517, 0.381141

1.048291, -0.184522
0.924486, 0.381215

1.048467, -0.184550
0.924456, 0.381289

1.048644, -0.184578
0.924426, 0.381363

1.048820, -0.184607
0.924395, 0.381436

1.048996, -0.184635
0.924365, 0.381510

1.049173, -0.184663
0.924334, 0.381584

1.049349, -0.184691
0.924304, 0.381658

1.049525, -0.184719
0.924273, 0.381732

1.049702, -0.184747
0.924243, 0.381806

1.049878, -0.184775
0.924212, 0.381879

1.050054, -0.184804
0.924182, 0.381953

1.050230, -0.184832
0.924151, 0.382027

1.050407, -0.184860
0.924121, 0.382101

1.050583, -0.184888
0.924090, 0.382174

1.050759, -0.184916
0.924060, 0.382248

1.050936, -0.184944
0.924029, 0.382322

1.051112, -0.184972
0.923999, 0.382396

1.051288, -0.185001
0.923968, 0.382470

1.051464, -0.185029
0.923938, 0.382543

1.051641, -0.185057
0.923907, 0.382617

1.051817, -0.185085
0.923876, 0.382691

1.051993, -0.185113
0.923846, 0.382765

1.052169, -0.185141
0.923815, 0.382838

1.052346, -0.185169
0.923785, 0.382912

1.052522, -0.185198
0.923754, 0.382986

1.052698, -0.185226
0.923724, 0.383060

1.052874, -0.185254
0.923693, 0.383134

1.053051, -0.185282
0.923662, 0.383207

1.053227, -0.185310
0.923632, 0.383281

1.053403, -0.185338
0.923601, 0.383355

1.053579, -0.185366
0.923571, 0.383429

1.053756, -0.185394
0.923540, 0.383502

1.053932, -0.185423
0.923509, 0.383576

1.054108, -0.185451
0.923479, 0.383650

1.054284, -0.185479
0.923448, 0.383724

1.054460, -0.185507
0.923417, 0.383797

1.054637, -0.185535
0.923387, 0.383871

1.054813, -0.185563
0.923356, 0.383945

1.054989, -0.185591
0.923325, 0.384018

1.055165, -0.185619
0.923295, 0.384092

1.055341, -0.185648
0.923264, 0.384166

1.055518, -0.185676
0.923233, 0.384240

1.055694, -0.185704
0.923203, 0.384313

1.055870, -0.185732
0.923172, 0.384387

1.056046, -0.185760
0.923141, 0.384461

1.056222, -0.185788
0.923111, 0.384534

1.056398, -0.185816
0.923080, 0.384608

1.056575, -0.185844
0.923049, 0.384682

1.056751, -0.185873
0.923018, 0.384756

1.056927, -0.185901
0.922988, 0.384829

1.057103, -0.185929
0.922957, 0.384903

1.057279, -0.185957
0.922926, 0.384977

1.057455, -0.185985
0.922896, 0.385050

1.057631, -0.186013
0.922865, 0.385124

1.057808, -0.186041
0.922834, 0.385198

1.057984, -0.186069
0.922803, 0.385271

1.058160, -0.186097
0.922773, 0.385345

1.058336, -0.186126
0.922742, 0.385419

1.058512, -0.186154
0.922711, 0.385493

1.058688, -0.186182
0.922680, 0.385566

1.058864, -0.186210
0.922649, 0.385640

1.059040, -0.186238
0.922619, 0.385714

1.059216, -0.186266
0.922588, 0.385787

1.059393, -0.186294
0.922557, 0.385861

1.059569, -0.186322
0.922526, 0.385935

1.059745, -0.186350
0.922495, 0.386008

1.059921, -0.186378
0.922465, 0.386082

1.060097, -0.186407
0.922434, 0.386156

1.060273, -0.186435
0.922403, 0.386229

1.060449, -0.186463
0.922372, 0.386303

1.060625, -0.186491
0.922341, 0.386377

1.060801, -0.186519
0.922310, 0.386450

1.060977, -0.186547
0.922279, 0.386524

1.061153, -0.186575
0.922249, 0.386597

1.061329, -0.186603
0.922218, 0.386671

1.061505, -0.186631
0.922187, 0.386745

1.061681, -0.186659
0.922156, 0.386818

1.061857, -0.186688
0.922125, 0.386892

1.062034, -0.186716
0.922094, 0.386966

1.062210, -0.186744
0.922063, 0.387039

1.062386, -0.186772
0.922032, 0.387113

1.062562, -0.186800
0.922001, 0.387187

1.062738, -0.186828
0.921970, 0.387260

1.062914, -0.186856
0.921940, 0.387334

1.063090, -0.186884
0.921909, 0.387407

1.063266, -0.186912
0.921878, 0.387481

1.063442, -0.186940
0.921847, 0.387555

1.063618, -0.186968
0.921816, 0.387628

1.063794, -0.186996
0.921785, 0.387702

1.063970, -0.187025
0.921754, 0.387775

1.064146, -0.187053
0.921723, 0.387849

1.064322, -0.187081
0.921692, 0.387923

1.064498, -0.187109
0.921661, 0.387996

1.064674, -0.187137
0.921630, 0.388070

1.064850, -0.187165
0.921599, 0.388143

1.065026, -0.187193
0.921568, 0.388217

1.065202, -0.187221
0.921537, 0.388291

1.065378, -0.187249
0.921506, 0.388364

1.065554, -0.187277
0.921475, 0.388438

1.065729, -0.187305
0.921444, 0.388511

1.065905, -0.187333
0.921413, 0.388585

1.066081, -0.187361
0.921382, 0.388658

1.066257, -0.187390
0.921351, 0.388732

1.066433, -0.187418
0.921320, 0.388806

1.066609, -0.187446
0.921289, 0.388879

1.066785, -0.187474
0.921258, 0.388953

1.066961, -0.187502
0.921227, 0.389026

1.067137, -0.187530
0.921196, 0.389100

1.067313, -0.187558
0.921165, 0.389173

1.067489, -0.187586
0.921133, 0.389247

1.067665, -0.187614
0.921102, 0.389321

1.067841, -0.187642
0.921071, 0.389394

1.068017, -0.187670
0.921040, 0.389468

1.068193, -0.187698
0.921009, 0.389541

1.068368, -0.187726
0.920978, 0.389615

1.068544, -0.187754
0.920947, 0.389688

1.068720, -0.187782
0.920916, 0.389762

1.068896, -0.187811
0.920885, 0.389835

1.069072, -0.187839
0.920853, 0.389909

1.069248, -0.187867
0.920822, 0.389982

1.069424, -0.187895
0.920791, 0.390056

1.069600, -0.187923
0.920760, 0.390129

1.069776, -0.187951
0.920729, 0.390203

1.069951, -0.187979
0.920698, 0.390276

1.070127, -0.188007
0.920667, 0.390350

1.070303, -0.188035
0.920635, 0.390424

1.070479, -0.188063
0.920604, 0.390497

1.070655, -0.188091
0.920573, 0.390571

1.070831, -0.188119
0.920542, 0.390644

1.071007, -0.188147
0.920511, 0.390718

1.071182, -0.188175
0.920479, 0.390791

1.071358, -0.188203
0.920448, 0.390865

1.071534, -0.188231
0.920417, 0.390938

1.071710, -0.188259
0.920386, 0.391012

1.071886, -0.188287
0.920355, 0.391085

1.072062, -0.188315
0.920323, 0.391159

1.072237, -0.188343
0.920292, 0.391232

1.072413, -0.188372
0.920261, 0.391305

1.072589, -0.188400
0.920230, 0.391379

1.072765, -0.188428
0.920198, 0.391452

1.072941, -0.188456
0.920167, 0.391526

1.073117, -0.188484
0.920136, 0.391599

1.073292, -0.188512
0.920105, 0.391673

1.073468, -0.188540
0.920073, 0.391746

1.073644, -0.188568
0.920042, 0.391820

1.073820, -0.188596
0.920011, 0.391893

1.073996, -0.188624
0.919979, 0.391967

1.074171, -0.188652
0.919948, 0.392040

1.074347, -0.188680
0.919917, 0.392114

1.074523, -0.188708
0.919885, 0.392187

1.074699, -0.188736
0.919854, 0.392261

1.074874, -0.188764
0.919823, 0.392334

1.075050, -0.188792
0.919791, 0.392407

1.075226, -0.188820
0.919760, 0.392481

1.075402, -0.188848
0.919729, 0.392554

1.075577, -0.188876
0.919697, 0.392628

1.075753, -0.188904
0.919666, 0.392701

1.075929, -0.188932
0.919635, 0.392775

1.076105, -0.188960
0.919603, 0.392848

1.076280, -0.188988
0.919572, 0.392922

1.076456, -0.189016
0.919541, 0.392995

1.076632, -0.189044
0.919509, 0.393068

1.076808, -0.189072
0.919478, 0.393142

1.076983, -0.189100
0.919446, 0.393215

1.077159, -0.189128
0.919415, 0.393289

1.077335, -0.189156
0.919384, 0.393362

1.077510, -0.189184
0.919352, 0.393435

1.077686, -0.189212
0.919321, 0.393509

1.077862, -0.189240
0.919289, 0.393582

1.078038, -0.189269
0.919258, 0.393656

1.078213, -0.189297
0.919227, 0.393729

1.078389, -0.189325
0.919195, 0.393803

1.078565, -0.189353
0.919164, 0.393876

1.078740, -0.189381
0.919132, 0.393949

1.078916, -0.189409
0.919101, 0.394023

1.079092, -0.189437
0.919069, 0.394096

1.079267, -0.189465
0.919038, 0.394169

1.079443, -0.189493
0.919006, 0.394243

1.079619, -0.189521
0.918975, 0.394316

1.079794, -0.189549
0.918943, 0.394390

1.079970, -0.189577
0.918912, 0.394463

1.080146, -0.189605
0.918880, 0.394536

1.080321, -0.189633
0.918849, 0.394610

1.080497, -0.189661
0.918817, 0.394683

1.080673, -0.189689
0.918786, 0.394756

1.080848, -0.189717
0.918754, 0.394830

1.081024, -0.189745
0.918723, 0.394903

1.081200, -0.189773
0.918691, 0.394977

1.081375, -0.189801
0.918660, 0.395050

1.081551, -0.189829
0.918628, 0.395123

1.081727, -0.189857
0.918597, 0.395197

1.081902, -0.189885
0.918565, 0.395270

1.082078, -0.189913
0.918533, 0.395343

1.082253, -0.189941
0.918502, 0.395417

1.082429, -0.189969
0.918470, 0.395490

1.082605, -0.189997
0.918439, 0.395563

1.082780, -0.190025
0.918407, 0.395637

1.082956, -0.190053
0.918376, 0.395710

1.083131, -0.190081
0.918344, 0.395783

1.083307, -0.190109
0.918312, 0.395857

1.083483, -0.190137
0.918281, 0.395930

1.083658, -0.190165
0.918249, 0.396003

1.083834, -0.190193
0.918217, 0.396077

1.084009, -0.190221
0.918186, 0.396150

1.084185, -0.190249
0.918154, 0.396223

1.084361, -0.190277
0.918123, 0.396297

1.084536, -0.190305
0.918091, 0.396370

1.084712, -0.190333
0.918059, 0.396443

1.084887, -0.190361
0.918028, 0.396517

1.085063, -0.190389
0.917996, 0.396590

1.085238, -0.190417
0.917964, 0.396663

1.085414, -0.190445
0.917933, 0.396736

1.085589, -0.190473
0.917901, 0.396810

1.085765, -0.190501
0.917869, 0.396883

1.085941, -0.190529
0.917838, 0.396956

1.086116, -0.190557
0.917806, 0.397030

1.086292, -0.190585
0.917774, 0.397103

1.086467, -0.190612
0.917742, 0.397176

1.086643, -0.190640
0.917711, 0.397249

1.086818, -0.190668
0.917679, 0.397323

1.086994, -0.190696
0.917647, 0.397396

1.087169, -0.190724
0.917615, 0.397469

1.087345, -0.190752
0.917584, 0.397543

1.087520, -0.190780
0.917552, 0.397616

1.087696, -0.190808
0.917520, 0.397689

1.087871, -0.190836
0.917488, 0.397762

1.088047, -0.190864
0.917457, 0.397836

1.088222, -0.190892
0.917425, 0.397909

1.088398, -0.190920
0.917393, 0.397982

1.088573, -0.190948
0.917361, 0.398055

1.088749, -0.190976
0.917330, 0.398129

1.088924, -0.191004
0.917298, 0.398202

1.089100, -0.191032
0.917266, 0.398275

1.089275, -0.191060
0.917234, 0.398348

1.089451, -0.191088
0.917202, 0.398422

1.089626, -0.191116
0.917171, 0.398495

1.089802, -0.191144
0.917139, 0.398568

1.089977, -0.191172
0.917107, 0.398641

1.090152, -0.191200
0.917075, 0.398715

1.090328, -0.191228
0.917043, 0.398788

1.090503, -0.191256
0.917011, 0.398861

1.090679, -0.191284
0.916980, 0.398934

1.090854, -0.191312
0.916948, 0.399007

1.091030, -0.191340
0.916916, 0.399081

1.091205, -0.191368
0.916884, 0.399154

1.091381, -0.191396
0.916852, 0.399227

1.091556, -0.191424
0.916820, 0.399300

1.091731, -0.191452
0.916788, 0.399374

1.091907, -0.191480
0.916756, 0.399447

1.092082, -0.191508
0.916725, 0.399520

1.092258, -0.191535
0.916693, 0.399593

1.092433, -0.191563
0.916661, 0.399666

1.092608, -0.191591
0.916629, 0.399740

1.092784, -0.191619
0.916597, 0.399813

1.092959, -0.191647
0.916565, 0.399886

1.093135, -0.191675
0.916533, 0.399959

1.093310, -0.191703
0.916501, 0.400032

1.093485, -0.191731
0.916469, 0.400105

1.093661, -0.191759
0.916437, 0.400179

1.093836, -0.191787
0.916405, 0.400252

1.094012, -0.191815
0.916373, 0.400325

1.094187, -0.191843
0.916341, 0.400398

1.094362, -0.191871
0.916309, 0.400471

1.094538, -0.191899
0.916277, 0.400544

1.094713, -0.191927
0.916245, 0.400618

1.094888, -0.191955
0.916213, 0.400691

1.095064, -0.191983
0.916181, 0.400764

1.095239, -0.192011
0.916149, 0.400837

1.095414, -0.192039
0.916117, 0.400910

1.095590, -0.192067
0.916085, 0.400983

1.095765, -0.192094
0.916053, 0.401057

1.095940, -0.192122
0.916021, 0.401130

1.096116, -0.192150
0.915989, 0.401203

1.096291, -0.192178
0.915957, 0.401276

1.096466, -0.192206
0.915925, 0.401349

1.096642, -0.192234
0.915893, 0.401422

1.096817, -0.192262
0.915861, 0.401495

1.096992, -0.192290
0.915829, 0.401569

1.097168, -0.192318
0.915797, 0.401642

1.097343, -0.192346
0.915765, 0.401715

1.097518, -0.192374
0.915733, 0.401788

1.097694, -0.192402
0.915701, 0.401861

1.097869, -0.192430
0.915669, 0.401934

1.098044, -0.192458
0.915636, 0.402007

1.098220, -0.192486
0.915604, 0.402080

1.098395, -0.192513
0.915572, 0.402154

1.098570, -0.192541
0.915540, 0.402227

1.098745, -0.192569
0.915508, 0.402300

1.098921, -0.192597
0.915476, 0.402373

1.099096, -0.192625
0.915444, 0.402446

1.099271, -0.192653
0.915412, 0.402519

1.099446, -0.192681
0.915379, 0.402592

1.099622, -0.192709
0.915347, 0.402665

1.099797, -0.192737
0.915315, 0.402738

1.099972, -0.192765
0.915283, 0.402811

1.100148, -0.192793
0.915251, 0.402884

1.100323, -0.192821
0.915219, 0.402958

1.100498, -0.192849
0.915186, 0.403031

1.100673, -0.192877
0.915154, 0.403104

1.100848, -0.192904
0.915122, 0.403177

1.101024, -0.192932
0.915090, 0.403250

1.101199, -0.192960
0.915058, 0.403323

1.101374, -0.192988
0.915025, 0.403396

1.101549, -0.193016
0.914993, 0.403469

1.101725, -0.193044
0.914961, 0.403542

1.101900, -0.193072
0.914929, 0.403615

1.102075, -0.193100
0.914897, 0.403688

1.102250, -0.193128
0.914864, 0.403761

1.102425, -0.193156
0.914832, 0.403834

1.102601, -0.193184
0.914800, 0.403907

1.102776, -0.193212
0.914768, 0.403980

1.102951, -0.193239
0.914735, 0.404053

1.103126, -0.193267
0.914703, 0.404127

1.103301, -0.193295
0.914671, 0.404200

1.103477, -0.193323
0.914639, 0.404273

1.103652, -0.193351
0.914606, 0.404346

1.103827, -0.193379
0.914574, 0.404419

1.104002, -0.193407
0.914542, 0.404492

1.104177, -0.193435
0.914509, 0.404565

1.104353, -0.193463
0.914477, 0.404638

1.104528, -0.193491
0.914445, 0.404711

1.104703, -0.193519
0.914412, 0.404784

1.104878, -0.193546
0.914380, 0.404857

1.105053, -0.193574
0.914348, 0.404930

1.105228, -0.193602
0.914315, 0.405003

1.105403, -0.193630
0.914283, 0.405076

1.105579, -0.193658
0.914251, 0.405149

1.105754, -0.193686
0.914218, 0.405222

1.105929, -0.193714
0.914186, 0.405295

1.106104, -0.193742
0.914154, 0.405368

1.106279, -0.193770
0.914121, 0.405441

1.106454, -0.193798
0.914089, 0.405514

1.106629, -0.193825
0.914057, 0.405587

1.106805, -0.193853
0.914024, 0.405660

1.106980, -0.193881
0.913992, 0.405733

1.107155, -0.193909
0.913959, 0.405806

1.107330, -0.193937
0.913927, 0.405879

1.107505, -0.193965
0.913895, 0.405952

1.107680, -0.193993
0.913862, 0.406025

1.107855, -0.194021
0.913830, 0.406098

1.108030, -0.194049
0.913797, 0.406171

1.108205, -0.194076
0.913765, 0.406244

1.108380, -0.194104
0.913732, 0.406317

1.108556, -0.194132
0.913700, 0.406390

1.108731, -0.194160
0.913667, 0.406462

1.108906, -0.194188
0.913635, 0.406535

1.109081, -0.194216
0.913603, 0.406608

1.109256, -0.194244
0.913570, 0.406681

1.109431, -0.194272
0.913538, 0.406754

1.109606, -0.194300
0.913505, 0.406827

1.109781, -0.194327
0.913473, 0.406900

1.109956, -0.194355
0.913440, 0.406973

1.110131, -0.194383
0.913408, 0.407046

1.110306, -0.194411
0.913375, 0.407119

1.110481, -0.194439
0.913343, 0.407192

1.110656, -0.194467
0.913310, 0.407265

1.110831, -0.194495
0.913278, 0.407338

1.111006, -0.194523
0.913245, 0.407411

1.111181, -0.194550
0.913213, 0.407484

1.111356, -0.194578
0.913180, 0.407557

1.111532, -0.194606
0.913147, 0.407629

1.111707, -0.194634
0.913115, 0.407702

1.111882, -0.194662
0.913082, 0.407775

1.112057, -0.194690
0.913050, 0.407848

1.112232, -0.194718
0.913017, 0.407921

1.112407, -0.194746
0.912985, 0.407994

1.112582, -0.194773
0.912952, 0.408067

1.112757, -0.194801
0.912919, 0.408140

1.112932, -0.194829
0.912887, 0.408213

1.113107, -0.194857
0.912854, 0.408286

1.113282, -0.194885
0.912822, 0.408359

1.113457, -0.194913
0.912789, 0.408431

1.113632, -0.194941
0.912756, 0.408504

1.113807, -0.194969
0.912724, 0.408577

1.113982, -0.194996
0.912691, 0.408650

1.114157, -0.195024
0.912659, 0.408723

1.114332, -0.195052
0.912626, 0.408796

1.114506, -0.195080
0.912593, 0.408869

1.114681, -0.195108
0.912561, 0.408942

1.114856, -0.195136
0.912528, 0.409014

1.115031, -0.195164
0.912495, 0.409087

1.115206, -0.195191
0.912463, 0.409160

1.115381, -0.195219
0.912430, 0.409233

1.115556, -0.195247
0.912397, 0.409306

1.115731, -0.195275
0.912365, 0.409379

1.115906, -0.195303
0.912332, 0.409452

1.116081, -0.195331
0.912299, 0.409524

1.116256, -0.195359
0.912266, 0.409597

1.116431, -0.195386
0.912234, 0.409670

1.116606, -0.195414
0.912201, 0.409743

1.116781, -0.195442
0.912168, 0.409816

1.116956, -0.195470
0.912136, 0.409889

1.117131, -0.195498
0.912103, 0.409961

1.117306, -0.195526
0.912070, 0.410034

1.117480, -0.195554
0.912037, 0.410107

1.117655, -0.195581
0.912005, 0.410180

1.117830, -0.195609
0.911972, 0.410253

1.118005, -0.195637
0.911939, 0.410326

1.118180, -0.195665
0.911906, 0.410398

1.118355, -0.195693
0.911874, 0.410471

1.118530, -0.195721
0.911841, 0.410544

1.118705, -0.195748
0.911808, 0.410617

1.118880, -0.195776
0.911775, 0.410690

1.119054, -0.195804
0.911742, 0.410762

1.119229, -0.195832
0.911710, 0.410835

1.119404, -0.195860
0.911677, 0.410908

1.119579, -0.195888
0.911644, 0.410981

1.119754, -0.195916
0.911611, 0.411054

1.119929, -0.195943
0.911578, 0.411126

1.120104, -0.195971
0.911546, 0.411199

1.120279, -0.195999
0.911513, 0.411272

1.120453, -0.196027
0.911480, 0.411345

1.120628, -0.196055
0.911447, 0.411418

1.120803, -0.196083
0.911414, 0.411490

1.120978, -0.196110
0.911381, 0.411563

1.121153, -0.196138
0.911348, 0.411636

1.121328, -0.196166
0.911316, 0.411709

1.121502, -0.196194
0.911283, 0.411781

1.121677, -0.196222
0.911250, 0.411854

1.121852, -0.196250
0.911217, 0.411927

1.122027, -0.196277
0.911184, 0.412000

1.122202, -0.196305
0.911151, 0.412072

1.122377, -0.196333
0.911118, 0.412145

1.122551, -0.196361
0.911085, 0.412218

1.122726, -0.196389
0.911052, 0.412291

1.122901, -0.196417
0.911019, 0.412363

1.123076, -0.196444
0.910986, 0.412436

1.123251, -0.196472
0.910954, 0.412509

1.123425, -0.196500
0.910921, 0.412582

1.123600, -0.196528
0.910888, 0.412654

1.123775, -0.196556
0.910855, 0.412727

1.123950, -0.196584
0.910822, 0.412800

1.124125, -0.196611
0.910789, 0.412873

1.124299, -0.196639
0.910756, 0.412945

1.124474, -0.196667
0.910723, 0.413018

1.124649, -0.196695
0.910690, 0.413091

1.124824, -0.196723
0.910657, 0.413164

1.124998, -0.196750
0.910624, 0.413236

1.125173, -0.196778
0.910591, 0.413309

1.125348, -0.196806
0.910558, 0.413382

1.125523, -0.196834
0.910525, 0.413454

1.125697, -0.196862
0.910492, 0.413527

1.125872, -0.196890
0.910459, 0.413600

1.126047, -0.196917
0.910426, 0.413672

1.126222, -0.196945
0.910393, 0.413745

1.126396, -0.196973
0.910360, 0.413818

1.126571, -0.197001
0.910327, 0.413891

1.126746, -0.197029
0.910294, 0.413963

1.126921, -0.197056
0.910261, 0.414036

1.127095, -0.197084
0.910227, 0.414109

1.127270, -0.197112
0.910194, 0.414181

1.127445, -0.197140
0.910161, 0.414254

1.127620, -0.197168
0.910128, 0.414327

1.127794, -0.197196
0.910095, 0.414399

1.127969, -0.197223
0.910062, 0.414472

1.128144, -0.197251
0.910029, 0.414545

1.128318, -0.197279
0.909996, 0.414617

1.128493, -0.197307
0.909963, 0.414690

1.128668, -0.197335
0.909930, 0.414763

1.128842, -0.197362
0.909897, 0.414835

1.129017, -0.197390
0.909863, 0.414908

1.129192, -0.197418
0.909830, 0.414981

1.129367, -0.197446
0.909797, 0.415053

1.129541, -0.197474
0.909764, 0.415126

1.129716, -0.197501
0.909731, 0.415199

1.129891, -0.197529
0.909698, 0.415271

1.130065, -0.197557
0.909664, 0.415344

1.130240, -0.197585
0.909631, 0.415416

1.130415, -0.197613
0.909598, 0.415489

1.130589, -0.197640
0.909565, 0.415562

1.130764, -0.197668
0.909532, 0.415634

1.130939, -0.197696
0.909499, 0.415707

1.131113, -0.197724
0.909465, 0.415780

1.131288, -0.197752
0.909432, 0.415852

1.131462, -0.197779
0.909399, 0.415925

1.131637, -0.197807
0.909366, 0.415997

1.131812, -0.197835
0.909333, 0.416070

1.131986, -0.197863
0.909299, 0.416143

1.132161, -0.197891
0.909266, 0.416215

1.132336, -0.197918
0.909233, 0.416288

1.132510, -0.197946
0.909200, 0.416361

1.132685, -0.197974
0.909166, 0.416433

1.132860, -0.198002
0.909133, 0.416506

1.133034, -0.198029
0.909100, 0.416578

1.133209, -0.198057
0.909067, 0.416651

1.133383, -0.198085
0.909033, 0.416723

1.133558, -0.198113
0.909000, 0.416796

1.133733, -0.198141
0.908967, 0.416869

1.133907, -0.198168
0.908933, 0.416941

1.134082, -0.198196
0.908900, 0.417014

1.134256, -0.198224
0.908867, 0.417086

1.134431, -0.198252
0.908834, 0.417159

1.134605, -0.198280
0.908800, 0.417232

1.134780, -0.198307
0.908767, 0.417304

1.134955, -0.198335
0.908734, 0.417377

1.135129, -0.198363
0.908700, 0.417449

1.135304, -0.198391
0.908667, 0.417522

1.135478, -0.198418
0.908634, 0.417594

1.135653, -0.198446
0.908600, 0.417667

1.135827, -0.198474
0.908567, 0.417739

1.136002, -0.198502
0.908534, 0.417812

1.136177, -0.198530
0.908500, 0.417885

1.136351, -0.198557
0.908467, 0.417957

1.136526, -0.198585
0.908433, 0.418030

1.136700, -0.198613
0.908400, 0.418102

1.136875, -0.198641
0.908367, 0.418175

1.137049, -0.198668
0.908333, 0.418247

1.137224, -0.198696
0.908300, 0.418320

1.137398, -0.198724
0.908266, 0.418392

1.137573, -0.198752
0.908233, 0.418465

1.137747, -0.198780
0.908200, 0.418537

1.137922, -0.198807
0.908166, 0.418610

1.138096, -0.198835
0.908133, 0.418682

1.138271, -0.198863
0.908099, 0.418755

1.138445, -0.198891
0.908066, 0.418827

1.138620, -0.198918
0.908032, 0.418900

1.138795, -0.198946
0.907999, 0.418972

1.138969, -0.198974
0.907966, 0.419045

1.139144, -0.199002
0.907932, 0.419117

1.139318, -0.199029
0.907899, 0.419190

1.139492, -0.199057
0.907865, 0.419262

1.139667, -0.199085
0.907832, 0.419335

1.139841, -0.199113
0.907798, 0.419407

1.140016, -0.199140
0.907765, 0.419480

1.140190, -0.199168
0.907731, 0.419552

1.140365, -0.199196
0.907698, 0.419625

1.140539, -0.199224
0.907664, 0.419697

1.140714, -0.199252
0.907631, 0.419770

1.140888, -0.199279
0.907597, 0.419842

1.141063, -0.199307
0.907564, 0.419915

1.141237, -0.199335
0.907530, 0.419987

1.141412, -0.199363
0.907496, 0.420060

1.141586, -0.199390
0.907463, 0.420132

1.141761, -0.199418
0.907429, 0.420205

1.141935, -0.199446
0.907396, 0.420277

1.142109, -0.199474
0.907362, 0.420350

1.142284, -0.199501
0.907329, 0.420422

1.142458, -0.199529
0.907295, 0.420494

1.142633, -0.199557
0.907262, 0.420567

1.142807, -0.199585
0.907228, 0.420639

1.142982, -0.199612
0.907194, 0.420712

1.143156, -0.199640
0.907161, 0.420784

1.143330, -0.199668
0.907127, 0.420857

1.143505, -0.199696
0.907094, 0.420929

1.143679, -0.199723
0.907060, 0.421001

1.143854, -0.199751
0.907026, 0.421074

1.144028, -0.199779
0.906993, 0.421146

1.144203, -0.199807
0.906959, 0.421219

1.144377, -0.199834
0.906925, 0.421291

1.144551, -0.199862
0.906892, 0.421364

1.144726, -0.199890
0.906858, 0.421436

1.144900, -0.199918
0.906824, 0.421508

1.145075, -0.199945
0.906791, 0.421581

1.145249, -0.199973
0.906757, 0.421653

1.145423, -0.200001
0.906723, 0.421726

1.145598, -0.200029
0.906690, 0.421798

1.145772, -0.200056
0.906656, 0.421870

1.145946, -0.200084
0.906622, 0.421943

1.146121, -0.200112
0.906589, 0.422015

1.146295, -0.200139
0.906555, 0.422088

1.146469, -0.200167
0.906521, 0.422160

1.146644, -0.200195
0.906488, 0.422232

1.146818, -0.200223
0.906454, 0.422305

1.146993, -0.200250
0.906420, 0.422377

1.147167, -0.200278
0.906386, 0.422450

1.147341, -0.200306
0.906353, 0.422522

1.147516, -0.200334
0.906319, 0.422594

1.147690, -0.200361
0.906285, 0.422667

1.147864, -0.200389
0.906251, 0.422739

1.148039, -0.200417
0.906218, 0.422811

1.148213, -0.200445
0.906184, 0.422884

1.148387, -0.200472
0.906150, 0.422956

1.148562, -0.200500
0.906116, 0.423028

1.148736, -0.200528
0.906083, 0.423101

1.148910, -0.200555
0.906049, 0.423173

1.149085, -0.200583
0.906015, 0.423246

1.149259, -0.200611
0.905981, 0.423318

1.149433, -0.200639
0.905947, 0.423390

1.149607, -0.200666
0.905914, 0.423463

1.149782, -0.200694
0.905880, 0.423535

1.149956, -0.200722
0.905846, 0.423607

1.150130, -0.200750
0.905812, 0.423680

1.150305, -0.200777
0.905778, 0.423752

1.150479, -0.200805
0.905744, 0.423824

1.150653, -0.200833
0.905711, 0.423897

1.150827, -0.200860
0.905677, 0.423969

1.151002, -0.200888
0.905643, 0.424041

1.151176, -0.200916
0.905609, 0.424113

1.151350, -0.200944
0.905575, 0.424186

1.151525, -0.200971
0.905541, 0.424258

1.151699, -0.200999
0.905507, 0.424330

1.151873, -0.201027
0.905474, 0.424403

1.152047, -0.201054
0.905440, 0.424475

1.152222, -0.201082
0.905406, 0.424547

1.152396, -0.201110
0.905372, 0.424620

1.152570, -0.201138
0.905338, 0.424692

1.152744, -0.201165
0.905304, 0.424764

1.152919, -0.201193
0.905270, 0.424836

1.153093, -0.201221
0.905236, 0.424909

1.153267, -0.201248
0.905202, 0.424981

1.153441, -0.201276
0.905168, 0.425053

1.153616, -0.201304
0.905134, 0.425126

1.153790, -0.201332
0.905100, 0.425198

1.153964, -0.201359
0.905066, 0.425270

1.154138, -0.201387
0.905033, 0.425342

1.154312, -0.201415
0.904999, 0.425415

1.154487, -0.201442
0.904965, 0.425487

1.154661, -0.201470
0.904931, 0.425559

1.154835, -0.201498
0.904897, 0.425631

1.155009, -0.201525
0.904863, 0.425704

1.155183, -0.201553
0.904829, 0.425776

1.155358, -0.201581
0.904795, 0.425848

1.155532, -0.201609
0.904761, 0.425920

1.155706, -0.201636
0.904727, 0.425993

1.155880, -0.201664
0.904693, 0.426065

1.156054, -0.201692
0.904659, 0.426137

1.156229, -0.201719
0.904625, 0.426209

1.156403, -0.201747
0.904590, 0.426282

1.156577, -0.201775
0.904556, 0.426354

1.156751, -0.201802
0.904522, 0.426426

1.156925, -0.201830
0.904488, 0.426498

1.157099, -0.201858
0.904454, 0.426571

1.157274, -0.201886
0.904420, 0.426643

1.157448, -0.201913
0.904386, 0.426715

1.157622, -0.201941
0.904352, 0.426787

1.157796, -0.201969
0.904318, 0.426859

1.157970, -0.201996
0.904284, 0.426932

1.158144, -0.202024
0.904250, 0.427004

1.158319, -0.202052
0.904216, 0.427076

1.158493, -0.202079
0.904182, 0.427148

1.158667, -0.202107
0.904147, 0.427220

1.158841, -0.202135
0.904113, 0.427293

1.159015, -0.202163
0.904079, 0.427365

1.159189, -0.202190
0.904045, 0.427437

1.159363, -0.202218
0.904011, 0.427509

1.159537, -0.202246
0.903977, 0.427581

1.159712, -0.202273
0.903943, 0.427654

1.159886, -0.202301
0.903909, 0.427726

1.160060, -0.202329
0.903874, 0.427798

1.160234, -0.202356
0.903840, 0.427870

1.160408, -0.202384
0.903806, 0.427942

1.160582, -0.202412
0.903772, 0.428014

1.160756, -0.202439
0.903738, 0.428087

1.160930, -0.202467
0.903704, 0.428159

1.161104, -0.202495
0.903669, 0.428231

1.161279, -0.202522
0.903635, 0.428303

1.161453, -0.202550
0.903601, 0.428375

1.161627, -0.202578
0.903567, 0.428447

1.161801, -0.202605
0.903533, 0.428520

1.161975, -0.202633
0.903498, 0.428592

1.162149, -0.202661
0.903464, 0.428664

1.162323, -0.202688
0.903430, 0.428736

1.162497, -0.202716
0.903396, 0.428808

1.162671, -0.202744
0.903361, 0.428880

1.162845, -0.202771
0.903327, 0.428952

1.163019, -0.202799
0.903293, 0.429025

1.163193, -0.202827
0.903259, 0.429097

1.163367, -0.202855
0.903224, 0.429169

1.163541, -0.202882
0.903190, 0.429241

1.163715, -0.202910
0.903156, 0.429313

1.163890, -0.202938
0.903121, 0.429385

1.164064, -0.202965
0.903087, 0.429457

1.164238, -0.202993
0.903053, 0.429529

1.164412, -0.203021
0.903019, 0.429601

1.164586, -0.203048
0.902984, 0.429674

1.164760, -0.203076
0.902950, 0.429746

1.164934, -0.203104
0.902916, 0.429818

1.165108, -0.203131
0.902881, 0.429890

1.165282, -0.203159
0.902847, 0.429962

1.165456, -0.203187
0.902813, 0.430034

1.165630, -0.203214
0.902778, 0.430106

1.165804, -0.203242
0.902744, 0.430178

1.165978, -0.203270
0.902710, 0.430250

1.166152, -0.203297
0.902675, 0.430322

1.166326, -0.203325
0.902641, 0.430394

1.166500, -0.203353
0.902607, 0.430467

1.166674, -0.203380
0.902572, 0.430539

1.166848, -0.203408
0.902538, 0.430611

1.167022, -0.203436
0.902503, 0.430683

1.167196, -0.203463
0.902469, 0.430755

1.167370, -0.203491
0.902435, 0.430827

1.167544, -0.203518
0.902400, 0.430899

1.167718, -0.203546
0.902366, 0.430971

1.167892, -0.203574
0.902331, 0.431043

1.168066, -0.203601
0.902297, 0.431115

1.168240, -0.203629
0.902263, 0.431187

1.168414, -0.203657
0.902228, 0.431259

1.168587, -0.203684
0.902194, 0.431331

1.168761, -0.203712
0.902159, 0.431403

1.168935, -0.203740
0.902125, 0.431475

1.169109, -0.203767
0.902090, 0.431547

1.169283, -0.203795
0.902056, 0.431619

1.169457, -0.203823
0.902021, 0.431691

1.169631, -0.203850
0.901987, 0.431763

1.169805, -0.203878
0.901952, 0.431835

1.169979, -0.203906
0.901918, 0.431907

1.170153, -0.203933
0.901883, 0.431980

1.170327, -0.203961
0.901849, 0.432052

1.170501, -0.203989
0.901814, 0.432124

1.170675, -0.204016
0.901780, 0.432196

1.170849, -0.204044
0.901745, 0.432268

1.171023, -0.204071
0.901711, 0.432340

1.171196, -0.204099
0.901676, 0.432412

1.171370, -0.204127
0.901642, 0.432484

1.171544, -0.204154
0.901607, 0.432556

1.171718, -0.204182
0.901573, 0.432628

1.171892, -0.204210
0.901538, 0.432700

1.172066, -0.204237
0.901504, 0.432772

1.172240, -0.204265
0.901469, 0.432844

1.172414, -0.204293
0.901435, 0.432915

1.172588, -0.204320
0.901400, 0.432987

1.172762, -0.204348
0.901365, 0.433059

1.172935, -0.204376
0.901331, 0.433131

1.173109, -0.204403
0.901296, 0.433203

1.173283, -0.204431
0.901262, 0.433275

1.173457, -0.204458
0.901227, 0.433347

1.173631, -0.204486
0.901192, 0.433419

1.173805, -0.204514
0.901158, 0.433491

1.173979, -0.204541
0.901123, 0.433563

1.174153, -0.204569
0.901089, 0.433635

1.174326, -0.204597
0.901054, 0.433707

1.174500, -0.204624
0.901019, 0.433779

1.174674, -0.204652
0.900985, 0.433851

1.174848, -0.204680
0.900950, 0.433923

1.175022, -0.204707
0.900915, 0.433995

1.175196, -0.204735
0.900881, 0.434067

1.175369, -0.204762
0.900846, 0.434139

1.175543, -0.204790
0.900811, 0.434211

1.175717, -0.204818
0.900777, 0.434283

1.175891, -0.204845
0.900742, 0.434355

1.176065, -0.204873
0.900707, 0.434426

1.176239, -0.204901
0.900673, 0.434498

1.176412, -0.204928
0.900638, 0.434570

1.176586, -0.204956
0.900603, 0.434642

1.176760, -0.204983
0.900568, 0.434714

1.176934, -0.205011
0.900534, 0.434786

1.177108, -0.205039
0.900499, 0.434858

1.177281, -0.205066
0.900464, 0.434930

1.177455, -0.205094
0.900430, 0.435002

1.177629, -0.205122
0.900395, 0.435074

1.177803, -0.205149
0.900360, 0.435146

1.177977, -0.205177
0.900325, 0.435217

1.178150, -0.205204
0.900291, 0.435289

1.178324, -0.205232
0.900256, 0.435361

1.178498, -0.205260
0.900221, 0.435433

1.178672, -0.205287
0.900186, 0.435505

1.178846, -0.205315
0.900152, 0.435577

1.179019, -0.205342
0.900117, 0.435649

1.179193, -0.205370
0.900082, 0.435721

1.179367, -0.205398
0.900047, 0.435792

1.179541, -0.205425
0.900012, 0.435864

1.179714, -0.205453
0.899978, 0.435936

1.179888, -0.205481
0.899943, 0.436008

1.180062, -0.205508
0.899908, 0.436080

1.180236, -0.205536
0.899873, 0.436152

1.180409, -0.205563
0.899838, 0.436224

1.180583, -0.205591
0.899803, 0.436296

1.180757, -0.205619
0.899769, 0.436367

1.180931, -0.205646
0.899734, 0.436439

1.181104, -0.205674
0.899699, 0.436511

1.181278, -0.205701
0.899664, 0.436583

1.181452, -0.205729
0.899629, 0.436655

1.181626, -0.205757
0.899594, 0.436727

1.181799, -0.205784
0.899559, 0.436798

1.181973, -0.205812
0.899525, 0.436870

1.182147, -0.205839
0.899490, 0.436942

1.182320, -0.205867
0.899455, 0.437014

1.182494, -0.205895
0.899420, 0.437086

1.182668, -0.205922
0.899385, 0.437158

1.182842, -0.205950
0.899350, 0.437229

1.183015, -0.205977
0.899315, 0.437301

1.183189, -0.206005
0.899280, 0.437373

1.183363, -0.206033
0.899245, 0.437445

1.183536, -0.206060
0.899210, 0.437517

1.183710, -0.206088
0.899175, 0.437588

1.183884, -0.206115
0.899140, 0.437660

1.184057, -0.206143
0.899106, 0.437732

1.184231, -0.206171
0.899071, 0.437804

1.184405, -0.206198
0.899036, 0.437876

1.184578, -0.206226
0.899001, 0.437947

1.184752, -0.206253
0.898966, 0.438019

1.184926, -0.206281
0.898931, 0.438091

1.185099, -0.206309
0.898896, 0.438163

1.185273, -0.206336
0.898861, 0.438234

1.185447, -0.206364
0.898826, 0.438306

1.185620, -0.206391
0.898791, 0.438378

1.185794, -0.206419
0.898756, 0.438450

1.185968, -0.206447
0.898721, 0.438522

1.186141, -0.206474
0.898686, 0.438593

1.186315, -0.206502
0.898651, 0.438665

1.186489, -0.206529
0.898616, 0.438737

1.186662, -0.206557
0.898581, 0.438809

1.186836, -0.206585
0.898546, 0.438880

1.187010, -0.206612
0.898510, 0.438952

1.187183, -0.206640
0.898475, 0.439024

1.187357, -0.206667
0.898440, 0.439096

1.187531, -0.206695
0.898405, 0.439167

1.187704, -0.206722
0.898370, 0.439239

1.187878, -0.206750
0.898335, 0.439311

1.188051, -0.206778
0.898300, 0.439382

1.188225, -0.206805
0.898265, 0.439454

1.188399, -0.206833
0.898230, 0.439526

1.188572, -0.206860
0.898195, 0.439598

1.188746, -0.206888
0.898160, 0.439669

1.188919, -0.206916
0.898125, 0.439741

1.189093, -0.206943
0.898089, 0.439813

1.189267, -0.206971
0.898054, 0.439885

1.189440, -0.206998
0.898019, 0.439956

1.189614, -0.207026
0.897984, 0.440028

1.189787, -0.207053
0.897949, 0.440100

1.189961, -0.207081
0.897914, 0.440171

1.190135, -0.207109
0.897879, 0.440243

1.190308, -0.207136
0.897843, 0.440315

1.190482, -0.207164
0.897808, 0.440386

1.190655, -0.207191
0.897773, 0.440458

1.190829, -0.207219
0.897738, 0.440530

1.191002, -0.207246
0.897703, 0.440602

1.191176, -0.207274
0.897668, 0.440673

1.191349, -0.207302
0.897632, 0.440745

1.191523, -0.207329
0.897597, 0.440817

1.191697, -0.207357
0.897562, 0.440888

1.191870, -0.207384
0.897527, 0.440960

1.192044, -0.207412
0.897492, 0.441032

1.192217, -0.207439
0.897456, 0.441103

1.192391, -0.207467
0.897421, 0.441175

1.192564, -0.207495
0.897386, 0.441247

1.192738, -0.207522
0.897351, 0.441318

1.192911, -0.207550
0.897315, 0.441390

1.193085, -0.207577
0.897280, 0.441461

1.193258, -0.207605
0.897245, 0.441533

1.193432, -0.207632
0.897210, 0.441605

1.193605, -0.207660
0.897174, 0.441676

1.193779, -0.207688
0.897139, 0.441748

1.193953, -0.207715
0.897104, 0.441820

1.194126, -0.207743
0.897069, 0.441891

1.194300, -0.207770
0.897033, 0.441963

1.194473, -0.207798
0.896998, 0.442035

1.194647, -0.207825
0.896963, 0.442106

1.194820, -0.207853
0.896927, 0.442178

1.194994, -0.207880
0.896892, 0.442249

1.195167, -0.207908
0.896857, 0.442321

1.195341, -0.207936
0.896821, 0.442393

1.195514, -0.207963
0.896786, 0.442464

1.195687, -0.207991
0.896751, 0.442536

1.195861, -0.208018
0.896715, 0.442608

1.196034, -0.208046
0.896680, 0.442679

1.196208, -0.208073
0.896645, 0.442751

1.196381, -0.208101
0.896609, 0.442822

1.196555, -0.208128
0.896574, 0.442894

1.196728, -0.208156
0.896539, 0.442965

1.196902, -0.208184
0.896503, 0.443037

1.197075, -0.208211
0.896468, 0.443109

1.197249, -0.208239
0.896433, 0.443180

1.197422, -0.208266
0.896397, 0.443252

1.197596, -0.208294
0.896362, 0.443323

1.197769, -0.208321
0.896326, 0.443395

1.197943, -0.208349
0.896291, 0.443467

1.198116, -0.208376
0.896256, 0.443538

1.198289, -0.208404
0.896220, 0.443610

1.198463, -0.208431
0.896185, 0.443681

1.198636, -0.208459
0.896149, 0.443753

1.198810, -0.208487
0.896114, 0.443824

1.198983, -0.208514
0.896078, 0.443896

1.199157, -0.208542
0.896043, 0.443967

1.199330, -0.208569
0.896007, 0.444039

1.199503, -0.208597
0.895972, 0.444111

1.199677, -0.208624
0.895937, 0.444182

1.199850, -0.208652
0.895901, 0.444254

1.200024, -0.208679
0.895866, 0.444325

1.200197, -0.208707
0.895830, 0.444397

1.200370, -0.208734
0.895795, 0.444468

1.200544, -0.208762
0.895759, 0.444540

1.200717, -0.208790
0.895724, 0.444611

1.200891, -0.208817
0.895688, 0.444683

1.201064, -0.208845
0.895653, 0.444754

1.201237, -0.208872
0.895617, 0.444826

1.201411, -0.208900
0.895582, 0.444897

1.201584, -0.208927
0.895546, 0.444969

1.201758, -0.208955
0.895510, 0.445040

1.201931, -0.208982
0.895475, 0.445112

1.202104, -0.209010
0.895439, 0.445183

1.202278, -0.209037
0.895404, 0.445255

1.202451, -0.209065
0.895368, 0.445326

1.202624, -0.209092
0.895333, 0.445398

1.202798, -0.209120
0.895297, 0.445469

1.202971, -0.209147
0.895262, 0.445541

1.203144, -0.209175
0.895226, 0.445612

1.203318, -0.209203
0.895190, 0.445684

1.203491, -0.209230
0.895155, 0.445755

1.203665, -0.209258
0.895119, 0.445827

1.203838, -0.209285
0.895084, 0.445898

1.204011, -0.209313
0.895048, 0.445970

1.204185, -0.209340
0.895012, 0.446041

1.204358, -0.209368
0.894977, 0.446113

1.204531, -0.209395
0.894941, 0.446184

1.204705, -0.209423
0.894906, 0.446256

1.204878, -0.209450
0.894870, 0.446327

1.205051, -0.209478
0.894834, 0.446399

1.205225, -0.209505
0.894799, 0.446470

1.205398, -0.209533
0.894763, 0.446541

1.205571, -0.209560
0.894727, 0.446613

1.205744, -0.209588
0.894692, 0.446684

1.205918, -0.209615
0.894656, 0.446756

1.206091, -0.209643
0.894620, 0.446827

1.206264, -0.209670
0.894585, 0.446899

1.206438, -0.209698
0.894549, 0.446970

1.206611, -0.209726
0.894513, 0.447041

1.206784, -0.209753
0.894478, 0.447113

1.206958, -0.209781
0.894442, 0.447184

1.207131, -0.209808
0.894406, 0.447256

1.207304, -0.209836
0.894370, 0.447327

1.207477, -0.209863
0.894335, 0.447399

1.207651, -0.209891
0.894299, 0.447470

1.207824, -0.209918
0.894263, 0.447541

1.207997, -0.209946
0.894227, 0.447613

1.208171, -0.209973
0.894192, 0.447684

1.208344, -0.210001
0.894156, 0.447756

1.208517, -0.210028
0.894120, 0.447827

1.208690, -0.210056
0.894084, 0.447898

1.208864, -0.210083
0.894049, 0.447970

1.209037, -0.210111
0.894013, 0.448041

1.209210, -0.210138
0.893977, 0.448113

1.209383, -0.210166
0.893941, 0.448184

1.209557, -0.210193
0.893906, 0.448255

1.209730, -0.210221
0.893870, 0.448327

1.209903, -0.210248
0.893834, 0.448398

1.210076, -0.210276
0.893798, 0.448469

1.210250, -0.210303
0.893762, 0.448541

1.210423, -0.210331
0.893727, 0.448612

1.210596, -0.210358
0.893691, 0.448684

1.210769, -0.210386
0.893655, 0.448755

1.210942, -0.210413
0.893619, 0.448826

1.211116, -0.210441
0.893583, 0.448898

1.211289, -0.210468
0.893547, 0.448969

1.211462, -0.210496
0.893511, 0.449040

1.211635, -0.210523
0.893476, 0.449112

1.211809, -0.210551
0.893440, 0.449183

1.211982, -0.210578
0.893404, 0.449254

1.212155, -0.210606
0.893368, 0.449326

1.212328, -0.210633
0.893332, 0.449397

1.212501, -0.210661
0.893296, 0.449468

1.212675, -0.210688
0.893260, 0.449540

1.212848, -0.210716
0.893224, 0.449611

1.213021, -0.210743
0.893189, 0.449682

1.213194, -0.210771
0.893153, 0.449754

1.213367, -0.210798
0.893117, 0.449825

1.213541, -0.210826
0.893081, 0.449896

1.213714, -0.210853
0.893045, 0.449968

1.213887, -0.210881
0.893009, 0.450039

1.214060, -0.210908
0.892973, 0.450110

1.214233, -0.210936
0.892937, 0.450182

1.214406, -0.210963
0.892901, 0.450253

1.214580, -0.210991
0.892865, 0.450324

1.214753, -0.211018
0.892829, 0.450395

1.214926, -0.211046
0.892793, 0.450467

1.215099, -0.211073
0.892757, 0.450538

1.215272, -0.211101
0.892721, 0.450609

1.215445, -0.211128
0.892685, 0.450681

1.215618, -0.211156
0.892649, 0.450752

1.215792, -0.211183
0.892613, 0.450823

1.215965, -0.211211
0.892577, 0.450894

1.216138, -0.211238
0.892541, 0.450966

1.216311, -0.211266
0.892505, 0.451037

1.216484, -0.211293
0.892469, 0.451108

1.216657, -0.211321
0.892433, 0.451179

1.216830, -0.211348
0.892397, 0.451251

1.217004, -0.211376
0.892361, 0.451322

1.217177, -0.211403
0.892325, 0.451393

1.217350, -0.211431
0.892289, 0.451465

1.217523, -0.211458
0.892253, 0.451536

1.217696, -0.211485
0.892217, 0.451607

1.217869, -0.211513
0.892181, 0.451678

1.218042, -0.211540
0.892145, 0.451749

1.218215, -0.211568
0.892109, 0.451821

1.218388, -0.211595
0.892073, 0.451892

1.218562, -0.211623
0.892037, 0.451963

1.218735, -0.211650
0.892000, 0.452034

1.218908, -0.211678
0.891964, 0.452106

1.219081, -0.211705
0.891928, 0.452177

1.219254, -0.211733
0.891892, 0.452248

1.219427, -0.211760
0.891856, 0.452319

1.219600, -0.211788
0.891820, 0.452391

1.219773, -0.211815
0.891784, 0.452462

1.219946, -0.211843
0.891748, 0.452533

1.220119, -0.211870
0.891712, 0.452604

1.220292, -0.211898
0.891675, 0.452675

1.220465, -0.211925
0.891639, 0.452747

1.220638, -0.211953
0.891603, 0.452818

1.220812, -0.211980
0.891567, 0.452889

1.220985, -0.212008
0.891531, 0.452960

1.221158, -0.212035
0.891495, 0.453031

1.221331, -0.212062
0.891458, 0.453103

1.221504, -0.212090
0.891422, 0.453174

1.221677, -0.212117
0.891386, 0.453245

1.221850, -0.212145
0.891350, 0.453316

1.222023, -0.212172
0.891314, 0.453387

1.222196, -0.212200
0.891277, 0.453458

1.222369, -0.212227
0.891241, 0.453530

1.222542, -0.212255
0.891205, 0.453601

1.222715, -0.212282
0.891169, 0.453672

1.222888, -0.212310
0.891133, 0.453743

1.223061, -0.212337
0.891096, 0.453814

1.223234, -0.212365
0.891060, 0.453885

1.223407, -0.212392
0.891024, 0.453957

1.223580, -0.212420
0.890988, 0.454028

1.223753, -0.212447
0.890951, 0.454099

1.223926, -0.212474
0.890915, 0.454170

1.224099, -0.212502
0.890879, 0.454241

1.224272, -0.212529
0.890843, 0.454312

1.224445, -0.212557
0.890806, 0.454383

1.224618, -0.212584
0.890770, 0.454454

1.224791, -0.212612
0.890734, 0.454526

1.224964, -0.212639
0.890697, 0.454597

1.225137, -0.212667
0.890661, 0.454668

1.225310, -0.212694
0.890625, 0.454739

1.225483, -0.212722
0.890588, 0.454810

1.225656, -0.212749
0.890552, 0.454881

1.225829, -0.212776
0.890516, 0.454952

1.226002, -0.212804
0.890479, 0.455023

1.226175, -0.212831
0.890443, 0.455095

1.226348, -0.212859
0.890407, 0.455166

1.226521, -0.212886
0.890370, 0.455237

1.226694, -0.212914
0.890334, 0.455308

1.226867, -0.212941
0.890298, 0.455379

1.227040, -0.212969
0.890261, 0.455450

1.227213, -0.212996
0.890225, 0.455521

1.227386, -0.213024
0.890189, 0.455592

1.227559, -0.213051
0.890152, 0.455663

1.227732, -0.213078
0.890116, 0.455734

1.227905, -0.213106
0.890079, 0.455805

1.228078, -0.213133
0.890043, 0.455876

1.228250, -0.213161
0.890007, 0.455948

1.228423, -0.213188
0.889970, 0.456019

1.228596, -0.213216
0.889934, 0.456090

1.228769, -0.213243
0.889897, 0.456161

1.228942, -0.213271
0.889861, 0.456232

1.229115, -0.213298
0.889825, 0.456303

1.229288, -0.213325
0.889788, 0.456374

1.229461, -0.213353
0.889752, 0.456445

1.229634, -0.213380
0.889715, 0.456516

1.229807, -0.213408
0.889679, 0.456587

1.229980, -0.213435
0.889642, 0.456658

1.230153, -0.213463
0.889606, 0.456729

1.230326, -0.213490
0.889569, 0.456800

1.230498, -0.213517
0.889533, 0.456871

1.230671, -0.213545
0.889496, 0.456942

1.230844, -0.213572
0.889460, 0.457013

1.231017, -0.213600
0.889423, 0.457084

1.231190, -0.213627
0.889387, 0.457155

1.231363, -0.213655
0.889350, 0.457226

1.231536, -0.213682
0.889314, 0.457297

1.231709, -0.213710
0.889277, 0.457368

1.231882, -0.213737
0.889241, 0.457439

1.232054, -0.213764
0.889204, 0.457510

1.232227, -0.213792
0.889168, 0.457581

1.232400, -0.213819
0.889131, 0.457652

1.232573, -0.213847
0.889095, 0.457723

1.232746, -0.213874
0.889058, 0.457794

1.232919, -0.213902
0.889022, 0.457865

1.233092, -0.213929
0.888985, 0.457936

1.233264, -0.213956
0.888948, 0.458007

1.233437, -0.213984
0.888912, 0.458078

1.233610, -0.214011
0.888875, 0.458149

1.233783, -0.214039
0.888839, 0.458220

1.233956, -0.214066
0.888802, 0.458291

1.234129, -0.214094
0.888766, 0.458362

1.234302, -0.214121
0.888729, 0.458433

1.234474, -0.214148
0.888692, 0.458504

1.234647, -0.214176
0.888656, 0.458575

1.234820, -0.214203
0.888619, 0.458646

1.234993, -0.214231
0.888582, 0.458717

1.235166, -0.214258
0.888546, 0.458788

1.235339, -0.214286
0.888509, 0.458859

1.235511, -0.214313
0.888473, 0.458930

1.235684, -0.214340
0.888436, 0.459001

1.235857, -0.214368
0.888399, 0.459072

1.236030, -0.214395
0.888363, 0.459143

1.236203, -0.214423
0.888326, 0.459214

1.236375, -0.214450
0.888289, 0.459285

1.236548, -0.214477
0.888253, 0.459355

1.236721, -0.214505
0.888216, 0.459426

1.236894, -0.214532
0.888179, 0.459497

1.237067, -0.214560
0.888142, 0.459568

1.237239, -0.214587
0.888106, 0.459639

1.237412, -0.214615
0.888069, 0.459710

1.237585, -0.214642
0.888032, 0.459781

1.237758, -0.214669
0.887996, 0.459852

1.237931, -0.214697
0.887959, 0.459923

1.238103, -0.214724
0.887922, 0.459994

1.238276, -0.214752
0.887885, 0.460065

1.238449, -0.214779
0.887849, 0.460135

1.238622, -0.214806
0.887812, 0.460206

1.238794, -0.214834
0.887775, 0.460277

1.238967, -0.214861
0.887738, 0.460348

1.239140, -0.214889
0.887702, 0.460419

1.239313, -0.214916
0.887665, 0.460490

1.239485, -0.214944
0.887628, 0.460561

1.239658, -0.214971
0.887591, 0.460632

1.239831, -0.214998
0.887555, 0.460703

1.240004, -0.215026
0.887518, 0.460773

1.240176, -0.215053
0.887481, 0.460844

1.240349, -0.215081
0.887444, 0.460915

1.240522, -0.215108
0.887407, 0.460986

1.240695, -0.215135
0.887371, 0.461057

1.240867, -0.215163
0.887334, 0.461128

1.241040, -0.215190
0.887297, 0.461199

1.241213, -0.215218
0.887260, 0.461269

1.241386, -0.215245
0.887223, 0.461340

1.241558, -0.215272
0.887186, 0.461411

1.241731, -0.215300
0.887150, 0.461482

1.241904, -0.215327
0.887113, 0.461553

1.242077, -0.215355
0.887076, 0.461624

1.242249, -0.215382
0.887039, 0.461694

1.242422, -0.215409
0.887002, 0.461765

1.242595, -0.215437
0.886965, 0.461836

1.242767, -0.215464
0.886928, 0.461907

1.242940, -0.215492
0.886892, 0.461978

1.243113, -0.215519
0.886855, 0.462049

1.243285, -0.215546
0.886818, 0.462119

1.243458, -0.215574
0.886781, 0.462190

1.243631, -0.215601
0.886744, 0.462261

1.243804, -0.215629
0.886707, 0.462332

1.243976, -0.215656
0.886670, 0.462403

1.244149, -0.215683
0.886633, 0.462473

1.244322, -0.215711
0.886596, 0.462544

1.244494, -0.215738
0.886559, 0.462615

1.244667, -0.215766
0.886522, 0.462686

1.244840, -0.215793
0.886485, 0.462757

1.245012, -0.215820
0.886448, 0.462827

1.245185, -0.215848
0.886411, 0.462898

1.245358, -0.215875
0.886374, 0.462969

1.245530, -0.215903
0.886338, 0.463040

1.245703, -0.215930
0.886301, 0.463111

1.245876, -0.215957
0.886264, 0.463181

1.246048, -0.215985
0.886227, 0.463252

1.246221, -0.216012
0.886190, 0.463323

1.246393, -0.216039
0.886153, 0.463394

1.246566, -0.216067
0.886116, 0.463464

1.246739, -0.216094
0.886079, 0.463535

1.246911, -0.216122
0.886042, 0.463606

1.247084, -0.216149
0.886005, 0.463677

1.247257, -0.216176
0.885968, 0.463747

1.247429, -0.216204
0.885930, 0.463818

1.247602, -0.216231
0.885893, 0.463889

1.247775, -0.216259
0.885856, 0.463960

1.247947, -0.216286
0.885819, 0.464030

1.248120, -0.216313
0.885782, 0.464101

1.248292, -0.216341
0.885745, 0.464172

1.248465, -0.216368
0.885708, 0.464242

1.248638, -0.216395
0.885671, 0.464313

1.248810, -0.216423
0.885634, 0.464384

1.248983, -0.216450
0.885597, 0.464455

1.249155, -0.216478
0.885560, 0.464525

1.249328, -0.216505
0.885523, 0.464596

1.249501, -0.216532
0.885486, 0.464667

1.249673, -0.216560
0.885449, 0.464737

1.249846, -0.216587
0.885411, 0.464808

1.250018, -0.216614
0.885374, 0.464879

1.250191, -0.216642
0.885337, 0.464950

1.250364, -0.216669
0.885300, 0.465020

1.250536, -0.216697
0.885263, 0.465091

1.250709, -0.216724
0.885226, 0.465162

1.250881, -0.216751
0.885189, 0.465232

1.251054, -0.216779
0.885151, 0.465303

1.251226, -0.216806
0.885114, 0.465374

1.251399, -0.216833
0.885077, 0.465444

1.251572, -0.216861
0.885040, 0.465515

1.251744, -0.216888
0.885003, 0.465586

1.251917, -0.216916
0.884966, 0.465656

1.252089, -0.216943
0.884928, 0.465727

1.252262, -0.216970
0.884891, 0.465798

1.252434, -0.216998
0.884854, 0.465868

1.252607, -0.217025
0.884817, 0.465939

1.252779, -0.217052
0.884780, 0.466010

1.252952, -0.217080
0.884742, 0.466080

1.253125, -0.217107
0.884705, 0.466151

1.253297, -0.217135
0.884668, 0.466222

1.253470, -0.217162
0.884631, 0.466292

1.253642, -0.217189
0.884594, 0.466363

1.253815, -0.217217
0.884556, 0.466434

1.253987, -0.217244
0.884519, 0.466504

1.254160, -0.217271
0.884482, 0.466575

1.254332, -0.217299
0.884444, 0.466645

1.254505, -0.217326
0.884407, 0.466716

1.254677, -0.217353
0.884370, 0.466787

1.254850, -0.217381
0.884333, 0.466857

1.255022, -0.217408
0.884295, 0.466928

1.255195, -0.217436
0.884258, 0.466998

1.255367, -0.217463
0.884221, 0.467069

1.255540, -0.217490
0.884184, 0.467140

1.255712, -0.217518
0.884146, 0.467210

1.255885, -0.217545
0.884109, 0.467281

1.256057, -0.217572
0.884072, 0.467351

1.256230, -0.217600
0.884034, 0.467422

1.256402, -0.217627
0.883997, 0.467493

1.256575, -0.217654
0.883960, 0.467563

1.256747, -0.217682
0.883922, 0.467634

1.256920, -0.217709
0.883885, 0.467704

1.257092, -0.217736
0.883848, 0.467775

1.257265, -0.217764
0.883810, 0.467846

1.257437, -0.217791
0.883773, 0.467916

1.257610, -0.217818
0.883735, 0.467987

1.257782, -0.217846
0.883698, 0.468057

1.257955, -0.217873
0.883661, 0.468128

1.258127, -0.217901
0.883623, 0.468198

1.258300, -0.217928
0.883586, 0.468269

1.258472, -0.217955
0.883549, 0.468340

1.258644, -0.217983
0.883511, 0.468410

1.258817, -0.218010
0.883474, 0.468481

1.258989, -0.218037
0.883436, 0.468551

1.259162, -0.218065
0.883399, 0.468622

1.259334, -0.218092
0.883362, 0.468692

1.259507, -0.218119
0.883324, 0.468763

1.259679, -0.218147
0.883287, 0.468833

1.259852, -0.218174
0.883249, 0.468904

1.260024, -0.218201
0.883212, 0.468974

1.260196, -0.218229
0.883174, 0.469045

1.260369, -0.218256
0.883137, 0.469115

1.260541, -0.218283
0.883099, 0.469186

1.260714, -0.218311
0.883062, 0.469256

1.260886, -0.218338
0.883024, 0.469327

1.261059, -0.218365
0.882987, 0.469397

1.261231, -0.218393
0.882950, 0.469468

1.261403, -0.218420
0.882912, 0.469538

1.261576, -0.218447
0.882875, 0.469609

1.261748, -0.218475
0.882837, 0.469679

1.261921, -0.218502
0.882800, 0.469750

1.262093, -0.218529
0.882762, 0.469820

1.262265, -0.218557
0.882724, 0.469891

1.262438, -0.218584
0.882687, 0.469961

1.262610, -0.218611
0.882649, 0.470032

1.262783, -0.218639
0.882612, 0.470102

1.262955, -0.218666
0.882574, 0.470173

1.263127, -0.218693
0.882537, 0.470243

1.263300, -0.218721
0.882499, 0.470314

1.263472, -0.218748
0.882462, 0.470384

1.263644, -0.218775
0.882424, 0.470455

1.263817, -0.218803
0.882387, 0.470525

1.263989, -0.218830
0.882349, 0.470596

1.264162, -0.218857
0.882311, 0.470666

1.264334, -0.218885
0.882274, 0.470737

1.264506, -0.218912
0.882236, 0.470807

1.264679, -0.218939
0.882199, 0.470877

1.264851, -0.218967
0.882161, 0.470948

1.265023, -0.218994
0.882123, 0.471018

1.265196, -0.219021
0.882086, 0.471089

1.265368, -0.219049
0.882048, 0.471159

1.265540, -0.219076
0.882011, 0.471230

1.265713, -0.219103
0.881973, 0.471300

1.265885, -0.219131
0.881935, 0.471370

1.266057, -0.219158
0.881898, 0.471441

1.266230, -0.219185
0.881860, 0.471511

1.266402, -0.219213
0.881822, 0.471582

1.266574, -0.219240
0.881785, 0.471652

1.266747, -0.219267
0.881747, 0.471723

1.266919, -0.219295
0.881709, 0.471793

1.267091, -0.219322
0.881672, 0.471863

1.267264, -0.219349
0.881634, 0.471934

1.267436, -0.219377
0.881596, 0.472004

1.267608, -0.219404
0.881559, 0.472075

1.267781, -0.219431
0.881521, 0.472145

1.267953, -0.219459
0.881483, 0.472215

1.268125, -0.219486
0.881446, 0.472286

1.268298, -0.219513
0.881408, 0.472356

1.268470, -0.219541
0.881370, 0.472427

1.268642, -0.219568
0.881332, 0.472497

1.268814, -0.219595
0.881295, 0.472567

1.268987, -0.219623
0.881257, 0.472638

1.269159, -0.219650
0.881219, 0.472708

1.269331, -0.219677
0.881181, 0.472778

1.269504, -0.219705
0.881144, 0.472849

1.269676, -0.219732
0.881106, 0.472919

1.269848, -0.219759
0.881068, 0.472989

1.270020, -0.219786
0.881030, 0.473060

1.270193, -0.219814
0.880993, 0.473130

1.270365, -0.219841
0.880955, 0.473200

1.270537, -0.219868
0.880917, 0.473271

1.270710, -0.219896
0.880879, 0.473341

1.270882, -0.219923
0.880841, 0.473412

1.271054, -0.219950
0.880804, 0.473482

1.271226, -0.219978
0.880766, 0.473552

1.271399, -0.220005
0.880728, 0.473623

1.271571, -0.220032
0.880690, 0.473693

1.271743, -0.220060
0.880652, 0.473763

1.271915, -0.220087
0.880614, 0.473833

1.272088, -0.220114
0.880577, 0.473904

1.272260, -0.220141
0.880539, 0.473974

1.272432, -0.220169
0.880501, 0.474044

1.272604, -0.220196
0.880463, 0.474115

1.272777, -0.220223
0.880425, 0.474185

1.272949, -0.220251
0.880387, 0.474255

1.273121, -0.220278
0.880349, 0.474326

1.273293, -0.220305
0.880312, 0.474396

1.273465, -0.220333
0.880274, 0.474466

1.273638, -0.220360
0.880236, 0.474536

1.273810, -0.220387
0.880198, 0.474607

1.273982, -0.220415
0.880160, 0.474677

1.274154, -0.220442
0.880122, 0.474747

1.274327, -0.220469
0.880084, 0.474818

1.274499, -0.220496
0.880046, 0.474888

1.274671, -0.220524
0.880008, 0.474958

1.274843, -0.220551
0.879970, 0.475028

1.275015, -0.220578
0.879933, 0.475099

1.275188, -0.220606
0.879895, 0.475169

1.275360, -0.220633
0.879857, 0.475239

1.275532, -0.220660
0.879819, 0.475309

1.275704, -0.220688
0.879781, 0.475380

1.275876, -0.220715
0.879743, 0.475450

1.276049, -0.220742
0.879705, 0.475520

1.276221, -0.220769
0.879667, 0.475590

1.276393, -0.220797
0.879629, 0.475661

1.276565, -0.220824
0.879591, 0.475731

1.276737, -0.220851
0.879553, 0.475801

1.276909, -0.220879
0.879515, 0.475871

1.277082, -0.220906
0.879477, 0.475942

1.277254, -0.220933
0.879439, 0.476012

1.277426, -0.220960
0.879401, 0.476082

1.277598, -0.220988
0.879363, 0.476152

1.277770, -0.221015
0.879325, 0.476223

1.277942, -0.221042
0.879287, 0.476293

1.278115, -0.221070
0.879249, 0.476363

1.278287, -0.221097
0.879211, 0.476433

1.278459, -0.221124
0.879173, 0.476503

1.278631, -0.221151
0.879135, 0.476574

1.278803, -0.221179
0.879097, 0.476644

1.278975, -0.221206
0.879058, 0.476714

1.279147, -0.221233
0.879020, 0.476784

1.279320, -0.221261
0.878982, 0.476854

1.279492, -0.221288
0.878944, 0.476925

1.279664, -0.221315
0.878906, 0.476995

1.279836, -0.221342
0.878868, 0.477065

1.280008, -0.221370
0.878830, 0.477135

1.280180, -0.221397
0.878792, 0.477205

1.280352, -0.221424
0.878754, 0.477275

1.280524, -0.221452
0.878716, 0.477346

1.280697, -0.221479
0.878678, 0.477416

1.280869, -0.221506
0.878639, 0.477486

1.281041, -0.221533
0.878601, 0.477556

1.281213, -0.221561
0.878563, 0.477626

1.281385, -0.221588
0.878525, 0.477696

1.281557, -0.221615
0.878487, 0.477767

1.281729, -0.221643
0.878449, 0.477837

1.281901, -0.221670
0.878411, 0.477907

1.282073, -0.221697
0.878372, 0.477977

1.282245, -0.221724
0.878334, 0.478047

1.282418, -0.221752
0.878296, 0.478117

1.282590, -0.221779
0.878258, 0.478187

1.282762, -0.221806
0.878220, 0.478257

1.282934, -0.221834
0.878181, 0.478328

1.283106, -0.221861
0.878143, 0.478398

1.283278, -0.221888
0.878105, 0.478468

1.283450, -0.221915
0.878067, 0.478538

1.283622, -0.221943
0.878029, 0.478608

1.283794, -0.221970
0.877990, 0.478678

1.283966, -0.221997
0.877952, 0.478748

1.284138, -0.222024
0.877914, 0.478818

1.284310, -0.222052
0.877876, 0.478889

1.284482, -0.222079
0.877837, 0.478959

1.284654, -0.222106
0.877799, 0.479029

1.284827, -0.222134
0.877761, 0.479099

1.284999, -0.222161
0.877723, 0.479169

1.285171, -0.222188
0.877684, 0.479239

1.285343, -0.222215
0.877646, 0.479309

1.285515, -0.222243
0.877608, 0.479379

1.285687, -0.222270
0.877570, 0.479449

1.285859, -0.222297
0.877531, 0.479519

1.286031, -0.222324
0.877493, 0.479589

1.286203, -0.222352
0.877455, 0.479659

1.286375, -0.222379
0.877416, 0.479729

1.286547, -0.222406
0.877378, 0.479800

1.286719, -0.222433
0.877340, 0.479870

1.286891, -0.222461
0.877302, 0.479940

1.287063, -0.222488
0.877263, 0.480010

1.287235, -0.222515
0.877225, 0.480080

1.287407, -0.222542
0.877187, 0.480150

1.287579, -0.222570
0.877148, 0.480220

1.287751, -0.222597
0.877110, 0.480290

1.287923, -0.222624
0.877071, 0.480360

1.288095, -0.222652
0.877033, 0.480430

1.288267, -0.222679
0.876995, 0.480500

1.288439, -0.222706
0.876956, 0.480570

1.288611, -0.222733
0.876918, 0.480640

1.288783, -0.222761
0.876880, 0.480710

1.288955, -0.222788
0.876841, 0.480780

1.289127, -0.222815
0.876803, 0.480850

1.289299, -0.222842
0.876764, 0.480920

1.289471, -0.222870
0.876726, 0.480990

1.289643, -0.222897
0.876688, 0.481060

1.289815, -0.222924
0.876649, 0.481130

1.289987, -0.222951
0.876611, 0.481200

1.290159, -0.222979
0.876572, 0.481270

1.290331, -0.223006
0.876534, 0.481340

1.290503, -0.223033
0.876495, 0.481410

1.290675, -0.223060
0.876457, 0.481480

1.290847, -0.223088
0.876419, 0.481550

1.291019, -0.223115
0.876380, 0.481620

1.291191, -0.223142
0.876342, 0.481690

1.291363, -0.223169
0.876303, 0.481760

1.291535, -0.223197
0.876265, 0.481830

1.291707, -0.223224
0.876226, 0.481900

1.291879, -0.223251
0.876188, 0.481970

1.292050, -0.223278
0.876149, 0.482040

1.292222, -0.223306
0.876111, 0.482110

1.292394, -0.223333
0.876072, 0.482180

1.292566, -0.223360
0.876034, 0.482250

1.292738, -0.223387
0.875995, 0.482320

1.292910, -0.223415
0.875957, 0.482390

1.293082, -0.223442
0.875918, 0.482460

1.293254, -0.223469
0.875880, 0.482530

1.293426, -0.223496
0.875841, 0.482599

1.293598, -0.223524
0.875803, 0.482669

1.293770, -0.223551
0.875764, 0.482739

1.293942, -0.223578
0.875726, 0.482809

1.294114, -0.223605
0.875687, 0.482879

1.294286, -0.223633
0.875648, 0.482949

1.294457, -0.223660
0.875610, 0.483019

1.294629, -0.223687
0.875571, 0.483089

1.294801, -0.223714
0.875533, 0.483159

1.294973, -0.223742
0.875494, 0.483229

1.295145, -0.223769
0.875456, 0.483299

1.295317, -0.223796
0.875417, 0.483369

1.295489, -0.223823
0.875378, 0.483438

1.295661, -0.223850
0.875340, 0.483508

1.295833, -0.223878
0.875301, 0.483578

1.296004, -0.223905
0.875263, 0.483648

1.296176, -0.223932
0.875224, 0.483718

1.296348, -0.223959
0.875185, 0.483788

1.296520, -0.223987
0.875147, 0.483858

1.296692, -0.224014
0.875108, 0.483928

1.296864, -0.224041
0.875069, 0.483998

1.297036, -0.224068
0.875031, 0.484067

1.297208, -0.224096
0.874992, 0.484137

1.297379, -0.224123
0.874953, 0.484207

1.297551, -0.224150
0.874915, 0.484277

1.297723, -0.224177
0.874876, 0.484347

1.297895, -0.224205
0.874837, 0.484417

1.298067, -0.224232
0.874799, 0.484487

1.298239, -0.224259
0.874760, 0.484556

1.298411, -0.224286
0.874721, 0.484626

1.298582, -0.224313
0.874683, 0.484696

1.298754, -0.224341
0.874644, 0.484766

1.298926, -0.224368
0.874605, 0.484836

1.299098, -0.224395
0.874566, 0.484906

1.299270, -0.224422
0.874528, 0.484976

1.299442, -0.224450
0.874489, 0.485045

1.299614, -0.224477
0.874450, 0.485115

1.299785, -0.224504
0.874412, 0.485185

1.299957, -0.224531
0.874373, 0.485255

1.300129, -0.224558
0.874334, 0.485325

1.300301, -0.224586
0.874295, 0.485394

1.300473, -0.224613
0.874257, 0.485464

1.300644, -0.224640
0.874218, 0.485534

1.300816, -0.224667
0.874179, 0.485604

1.300988, -0.224695
0.874140, 0.485674

1.301160, -0.224722
0.874101, 0.485743

1.301332, -0.224749
0.874063, 0.485813

1.301504, -0.224776
0.874024, 0.485883

1.301675, -0.224803
0.873985, 0.485953

1.301847, -0.224831
0.873946, 0.486023

1.302019, -0.224858
0.873907, 0.486092

1.302191, -0.224885
0.873869, 0.486162

1.302363, -0.224912
0.873830, 0.486232

1.302534, -0.224940
0.873791, 0.486302

1.302706, -0.224967
0.873752, 0.486372

1.302878, -0.224994
0.873713, 0.486441

1.303050, -0.225021
0.873674, 0.486511

1.303221, -0.225048
0.873636, 0.486581

1.303393, -0.225076
0.873597, 0.486651

1.303565, -0.225103
0.873558, 0.486720

1.303737, -0.225130
0.873519, 0.486790

1.303909, -0.225157
0.873480, 0.486860

1.304080, -0.225185
0.873441, 0.486930

1.304252, -0.225212
0.873402, 0.486999

1.304424, -0.225239
0.873363, 0.487069

1.304596, -0.225266
0.873325, 0.487139

1.304767, -0.225293
0.873286, 0.487209

1.304939, -0.225321
0.873247, 0.487278

1.305111, -0.225348
0.873208, 0.487348

1.305283, -0.225375
0.873169, 0.487418

1.305454, -0.225402
0.873130, 0.487487

1.305626, -0.225429
0.873091, 0.487557

1.305798, -0.225457
0.873052, 0.487627

1.305970, -0.225484
0.873013, 0.487697

1.306141, -0.225511
0.872974, 0.487766

1.306313, -0.225538
0.872935, 0.487836

1.306485, -0.225565
0.872896, 0.487906

1.306657, -0.225593
0.872857, 0.487975

1.306828, -0.225620
0.872818, 0.488045

1.307000, -0.225647
0.872779, 0.488115

1.307172, -0.225674
0.872740, 0.488185

1.307343, -0.225701
0.872701, 0.488254

1.307515, -0.225729
0.872662, 0.488324

1.307687, -0.225756
0.872623, 0.488394

1.307859, -0.225783
0.872584, 0.488463

1.308030, -0.225810
0.872545, 0.488533

1.308202, -0.225837
0.872506, 0.488603

1.308374, -0.225865
0.872467, 0.488672

1.308545, -0.225892
0.872428, 0.488742

1.308717, -0.225919
0.872389, 0.488812

1.308889, -0.225946
0.872350, 0.488881

1.309060, -0.225973
0.872311, 0.488951

1.309232, -0.226001
0.872272, 0.489021

1.309404, -0.226028
0.872233, 0.489090

1.309576, -0.226055
0.872194, 0.489160

1.309747, -0.226082
0.872155, 0.489230

1.309919, -0.226109
0.872116, 0.489299

1.310091, -0.226137
0.872077, 0.489369

1.310262, -0.226164
0.872038, 0.489438

1.310434, -0.226191
0.871999, 0.489508

1.310606, -0.226218
0.871960, 0.489578

1.310777, -0.226245
0.871921, 0.489647

1.310949, -0.226273
0.871881, 0.489717

1.311121, -0.226300
0.871842, 0.489787

1.311292, -0.226327
0.871803, 0.489856

1.311464, -0.226354
0.871764, 0.489926

1.311636, -0.226381
0.871725, 0.489995

1.311807, -0.226409
0.871686, 0.490065

1.311979, -0.226436
0.871647, 0.490135

1.312151, -0.226463
0.871608, 0.490204

1.312322, -0.226490
0.871568, 0.490274

1.312494, -0.226517
0.871529, 0.490343

1.312666, -0.226545
0.871490, 0.490413

1.312837, -0.226572
0.871451, 0.490483

1.313009, -0.226599
0.871412, 0.490552

1.313180, -0.226626
0.871373, 0.490622

1.313352, -0.226653
0.871333, 0.490691

1.313524, -0.226680
0.871294, 0.490761

1.313695, -0.226708
0.871255, 0.490830

1.313867, -0.226735
0.871216, 0.490900

1.314039, -0.226762
0.871177, 0.490970

1.314210, -0.226789
0.871138, 0.491039

1.314382, -0.226816
0.871098, 0.491109

1.314553, -0.226844
0.871059, 0.491178

1.314725, -0.226871
0.871020, 0.491248

1.314897, -0.226898
0.870981, 0.491317

1.315068, -0.226925
0.870941, 0.491387

1.315240, -0.226952
0.870902, 0.491456

1.315411, -0.226980
0.870863, 0.491526

1.315583, -0.227007
0.870824, 0.491596

1.315755, -0.227034
0.870784, 0.491665

1.315926, -0.227061
0.870745, 0.491735

1.316098, -0.227088
0.870706, 0.491804

1.316269, -0.227115
0.870667, 0.491874

1.316441, -0.227143
0.870627, 0.491943

1.316613, -0.227170
0.870588, 0.492013

1.316784, -0.227197
0.870549, 0.492082

1.316956, -0.227224
0.870509, 0.492152

1.317127, -0.227251
0.870470, 0.492221

1.317299, -0.227278
0.870431, 0.492291

1.317471, -0.227306
0.870392, 0.492360

1.317642, -0.227333
0.870352, 0.492430

1.317814, -0.227360
0.870313, 0.492499

1.317985, -0.227387
0.870274, 0.492569

1.318157, -0.227414
0.870234, 0.492638

1.318328, -0.227442
0.870195, 0.492708

1.318500, -0.227469
0.870156, 0.492777

1.318671, -0.227496
0.870116, 0.492847

1.318843, -0.227523
0.870077, 0.492916

1.319015, -0.227550
0.870037, 0.492986

1.319186, -0.227577
0.869998, 0.493055

1.319358, -0.227605
0.869959, 0.493125

1.319529, -0.227632
0.869919, 0.493194

1.319701, -0.227659
0.869880, 0.493264

1.319872, -0.227686
0.869841, 0.493333

1.320044, -0.227713
0.869801, 0.493402

1.320215, -0.227740
0.869762, 0.493472

1.320387, -0.227768
0.869722, 0.493541

1.320558, -0.227795
0.869683, 0.493611

1.320730, -0.227822
0.869644, 0.493680

1.320902, -0.227849
0.869604, 0.493750

1.321073, -0.227876
0.869565, 0.493819

1.321245, -0.227903
0.869525, 0.493889

1.321416, -0.227931
0.869486, 0.493958

1.321588, -0.227958
0.869446, 0.494027

1.321759, -0.227985
0.869407, 0.494097

1.321931, -0.228012
0.869367, 0.494166

1.322102, -0.228039
0.869328, 0.494236

1.322274, -0.228066
0.869289, 0.494305

1.322445, -0.228094
0.869249, 0.494374

1.322617, -0.228121
0.869210, 0.494444

1.322788, -0.228148
0.869170, 0.494513

1.322960, -0.228175
0.869131, 0.494583

1.323131, -0.228202
0.869091, 0.494652

1.323303, -0.228229
0.869052, 0.494721

1.323474, -0.228256
0.869012, 0.494791

1.323646, -0.228284
0.868973, 0.494860

1.323817, -0.228311
0.868933, 0.494930

1.323989, -0.228338
0.868894, 0.494999

1.324160, -0.228365
0.868854, 0.495068

1.324332, -0.228392
0.868814, 0.495138

1.324503, -0.228419
0.868775, 0.495207

1.324674, -0.228447
0.868735, 0.495277

1.324846, -0.228474
0.868696, 0.495346

1.325017, -0.228501
0.868656, 0.495415

1.325189, -0.228528
0.868617, 0.495485

1.325360, -0.228555
0.868577, 0.495554

1.325532, -0.228582
0.868538, 0.495623

1.325703, -0.228609
0.868498, 0.495693

1.325875, -0.228637
0.868458, 0.495762

1.326046, -0.228664
0.868419, 0.495831

1.326218, -0.228691
0.868379, 0.495901

1.326389, -0.228718
0.868340, 0.495970

1.326560, -0.228745
0.868300, 0.496039

1.326732, -0.228772
0.868260, 0.496109

1.326903, -0.228800
0.868221, 0.496178

1.327075, -0.228827
0.868181, 0.496247

1.327246, -0.228854
0.868142, 0.496317

1.327418, -0.228881
0.868102, 0.496386

1.327589, -0.228908
0.868062, 0.496455

1.327761, -0.228935
0.868023, 0.496525

1.327932, -0.228962
0.867983, 0.496594

1.328103, -0.228990
0.867943, 0.496663

1.328275, -0.229017
0.867904, 0.496733

1.328446, -0.229044
0.867864, 0.496802

1.328618, -0.229071
0.867824, 0.496871

1.328789, -0.229098
0.867785, 0.496941

1.328960, -0.229125
0.867745, 0.497010

1.329132, -0.229152
0.867705, 0.497079

1.329303, -0.229180
0.867666, 0.497148

1.329475, -0.229207
0.867626, 0.497218

1.329646, -0.229234
0.867586, 0.497287

1.329817, -0.229261
0.867546, 0.497356

1.329989, -0.229288
0.867507, 0.497425

1.330160, -0.229315
0.867467, 0.497495

1.330332, -0.229342
0.867427, 0.497564

1.330503, -0.229370
0.867388, 0.497633

1.330674, -0.229397
0.867348, 0.497703

1.330846, -0.229424
0.867308, 0.497772

1.331017, -0.229451
0.867268, 0.497841

1.331189, -0.229478
0.867229, 0.497910

1.331360, -0.229505
0.867189, 0.497980

1.331531, -0.229532
0.867149, 0.498049

1.331703, -0.229560
0.867109, 0.498118

1.331874, -0.229587
0.867069, 0.498187

1.332045, -0.229614
0.867030, 0.498257

1.332217, -0.229641
0.866990, 0.498326

1.332388, -0.229668
0.866950, 0.498395

1.332560, -0.229695
0.866910, 0.498464

1.332731, -0.229722
0.866870, 0.498533

1.332902, -0.229749
0.866831, 0.498603

1.333074, -0.229777
0.866791, 0.498672

1.333245, -0.229804
0.866751, 0.498741

1.333416, -0.229831
0.866711, 0.498810

1.333588, -0.229858
0.866671, 0.498879

1.333759, -0.229885
0.866632, 0.498949

1.333930, -0.229912
0.866592, 0.499018

1.334102, -0.229939
0.866552, 0.499087

1.334273, -0.229967
0.866512, 0.499156

1.334444, -0.229994
0.866472, 0.499225

1.334616, -0.230021
0.866432, 0.499295

1.334787, -0.230048
0.866392, 0.499364

1.334958, -0.230075
0.866353, 0.499433

1.335130, -0.230102
0.866313, 0.499502

1.335301, -0.230129
0.866273, 0.499571

1.335472, -0.230156
0.866233, 0.499641

1.335644, -0.230184
0.866193, 0.499710

1.335815, -0.230211
0.866153, 0.499779

1.335986, -0.230238
0.866113, 0.499848

1.336158, -0.230265
0.866073, 0.499917

1.336329, -0.230292
0.866033, 0.499986

1.336500, -0.230319
0.865993, 0.500055

1.336671, -0.230346
0.865953, 0.500125

1.336843, -0.230373
0.865913, 0.500194

1.337014, -0.230401
0.865874, 0.500263

1.337185, -0.230428
0.865834, 0.500332

1.337357, -0.230455
0.865794, 0.500401

1.337528, -0.230482
0.865754, 0.500470

1.337699, -0.230509
0.865714, 0.500539

1.337871, -0.230536
0.865674, 0.500609

1.338042, -0.230563
0.865634, 0.500678

1.338213, -0.230590
0.865594, 0.500747

1.338384, -0.230617
0.865554, 0.500816

1.338556, -0.230645
0.865514, 0.500885

1.338727, -0.230672
0.865474, 0.500954

1.338898, -0.230699
0.865434, 0.501023

1.339069, -0.230726
0.865394, 0.501092

1.339241, -0.230753
0.865354, 0.501161

1.339412, -0.230780
0.865314, 0.501231

1.339583, -0.230807
0.865274, 0.501300

1.339755, -0.230834
0.865234, 0.501369

1.339926, -0.230862
0.865194, 0.501438

1.340097, -0.230889
0.865154, 0.501507

1.340268, -0.230916
0.865114, 0.501576

1.340440, -0.230943
0.865074, 0.501645

1.340611, -0.230970
0.865033, 0.501714

1.340782, -0.230997
0.864993, 0.501783

1.340953, -0.231024
0.864953, 0.501852

1.341125, -0.231051
0.864913, 0.501921

1.341296, -0.231078
0.864873, 0.501990

1.341467, -0.231106
0.864833, 0.502060

1.341638, -0.231133
0.864793, 0.502129

1.341809, -0.231160
0.864753, 0.502198

1.341981, -0.231187
0.864713, 0.502267

1.342152, -0.231214
0.864673, 0.502336

1.342323, -0.231241
0.864633, 0.502405

1.342494, -0.231268
0.864592, 0.502474

1.342666, -0.231295
0.864552, 0.502543

1.342837, -0.231322
0.864512, 0.502612

1.343008, -0.231349
0.864472, 0.502681

1.343179, -0.231377
0.864432, 0.502750

1.343350, -0.231404
0.864392, 0.502819

1.343522, -0.231431
0.864352, 0.502888

1.343693, -0.231458
0.864311, 0.502957

1.343864, -0.231485
0.864271, 0.503026

1.344035, -0.231512
0.864231, 0.503095

1.344206, -0.231539
0.864191, 0.503164

1.344378, -0.231566
0.864151, 0.503233

1.344549, -0.231593
0.864111, 0.503302

1.344720, -0.231621
0.864070, 0.503371

1.344891, -0.231648
0.864030, 0.503440

1.345062, -0.231675
0.863990, 0.503509

1.345234, -0.231702
0.863950, 0.503578

1.345405, -0.231729
0.863910, 0.503647

1.345576, -0.231756
0.863869, 0.503716

1.345747, -0.231783
0.863829, 0.503785

1.345918, -0.231810
0.863789, 0.503854

1.346089, -0.231837
0.863749, 0.503923

1.346261, -0.231864
0.863708, 0.503992

1.346432, -0.231891
0.863668, 0.504061

1.346603, -0.231919
0.863628, 0.504130

1.346774, -0.231946
0.863588, 0.504199

1.346945, -0.231973
0.863547, 0.504268

1.347116, -0.232000
0.863507, 0.504337

1.347288, -0.232027
0.863467, 0.504406

1.347459, -0.232054
0.863427, 0.504475

1.347630, -0.232081
0.863386, 0.504544

1.347801, -0.232108
0.863346, 0.504612

1.347972, -0.232135
0.863306, 0.504681

1.348143, -0.232162
0.863265, 0.504750

1.348315, -0.232190
0.863225, 0.504819

1.348486, -0.232217
0.863185, 0.504888

1.348657, -0.232244
0.863144, 0.504957

1.348828, -0.232271
0.863104, 0.505026

1.348999, -0.232298
0.863064, 0.505095

1.349170, -0.232325
0.863023, 0.505164

1.349341, -0.232352
0.862983, 0.505233

1.349512, -0.232379
0.862943, 0.505302

1.349684, -0.232406
0.862902, 0.505371

1.349855, -0.232433
0.862862, 0.505439

1.350026, -0.232460
0.862822, 0.505508

1.350197, -0.232487
0.862781, 0.505577

1.350368, -0.232515
0.862741, 0.505646

1.350539, -0.232542
0.862701, 0.505715

1.350710, -0.232569
0.862660, 0.505784

1.350881, -0.232596
0.862620, 0.505853

1.351052, -0.232623
0.862579, 0.505922

1.351224, -0.232650
0.862539, 0.505991

1.351395, -0.232677
0.862499, 0.506059

1.351566, -0.232704
0.862458, 0.506128

1.351737, -0.232731
0.862418, 0.506197

1.351908, -0.232758
0.862377, 0.506266

1.352079, -0.232785
0.862337, 0.506335

1.352250, -0.232812
0.862296, 0.506404

1.352421, -0.232840
0.862256, 0.506473

1.352592, -0.232867
0.862216, 0.506541

1.352763, -0.232894
0.862175, 0.506610

1.352934, -0.232921
0.862135, 0.506679

1.353106, -0.232948
0.862094, 0.506748

1.353277, -0.232975
0.862054, 0.506817

1.353448, -0.233002
0.862013, 0.506886

1.353619, -0.233029
0.861973, 0.506955

1.353790, -0.233056
0.861932, 0.507023

1.353961, -0.233083
0.861892, 0.507092

1.354132, -0.233110
0.861851, 0.507161

1.354303, -0.233137
0.861811, 0.507230

1.354474, -0.233165
0.861770, 0.507299

1.354645, -0.233192
0.861730, 0.507367

1.354816, -0.233219
0.861689, 0.507436

1.354987, -0.233246
0.861649, 0.507505

1.355158, -0.233273
0.861608, 0.507574

1.355329, -0.233300
0.861568, 0.507643

1.355500, -0.233327
0.861527, 0.507711

1.355671, -0.233354
0.861487, 0.507780

1.355842, -0.233381
0.861446, 0.507849

1.356014, -0.233408
0.861406, 0.507918

1.356185, -0.233435
0.861365, 0.507987

1.356356, -0.233462
0.861324, 0.508055

1.356527, -0.233489
0.861284, 0.508124

1.356698, -0.233516
0.861243, 0.508193

1.356869, -0.233544
0.861203, 0.508262

1.357040, -0.233571
0.861162, 0.508330

1.357211, -0.233598
0.861121, 0.508399

1.357382, -0.233625
0.861081, 0.508468

1.357553, -0.233652
0.861040, 0.508537

1.357724, -0.233679
0.861000, 0.508605

1.357895, -0.233706
0.860959, 0.508674

1.358066, -0.233733
0.860918, 0.508743

1.358237, -0.233760
0.860878, 0.508812

1.358408, -0.233787
0.860837, 0.508880

1.358579, -0.233814
0.860797, 0.508949

1.358750, -0.233841
0.860756, 0.509018

1.358921, -0.233868
0.860715, 0.509087

1.359092, -0.233895
0.860675, 0.509155

1.359263, -0.233922
0.860634, 0.509224

1.359434, -0.233949
0.860593, 0.509293

1.359605, -0.233977
0.860553, 0.509362

1.359776, -0.234004
0.860512, 0.509430

1.359947, -0.234031
0.860471, 0.509499

1.360118, -0.234058
0.860431, 0.509568

1.360289, -0.234085
0.860390, 0.509636

1.360460, -0.234112
0.860349, 0.509705

1.360631, -0.234139
0.860308, 0.509774

1.360802, -0.234166
0.860268, 0.509843

1.360973, -0.234193
0.860227, 0.509911

1.361144, -0.234220
0.860186, 0.509980

1.361315, -0.234247
0.860146, 0.510049

1.361485, -0.234274
0.860105, 0.510117

1.361656, -0.234301
0.860064, 0.510186

1.361827, -0.234328
0.860023, 0.510255

1.361998, -0.234355
0.859983, 0.510323

1.362169, -0.234382
0.859942, 0.510392

1.362340, -0.234409
0.859901, 0.510461

1.362511, -0.234437
0.859860, 0.510529

1.362682, -0.234464
0.859820, 0.510598

1.362853, -0.234491
0.859779, 0.510667

1.363024, -0.234518
0.859738, 0.510735

1.363195, -0.234545
0.859697, 0.510804

1.363366, -0.234572
0.859656, 0.510873

1.363537, -0.234599
0.859616, 0.510941

1.363708, -0.234626
0.859575, 0.511010

1.363879, -0.234653
0.859534, 0.511078

1.364050, -0.234680
0.859493, 0.511147

1.364221, -0.234707
0.859452, 0.511216

1.364392, -0.234734
0.859412, 0.511284

1.364562, -0.234761
0.859371, 0.511353

1.364733, -0.234788
0.859330, 0.511422

1.364904, -0.234815
0.859289, 0.511490

1.365075, -0.234842
0.859248, 0.511559

1.365246, -0.234869
0.859207, 0.511627

1.365417, -0.234896
0.859167, 0.511696

1.365588, -0.234923
0.859126, 0.511765

1.365759, -0.234950
0.859085, 0.511833

1.365930, -0.234977
0.859044, 0.511902

1.366101, -0.235005
0.859003, 0.511970

1.366272, -0.235032
0.858962, 0.512039

1.366442, -0.235059
0.858921, 0.512108

1.366613, -0.235086
0.858880, 0.512176

1.366784, -0.235113
0.858840, 0.512245

1.366955, -0.235140
0.858799, 0.512313

1.367126, -0.235167
0.858758, 0.512382

1.367297, -0.235194
0.858717, 0.512450

1.367468, -0.235221
0.858676, 0.512519

1.367639, -0.235248
0.858635, 0.512588

1.367810, -0.235275
0.858594, 0.512656

1.367980, -0.235302
0.858553, 0.512725

1.368151, -0.235329
0.858512, 0.512793

1.368322, -0.235356
0.858471, 0.512862

1.368493, -0.235383
0.858430, 0.512930

1.368664, -0.235410
0.858389, 0.512999

1.368835, -0.235437
0.858348, 0.513067

1.369006, -0.235464
0.858307, 0.513136

1.369176, -0.235491
0.858266, 0.513205

1.369347, -0.235518
0.858225, 0.513273

1.369518, -0.235545
0.858184, 0.513342

1.369689, -0.235572
0.858143, 0.513410

1.369860, -0.235599
0.858102, 0.513479

1.370031, -0.235626
0.858061, 0.513547

1.370202, -0.235653
0.858020, 0.513616

1.370372, -0.235681
0.857979, 0.513684

1.370543, -0.235708
0.857938, 0.513753

1.370714, -0.235735
0.857897, 0.513821

1.370885, -0.235762
0.857856, 0.513890

1.371056, -0.235789
0.857815, 0.513958

1.371227, -0.235816
0.857774, 0.514027

1.371397, -0.235843
0.857733, 0.514095

1.371568, -0.235870
0.857692, 0.514164

1.371739, -0.235897
0.857651, 0.514232

1.371910, -0.235924
0.857610, 0.514301

1.372081, -0.235951
0.857569, 0.514369

1.372252, -0.235978
0.857528, 0.514438

1.372422, -0.236005
0.857487, 0.514506

1.372593, -0.236032
0.857446, 0.514575

1.372764, -0.236059
0.857405, 0.514643

1.372935, -0.236086
0.857363, 0.514712

1.373106, -0.236113
0.857322, 0.514780

1.373276, -0.236140
0.857281, 0.514848

1.373447, -0.236167
0.857240, 0.514917

1.373618, -0.236194
0.857199, 0.514985

1.373789, -0.236221
0.857158, 0.515054

1.373960, -0.236248
0.857117, 0.515122

1.374130, -0.236275
0.857076, 0.515191

1.374301, -0.236302
0.857034, 0.515259

1.374472, -0.236329
0.856993, 0.515328

1.374643, -0.236356
0.856952, 0.515396

1.374814, -0.236383
0.856911, 0.515464

1.374984, -0.236410
0.856870, 0.515533

1.375155, -0.236437
0.856829, 0.515601

1.375326, -0.236464
0.856788, 0.515670

1.375497, -0.236491
0.856746, 0.515738

1.375667, -0.236518
0.856705, 0.515806

1.375838, -0.236545
0.856664, 0.515875

1.376009, -0.236572
0.856623, 0.515943

1.376180, -0.236599
0.856582, 0.516012

1.376351, -0.236626
0.856540, 0.516080

1.376521, -0.236653
0.856499, 0.516148

1.376692, -0.236680
0.856458, 0.516217

1.376863, -0.236707
0.856417, 0.516285

1.377034, -0.236734
0.856375, 0.516354

1.377204, -0.236761
0.856334, 0.516422

1.377375, -0.236789
0.856293, 0.516490

1.377546, -0.236816
0.856252, 0.516559

1.377717, -0.236843
0.856210, 0.516627

1.377887, -0.236870
0.856169, 0.516695

1.378058, -0.236897
0.856128, 0.516764

1.378229, -0.236924
0.856087, 0.516832

1.378400, -0.236951
0.856045, 0.516901

1.378570, -0.236978
0.856004, 0.516969

1.378741, -0.237005
0.855963, 0.517037

1.378912, -0.237032
0.855922, 0.517106

1.379082, -0.237059
0.855880, 0.517174

1.379253, -0.237086
0.855839, 0.517242

1.379424, -0.237113
0.855798, 0.517311

1.379595, -0.237140
0.855756, 0.517379

1.379765, -0.237167
0.855715, 0.517447

1.379936, -0.237194
0.855674, 0.517516

1.380107, -0.237221
0.855632, 0.517584

1.380278, -0.237248
0.855591, 0.517652

1.380448, -0.237275
0.855550, 0.517721

1.380619, -0.237302
0.855508, 0.517789

1.380790, -0.237329
0.855467, 0.517857

1.380960, -0.237356
0.855426, 0.517926

1.381131, -0.237383
0.855384, 0.517994

1.381302, -0.237410
0.855343, 0.518062

1.381472, -0.237437
0.855302, 0.518130

1.381643, -0.237464
0.855260, 0.518199

1.381814, -0.237491
0.855219, 0.518267

1.381985, -0.237518
0.855177, 0.518335

1.382155, -0.237545
0.855136, 0.518404

1.382326, -0.237572
0.855095, 0.518472

1.382497, -0.237599
0.855053, 0.518540

1.382667, -0.237626
0.855012, 0.518608

1.382838, -0.237653
0.854970, 0.518677

1.383009, -0.237680
0.854929, 0.518745

1.383179, -0.237707
0.854888, 0.518813

1.383350, -0.237734
0.854846, 0.518882

1.383521, -0.237761
0.854805, 0.518950

1.383691, -0.237788
0.854763, 0.519018

1.383862, -0.237815
0.854722, 0.519086

1.384033, -0.237842
0.854680, 0.519155

1.384203, -0.237869
0.854639, 0.519223

1.384374, -0.237896
0.854597, 0.519291

1.384545, -0.237923
0.854556, 0.519359

1.384715, -0.237950
0.854515, 0.519427

1.384886, -0.237977
0.854473, 0.519496

1.385057, -0.238004
0.854432, 0.519564

1.385227, -0.238031
0.854390, 0.519632

1.385398, -0.238058
0.854349, 0.519700

1.385569, -0.238085
0.854307, 0.519769

1.385739, -0.238112
0.854266, 0.519837

1.385910, -0.238139
0.854224, 0.519905

1.386080, -0.238166
0.854183, 0.519973

1.386251, -0.238193
0.854141, 0.520041

1.386422, -0.238220
0.854099, 0.520110

1.386592, -0.238247
0.854058, 0.520178

1.386763, -0.238274
0.854016, 0.520246

1.386934, -0.238301
0.853975, 0.520314

1.387104, -0.238328
0.853933, 0.520382

1.387275, -0.238355
0.853892, 0.520451

1.387445, -0.238382
0.853850, 0.520519

1.387616, -0.238409
0.853809, 0.520587

1.387787, -0.238436
0.853767, 0.520655

1.387957, -0.238463
0.853725, 0.520723

1.388128, -0.238490
0.853684, 0.520792

1.388299, -0.238517
0.853642, 0.520860

1.388469, -0.238544
0.853601, 0.520928

1.388640, -0.238571
0.853559, 0.520996

1.388810, -0.238598
0.853518, 0.521064

1.388981, -0.238625
0.853476, 0.521132

1.389152, -0.238652
0.853434, 0.521200

1.389322, -0.238679
0.853393, 0.521269

1.389493, -0.238706
0.853351, 0.521337

1.389663, -0.238733
0.853309, 0.521405

1.389834, -0.238759
0.853268, 0.521473

1.390005, -0.238786
0.853226, 0.521541

1.390175, -0.238813
0.853184, 0.521609

1.390346, -0.238840
0.853143, 0.521677

1.390516, -0.238867
0.853101, 0.521746

1.390687, -0.238894
0.853060, 0.521814

1.390857, -0.238921
0.853018, 0.521882

1.391028, -0.238948
0.852976, 0.521950

1.391199, -0.238975
0.852934, 0.522018

1.391369, -0.239002
0.852893, 0.522086

1.391540, -0.239029
0.852851, 0.522154

1.391710, -0.239056
0.852809, 0.522222

1.391881, -0.239083
0.852768, 0.522290

1.392051, -0.239110
0.852726, 0.522358

1.392222, -0.239137
0.852684, 0.522427

1.392392, -0.239164
0.852643, 0.522495

1.392563, -0.239191
0.852601, 0.522563

1.392734, -0.239218
0.852559, 0.522631

1.392904, -0.239245
0.852517, 0.522699

1.393075, -0.239272
0.852476, 0.522767

1.393245, -0.239299
0.852434, 0.522835

1.393416, -0.239326
0.852392, 0.522903

1.393586, -0.239353
0.852350, 0.522971

1.393757, -0.239380
0.852309, 0.523039

1.393927, -0.239407
0.852267, 0.523107

1.394098, -0.239434
0.852225, 0.523175

1.394268, -0.239461
0.852183, 0.523243

1.394439, -0.239488
0.852142, 0.523311

1.394610, -0.239515
0.852100, 0.523379

1.394780, -0.239542
0.852058, 0.523448

1.394951, -0.239569
0.852016, 0.523516

1.395121, -0.239596
0.851974, 0.523584

1.395292, -0.239623
0.851933, 0.523652

1.395462, -0.239650
0.851891, 0.523720

1.395633, -0.239677
0.851849, 0.523788

1.395803, -0.239704
0.851807, 0.523856

1.395974, -0.239731
0.851765, 0.523924

1.396144, -0.239758
0.851723, 0.523992

1.396315, -0.239785
0.851682, 0.524060

1.396485, -0.239812
0.851640, 0.524128

1.396656, -0.239839
0.851598, 0.524196

1.396826, -0.239865
0.851556, 0.524264

1.396997, -0.239892
0.851514, 0.524332

1.397167, -0.239919
0.851472, 0.524400

1.397338, -0.239946
0.851430, 0.524468

1.397508, -0.239973
0.851388, 0.524536

1.397679, -0.240000
0.851347, 0.524604

1.397849, -0.240027
0.851305, 0.524672

1.398020, -0.240054
0.851263, 0.524740

1.398190, -0.240081
0.851221, 0.524808

1.398361, -0.240108
0.851179, 0.524876

1.398531, -0.240135
0.851137, 0.524944

1.398702, -0.240162
0.851095, 0.525011

1.398872, -0.240189
0.851053, 0.525079

1.399042, -0.240216
0.851011, 0.525147

1.399213, -0.240243
0.850969, 0.525215

1.399383, -0.240270
0.850927, 0.525283

1.399554, -0.240297
0.850885, 0.525351

1.399724, -0.240324
0.850844, 0.525419

1.399895, -0.240351
0.850802, 0.525487

1.400065, -0.240378
0.850760, 0.525555

1.400236, -0.240405
0.850718, 0.525623

1.400406, -0.240432
0.850676, 0.525691

1.400577, -0.240459
0.850634, 0.525759

1.400747, -0.240486
0.850592, 0.525827

1.400917, -0.240513
0.850550, 0.525895

1.401088, -0.240540
0.850508, 0.525963

1.401258, -0.240566
0.850466, 0.526031

1.401429, -0.240593
0.850424, 0.526098

1.401599, -0.240620
0.850382, 0.526166

1.401770, -0.240647
0.850340, 0.526234

1.401940, -0.240674
0.850298, 0.526302

1.402111, -0.240701
0.850256, 0.526370

1.402281, -0.240728
0.850214, 0.526438

1.402451, -0.240755
0.850172, 0.526506

1.402622, -0.240782
0.850129, 0.526574

1.402792, -0.240809
0.850087, 0.526642

1.402963, -0.240836
0.850045, 0.526709

1.403133, -0.240863
0.850003, 0.526777

1.403304, -0.240890
0.849961, 0.526845

1.403474, -0.240917
0.849919, 0.526913

1.403644, -0.240944
0.849877, 0.526981

1.403815, -0.240971
0.849835, 0.527049

1.403985, -0.240998
0.849793, 0.527117

1.404156, -0.241025
0.849751, 0.527185

1.404326, -0.241052
0.849709, 0.527252

1.404496, -0.241079
0.849667, 0.527320

1.404667, -0.241106
0.849625, 0.527388

1.404837, -0.241132
0.849582, 0.527456

1.405008, -0.241159
0.849540, 0.527524

1.405178, -0.241186
0.849498, 0.527592

1.405348, -0.241213
0.849456, 0.527659

1.405519, -0.241240
0.849414, 0.527727

1.405689, -0.241267
0.849372, 0.527795

1.405859, -0.241294
0.849330, 0.527863

1.406030, -0.241321
0.849287, 0.527931

1.406200, -0.241348
0.849245, 0.527999

1.406371, -0.241375
0.849203, 0.528066

1.406541, -0.241402
0.849161, 0.528134

1.406711, -0.241429
0.849119, 0.528202

1.406882, -0.241456
0.849077, 0.528270

1.407052, -0.241483
0.849034, 0.528338

1.407222, -0.241510
0.848992, 0.528405

1.407393, -0.241537
0.848950, 0.528473

1.407563, -0.241564
0.848908, 0.528541

1.407734, -0.241591
0.848866, 0.528609

1.407904, -0.241617
0.848823, 0.528676

1.408074, -0.241644
0.848781, 0.528744

1.408245, -0.241671
0.848739, 0.528812

1.408415, -0.241698
0.848697, 0.528880

1.408585, -0.241725
0.848654, 0.528948

1.408756, -0.241752
0.848612, 0.529015

1.408926, -0.241779
0.848570, 0.529083

1.409096, -0.241806
0.848528, 0.529151

1.409267, -0.241833
0.848486, 0.529219

1.409437, -0.241860
0.848443, 0.529286

1.409607, -0.241887
0.848401, 0.529354

1.409778, -0.241914
0.848359, 0.529422

1.409948, -0.241941
0.848316, 0.529490

1.410118, -0.241968
0.848274, 0.529557

1.410289, -0.241995
0.848232, 0.529625

1.410459, -0.242022
0.848190, 0.529693

1.410629, -0.242048
0.848147, 0.529761

1.410800, -0.242075
0.848105, 0.529828

1.410970, -0.242102
0.848063, 0.529896

1.411140, -0.242129
0.848020, 0.529964

1.411311, -0.242156
0.847978, 0.530031

1.411481, -0.242183
0.847936, 0.530099

1.411651, -0.242210
0.847893, 0.530167

1.411822, -0.242237
0.847851, 0.530235

1.411992, -0.242264
0.847809, 0.530302

1.412162, -0.242291
0.847766, 0.530370

1.412332, -0.242318
0.847724, 0.530438

1.412503, -0.242345
0.847682, 0.530505

1.412673, -0.242372
0.847639, 0.530573

1.412843, -0.242399
0.847597, 0.530641

1.413014, -0.242425
0.847555, 0.530708

1.413184, -0.242452
0.847512, 0.530776

1.413354, -0.242479
0.847470, 0.530844

1.413525, -0.242506
0.847427, 0.530911

1.413695, -0.242533
0.847385, 0.530979

1.413865, -0.242560
0.847343, 0.531047

1.414035, -0.242587
0.847300, 0.531114

1.414206, -0.242614
0.847258, 0.531182

1.414376, -0.242641
0.847215, 0.531250

1.414546, -0.242668
0.847173, 0.531317

1.414716, -0.242695
0.847130, 0.531385

1.414887, -0.242722
0.847088, 0.531453

1.415057, -0.242749
0.847046, 0.531520

1.415227, -0.242775
0.847003, 0.531588

1.415398, -0.242802
0.846961, 0.531656

1.415568, -0.242829
0.846918, 0.531723

1.415738, -0.242856
0.846876, 0.531791

1.415908, -0.242883
0.846833, 0.531858

1.416079, -0.242910
0.846791, 0.531926

1.416249, -0.242937
0.846748, 0.531994

1.416419, -0.242964
0.846706, 0.532061

1.416589, -0.242991
0.846663, 0.532129

1.416760, -0.243018
0.846621, 0.532196

1.416930, -0.243045
0.846578, 0.532264

1.417100, -0.243072
0.846536, 0.532332

1.417270, -0.243099
0.846493, 0.532399

1.417441, -0.243125
0.846451, 0.532467

1.417611, -0.243152
0.846408, 0.532534

1.417781, -0.243179
0.846366, 0.532602

1.417951, -0.243206
0.846323, 0.532670

1.418121, -0.243233
0.846281, 0.532737

1.418292, -0.243260
0.846238, 0.532805

1.418462, -0.243287
0.846196, 0.532872

1.418632, -0.243314
0.846153, 0.532940

1.418802, -0.243341
0.846111, 0.533007

1.418973, -0.243368
0.846068, 0.533075

1.419143, -0.243395
0.846025, 0.533143

1.419313, -0.243422
0.845983, 0.533210

1.419483, -0.243448
0.845940, 0.533278

1.419653, -0.243475
0.845898, 0.533345

1.419824, -0.243502
0.845855, 0.533413

1.419994, -0.243529
0.845812, 0.533480

1.420164, -0.243556
0.845770, 0.533548

1.420334, -0.243583
0.845727, 0.533615

1.420504, -0.243610
0.845685, 0.533683

1.420675, -0.243637
0.845642, 0.533750

1.420845, -0.243664
0.845599, 0.533818

1.421015, -0.243691
0.845557, 0.533885

1.421185, -0.243718
0.845514, 0.533953

1.421355, -0.243744
0.845472, 0.534021

1.421526, -0.243771
0.845429, 0.534088

1.421696, -0.243798
0.845386, 0.534156

1.421866, -0.243825
0.845344, 0.534223

1.422036, -0.243852
0.845301, 0.534291

1.422206, -0.243879
0.845258, 0.534358

1.422377, -0.243906
0.845216, 0.534426

1.422547, -0.243933
0.845173, 0.534493

1.422717, -0.243960
0.845130, 0.534560

1.422887, -0.243987
0.845088, 0.534628

1.423057, -0.244013
0.845045, 0.534695

1.423227, -0.244040
0.845002, 0.534763

1.423398, -0.244067
0.844959, 0.534830

1.423568, -0.244094
0.844917, 0.534898

1.423738, -0.244121
0.844874, 0.534965

1.423908, -0.244148
0.844831, 0.535033

1.424078, -0.244175
0.844789, 0.535100

1.424248, -0.244202
0.844746, 0.535168

1.424418, -0.244229
0.844703, 0.535235

1.424589, -0.244256
0.844660, 0.535303

1.424759, -0.244282
0.844618, 0.535370

1.424929, -0.244309
0.844575, 0.535438

1.425099, -0.244336
0.844532, 0.535505

1.425269, -0.244363
0.844489, 0.535572

1.425439, -0.244390
0.844447, 0.535640

1.425609, -0.244417
0.844404, 0.535707

1.425780, -0.244444
0.844361, 0.535775

1.425950, -0.244471
0.844318, 0.535842

1.426120, -0.244498
0.844275, 0.535909

1.426290, -0.244525
0.844233, 0.535977

1.426460, -0.244551
0.844190, 0.536044

1.426630, -0.244578
0.844147, 0.536112

1.426800, -0.244605
0.844104, 0.536179

1.426971, -0.244632
0.844061, 0.536247

1.427141, -0.244659
0.844019, 0.536314

1.427311, -0.244686
0.843976, 0.536381

1.427481, -0.244713
0.843933, 0.536449

1.427651, -0.244740
0.843890, 0.536516

1.427821, -0.244767
0.843847, 0.536583

1.427991, -0.244794
0.843804, 0.536651

1.428161, -0.244820
0.843762, 0.536718

1.428331, -0.244847
0.843719, 0.536786

1.428501, -0.244874
0.843676, 0.536853

1.428672, -0.244901
0.843633, 0.536920

1.428842, -0.244928
0.843590, 0.536988

1.429012, -0.244955
0.843547, 0.537055

1.429182, -0.244982
0.843504, 0.537122

1.429352, -0.245009
0.843461, 0.537190

1.429522, -0.245036
0.843418, 0.537257

1.429692, -0.245062
0.843376, 0.537324

1.429862, -0.245089
0.843333, 0.537392

1.430032, -0.245116
0.843290, 0.537459

1.430202, -0.245143
0.843247, 0.537527

1.430372, -0.245170
0.843204, 0.537594

1.430543, -0.245197
0.843161, 0.537661

1.430713, -0.245224
0.843118, 0.537728

1.430883, -0.245251
0.843075, 0.537796

1.431053, -0.245278
0.843032, 0.537863

1.431223, -0.245304
0.842989, 0.537930

1.431393, -0.245331
0.842946, 0.537998

1.431563, -0.245358
0.842903, 0.538065

1.431733, -0.245385
0.842860, 0.538132

1.431903, -0.245412
0.842817, 0.538200

1.432073, -0.245439
0.842774, 0.538267

1.432243, -0.245466
0.842731, 0.538334

1.432413, -0.245493
0.842688, 0.538402

1.432583, -0.245519
0.842645, 0.538469

1.432753, -0.245546
0.842602, 0.538536

1.432923, -0.245573
0.842559, 0.538603

1.433093, -0.245600
0.842516, 0.538671

1.433263, -0.245627
0.842473, 0.538738

1.433434, -0.245654
0.842430, 0.538805

1.433604, -0.245681
0.842387, 0.538872

1.433774, -0.245708
0.842344, 0.538940

1.433944, -0.245734
0.842301, 0.539007

1.434114, -0.245761
0.842258, 0.539074

1.434284, -0.245788
0.842215, 0.539142

1.434454, -0.245815
0.842172, 0.539209

1.434624, -0.245842
0.842129, 0.539276

1.434794, -0.245869
0.842086, 0.539343

1.434964, -0.245896
0.842043, 0.539411

1.435134, -0.245923
0.842000, 0.539478

1.435304, -0.245950
0.841957, 0.539545

1.435474, -0.245976
0.841914, 0.539612

1.435644, -0.246003
0.841871, 0.539679

1.435814, -0.246030
0.841828, 0.539747

1.435984, -0.246057
0.841784, 0.539814

1.436154, -0.246084
0.841741, 0.539881

1.436324, -0.246111
0.841698, 0.539948

1.436494, -0.246138
0.841655, 0.540016

1.436664, -0.246164
0.841612, 0.540083

1.436834, -0.246191
0.841569, 0.540150

1.437004, -0.246218
0.841526, 0.540217

1.437174, -0.246245
0.841483, 0.540284

1.437344, -0.246272
0.841439, 0.540352

1.437514, -0.246299
0.841396, 0.540419

1.437684, -0.246326
0.841353, 0.540486

1.437854, -0.246353
0.841310, 0.540553

1.438024, -0.246379
0.841267, 0.540620

1.438194, -0.246406
0.841224, 0.540687

1.438364, -0.246433
0.841180, 0.540755

1.438534, -0.246460
0.841137, 0.540822

1.438704, -0.246487
0.841094, 0.540889

1.438874, -0.246514
0.841051, 0.540956

1.439044, -0.246541
0.841008, 0.541023

1.439214, -0.246568
0.840964, 0.541090

1.439384, -0.246594
0.840921, 0.541158

1.439554, -0.246621
0.840878, 0.541225

1.439724, -0.246648
0.840835, 0.541292

1.439894, -0.246675
0.840792, 0.541359

1.440063, -0.246702
0.840748, 0.541426

1.440233, -0.246729
0.840705, 0.541493

1.440403, -0.246756
0.840662, 0.541560

1.440573, -0.246782
0.840619, 0.541627

1.440743, -0.246809
0.840575, 0.541695

1.440913, -0.246836
0.840532, 0.541762

1.441083, -0.246863
0.840489, 0.541829

1.441253, -0.246890
0.840446, 0.541896

1.441423, -0.246917
0.840402, 0.541963

1.441593, -0.246944
0.840359, 0.542030

1.441763, -0.246970
0.840316, 0.542097

1.441933, -0.246997
0.840272, 0.542164

1.442103, -0.247024
0.840229, 0.542231

1.442273, -0.247051
0.840186, 0.542299

1.442443, -0.247078
0.840143, 0.542366

1.442613, -0.247105
0.840099, 0.542433

1.442783, -0.247132
0.840056, 0.542500

1.442952, -0.247158
0.840013, 0.542567

1.443122, -0.247185
0.839969, 0.542634

1.443292, -0.247212
0.839926, 0.542701

1.443462, -0.247239
0.839883, 0.542768

1.443632, -0.247266
0.839839, 0.542835

1.443802, -0.247293
0.839796, 0.542902

1.443972, -0.247320
0.839753, 0.542969

1.444142, -0.247346
0.839709, 0.543036

1.444312, -0.247373
0.839666, 0.543103

1.444482, -0.247400
0.839622, 0.543170

1.444652, -0.247427
0.839579, 0.543237

1.444822, -0.247454
0.839536, 0.543305

1.444991, -0.247481
0.839492, 0.543372

1.445161, -0.247508
0.839449, 0.543439

1.445331, -0.247534
0.839406, 0.543506

1.445501, -0.247561
0.839362, 0.543573

1.445671, -0.247588
0.839319, 0.543640

1.445841, -0.247615
0.839275, 0.543707

1.446011, -0.247642
0.839232, 0.543774

1.446181, -0.247669
0.839188, 0.543841

1.446351, -0.247696
0.839145, 0.543908

1.446520, -0.247722
0.839102, 0.543975

1.446690, -0.247749
0.839058, 0.544042

1.446860, -0.247776
0.839015, 0.544109

1.447030, -0.247803
0.838971, 0.544176

1.447200, -0.247830
0.838928, 0.544243

1.447370, -0.247857
0.838884, 0.544310

1.447540, -0.247884
0.838841, 0.544377

1.447710, -0.247910
0.838797, 0.544444

1.447879, -0.247937
0.838754, 0.544511

1.448049, -0.247964
0.838710, 0.544578

1.448219, -0.247991
0.838667, 0.544645

1.448389, -0.248018
0.838623, 0.544712

1.448559, -0.248045
0.838580, 0.544779

1.448729, -0.248071
0.838536, 0.544845

1.448899, -0.248098
0.838493, 0.544912

1.449068, -0.248125
0.838449, 0.544979

1.449238, -0.248152
0.838406, 0.545046

1.449408, -0.248179
0.838362, 0.545113

1.449578, -0.248206
0.838319, 0.545180

1.449748, -0.248232
0.838275, 0.545247

1.449918, -0.248259
0.838232, 0.545314

1.450088, -0.248286
0.838188, 0.545381

1.450257, -0.248313
0.838145, 0.545448

1.450427, -0.248340
0.838101, 0.545515

1.450597, -0.248367
0.838058, 0.545582

1.450767, -0.248394
0.838014, 0.545649

1.450937, -0.248420
0.837970, 0.545716

1.451106, -0.248447
0.837927, 0.545783

1.451276, -0.248474
0.837883, 0.545849

1.451446, -0.248501
0.837840, 0.545916

1.451616, -0.248528
0.837796, 0.545983

1.451786, -0.248555
0.837752, 0.546050

1.451956, -0.248581
0.837709, 0.546117

1.452125, -0.248608
0.837665, 0.546184

1.452295, -0.248635
0.837622, 0.546251

1.452465, -0.248662
0.837578, 0.546318

1.452635, -0.248689
0.837534, 0.546385

1.452805, -0.248716
0.837491, 0.546451

1.452974, -0.248742
0.837447, 0.546518

1.453144, -0.248769
0.837403, 0.546585

1.453314, -0.248796
0.837360, 0.546652

1.453484, -0.248823
0.837316, 0.546719

1.453654, -0.248850
0.837273, 0.546786

1.453823, -0.248877
0.837229, 0.546853

1.453993, -0.248903
0.837185, 0.546919

1.454163, -0.248930
0.837142, 0.546986

1.454333, -0.248957
0.837098, 0.547053

1.454503, -0.248984
0.837054, 0.547120

1.454672, -0.249011
0.837010, 0.547187

1.454842, -0.249038
0.836967, 0.547254

1.455012, -0.249064
0.836923, 0.547321

1.455182, -0.249091
0.836879, 0.547387

1.455352, -0.249118
0.836836, 0.547454

1.455521, -0.249145
0.836792, 0.547521

1.455691, -0.249172
0.836748, 0.547588

1.455861, -0.249199
0.836704, 0.547655

1.456031, -0.249225
0.836661, 0.547721

1.456200, -0.249252
0.836617, 0.547788

1.456370, -0.249279
0.836573, 0.547855

1.456540, -0.249306
0.836530, 0.547922

1.456710, -0.249333
0.836486, 0.547989

1.456879, -0.249360
0.836442, 0.548055

1.457049, -0.249386
0.836398, 0.548122

1.457219, -0.249413
0.836354, 0.548189

1.457389, -0.249440
0.836311, 0.548256

1.457558, -0.249467
0.836267, 0.548323

1.457728, -0.249494
0.836223, 0.548389

1.457898, -0.249520
0.836179, 0.548456

1.458068, -0.249547
0.836136, 0.548523

1.458237, -0.249574
0.836092, 0.548590

1.458407, -0.249601
0.836048, 0.548656

1.458577, -0.249628
0.836004, 0.548723

1.458747, -0.249655
0.835960, 0.548790

1.458916, -0.249681
0.835916, 0.548857

1.459086, -0.249708
0.835873, 0.548923

1.459256, -0.249735
0.835829, 0.548990

1.459426, -0.249762
0.835785, 0.549057

1.459595, -0.249789
0.835741, 0.549124

1.459765, -0.249815
0.835697, 0.549190

1.459935, -0.249842
0.835653, 0.549257

1.460104, -0.249869
0.835610, 0.549324

1.460274, -0.249896
0.835566, 0.549391

1.460444, -0.249923
0.835522, 0.549457

1.460614, -0.249950
0.835478, 0.549524

1.460783, -0.249976
0.835434, 0.549591

1.460953, -0.250003
0.835390, 0.549657

1.461123, -0.250030
0.835346, 0.549724

1.461292, -0.250057
0.835302, 0.549791

1.461462, -0.250084
0.835258, 0.549858

1.461632, -0.250110
0.835215, 0.549924

1.461802, -0.250137
0.835171, 0.549991

1.461971, -0.250164
0.835127, 0.550058

1.462141, -0.250191
0.835083, 0.550124

1.462311, -0.250218
0.835039, 0.550191

1.462480, -0.250245
0.834995, 0.550258

1.462650, -0.250271
0.834951, 0.550324

1.462820, -0.250298
0.834907, 0.550391

1.462989, -0.250325
0.834863, 0.550458

1.463159, -0.250352
0.834819, 0.550524

1.463329, -0.250379
0.834775, 0.550591

1.463498, -0.250405
0.834731, 0.550658

1.463668, -0.250432
0.834687, 0.550724

1.463838, -0.250459
0.834643, 0.550791

1.464007, -0.250486
0.834599, 0.550858

1.464177, -0.250513
0.834555, 0.550924

1.464347, -0.250539
0.834511, 0.550991

1.464516, -0.250566
0.834467, 0.551057

1.464686, -0.250593
0.834423, 0.551124

1.464856, -0.250620
0.834379, 0.551191

1.465025, -0.250647
0.834335, 0.551257

1.465195, -0.250674
0.834291, 0.551324

1.465365, -0.250700
0.834247, 0.551391

1.465534, -0.250727
0.834203, 0.551457

1.465704, -0.250754
0.834159, 0.551524

1.465874, -0.250781
0.834115, 0.551590

1.466043, -0.250808
0.834071, 0.551657

1.466213, -0.250834
0.834027, 0.551724

1.466383, -0.250861
0.833983, 0.551790

1.466552, -0.250888
0.833939, 0.551857

1.466722, -0.250915
0.833895, 0.551923

1.466892, -0.250942
0.833851, 0.551990

1.467061, -0.250968
0.833807, 0.552057

1.467231, -0.250995
0.833763, 0.552123

1.467401, -0.251022
0.833718, 0.552190

1.467570, -0.251049
0.833674, 0.552256

1.467740, -0.251076
0.833630, 0.552323

1.467909, -0.251102
0.833586, 0.552389

1.468079, -0.251129
0.833542, 0.552456

1.468249, -0.251156
0.833498, 0.552523

1.468418, -0.251183
0.833454, 0.552589

1.468588, -0.251210
0.833410, 0.552656

1.468758, -0.251236
0.833366, 0.552722

1.468927, -0.251263
0.833321, 0.552789

1.469097, -0.251290
0.833277, 0.552855

1.469266, -0.251317
0.833233, 0.552922

1.469436, -0.251344
0.833189, 0.552988

1.469606, -0.251370
0.833145, 0.553055

1.469775, -0.251397
0.833101, 0.553121

1.469945, -0.251424
0.833056, 0.553188

1.470114, -0.251451
0.833012, 0.553254

1.470284, -0.251478
0.832968, 0.553321

1.470454, -0.251504
0.832924, 0.553387

1.470623, -0.251531
0.832880, 0.553454

1.470793, -0.251558
0.832836, 0.553520

1.470962, -0.251585
0.832791, 0.553587

1.471132, -0.251612
0.832747, 0.553653

1.471302, -0.251638
0.832703, 0.553720

1.471471, -0.251665
0.832659, 0.553786

1.471641, -0.251692
0.832614, 0.553853

1.471810, -0.251719
0.832570, 0.553919

1.471980, -0.251746
0.832526, 0.553986

1.472150, -0.251772
0.832482, 0.554052

1.472319, -0.251799
0.832438, 0.554119

1.472489, -0.251826
0.832393, 0.554185

1.472658, -0.251853
0.832349, 0.554252

1.472828, -0.251879
0.832305, 0.554318

1.472997, -0.251906
0.832261, 0.554385

1.473167, -0.251933
0.832216, 0.554451

1.473337, -0.251960
0.832172, 0.554518

1.473506, -0.251987
0.832128, 0.554584

1.473676, -0.252013
0.832083, 0.554651

1.473845, -0.252040
0.832039, 0.554717

1.474015, -0.252067
0.831995, 0.554783

1.474184, -0.252094
0.831951, 0.554850

1.474354, -0.252121
0.831906, 0.554916

1.474523, -0.252147
0.831862, 0.554983

1.474693, -0.252174
0.831818, 0.555049

1.474863, -0.252201
0.831773, 0.555116

1.475032, -0.252228
0.831729, 0.555182

1.475202, -0.252255
0.831685, 0.555248

1.475371, -0.252281
0.831640, 0.555315

1.475541, -0.252308
0.831596, 0.555381

1.475710, -0.252335
0.831552, 0.555448

1.475880, -0.252362
0.831507, 0.555514

1.476049, -0.252388
0.831463, 0.555580

1.476219, -0.252415
0.831418, 0.555647

1.476388, -0.252442
0.831374, 0.555713

1.476558, -0.252469
0.831330, 0.555780

1.476727, -0.252496
0.831285, 0.555846

1.476897, -0.252522
0.831241, 0.555912

1.477066, -0.252549
0.831197, 0.555979

1.477236, -0.252576
0.831152, 0.556045

1.477406, -0.252603
0.831108, 0.556111

1.477575, -0.252629
0.831063, 0.556178

1.477745, -0.252656
0.831019, 0.556244

1.477914, -0.252683
0.830975, 0.556310

1.478084, -0.252710
0.830930, 0.556377

1.478253, -0.252737
0.830886, 0.556443

1.478423, -0.252763
0.830841, 0.556510

1.478592, -0.252790
0.830797, 0.556576

1.478762, -0.252817
0.830752, 0.556642

1.478931, -0.252844
0.830708, 0.556709

1.479101, -0.252870
0.830663, 0.556775

1.479270, -0.252897
0.830619, 0.556841

1.479440, -0.252924
0.830574, 0.556908

1.479609, -0.252951
0.830530, 0.556974

1.479779, -0.252978
0.830486, 0.557040

1.479948, -0.253004
0.830441, 0.557106

1.480118, -0.253031
0.830397, 0.557173

1.480287, -0.253058
0.830352, 0.557239

1.480457, -0.253085
0.830308, 0.557305

1.480626, -0.253111
0.830263, 0.557372

1.480795, -0.253138
0.830219, 0.557438

1.480965, -0.253165
0.830174, 0.557504

1.481134, -0.253192
0.830130, 0.557571

1.481304, -0.253219
0.830085, 0.557637

1.481473, -0.253245
0.830040, 0.557703

1.481643, -0.253272
0.829996, 0.557769

1.481812, -0.253299
0.829951, 0.557836

1.481982, -0.253326
0.829907, 0.557902

1.482151, -0.253352
0.829862, 0.557968

1.482321, -0.253379
0.829818, 0.558034

1.482490, -0.253406
0.829773, 0.558101

1.482660, -0.253433
0.829729, 0.558167

1.482829, -0.253459
0.829684, 0.558233

1.482999, -0.253486
0.829639, 0.558300

1.483168, -0.253513
0.829595, 0.558366

1.483337, -0.253540
0.829550, 0.558432

1.483507, -0.253567
0.829506, 0.558498

1.483676, -0.253593
0.829461, 0.558564

1.483846, -0.253620
0.829416, 0.558631

1.484015, -0.253647
0.829372, 0.558697

1.484185, -0.253674
0.829327, 0.558763

1.484354, -0.253700
0.829283, 0.558829

1.484524, -0.253727
0.829238, 0.558896

1.484693, -0.253754
0.829193, 0.558962

1.484862, -0.253781
0.829149, 0.559028

1.485032, -0.253807
0.829104, 0.559094

1.485201, -0.253834
0.829059, 0.559160

1.485371, -0.253861
0.829015, 0.559227

1.485540, -0.253888
0.828970, 0.559293

1.485710, -0.253914
0.828926, 0.559359

1.485879, -0.253941
0.828881, 0.559425

1.486048, -0.253968
0.828836, 0.559491

1.486218, -0.253995
0.828791, 0.559558

1.486387, -0.254022
0.828747, 0.559624

1.486557, -0.254048
0.828702, 0.559690

1.486726, -0.254075
0.828657, 0.559756

1.486895, -0.254102
0.828613, 0.559822

1.487065, -0.254129
0.828568, 0.559888

1.487234, -0.254155
0.828523, 0.559955

1.487404, -0.254182
0.828479, 0.560021

1.487573, -0.254209
0.828434, 0.560087

1.487742, -0.254236
0.828389, 0.560153

1.487912, -0.254262
0.828344, 0.560219

1.488081, -0.254289
0.828300, 0.560285

1.488251, -0.254316
0.828255, 0.560351

1.488420, -0.254343
0.828210, 0.560418

1.488589, -0.254369
0.828165, 0.560484

1.488759, -0.254396
0.828121, 0.560550

1.488928, -0.254423
0.828076, 0.560616

1.489098, -0.254450
0.828031, 0.560682

1.489267, -0.254476
0.827986, 0.560748

1.489436, -0.254503
0.827942, 0.560814

1.489606, -0.254530
0.827897, 0.560880

1.489775, -0.254557
0.827852, 0.560947

1.489945, -0.254583
0.827807, 0.561013

1.490114, -0.254610
0.827762, 0.561079

1.490283, -0.254637
0.827718, 0.561145

1.490453, -0.254664
0.827673, 0.561211

1.490622, -0.254690
0.827628, 0.561277

1.490791, -0.254717
0.827583, 0.561343

1.490961, -0.254744
0.827538, 0.561409

1.491130, -0.254771
0.827494, 0.561475

1.491299, -0.254797
0.827449, 0.561541

1.491469, -0.254824
0.827404, 0.561607

1.491638, -0.254851
0.827359, 0.561674

1.491808, -0.254878
0.827314, 0.561740

1.491977, -0.254904
0.827269, 0.561806

1.492146, -0.254931
0.827224, 0.561872

1.492316, -0.254958
0.827180, 0.561938

1.492485, -0.254985
0.827135, 0.562004

1.492654, -0.255011
0.827090, 0.562070

1.492824, -0.255038
0.827045, 0.562136

1.492993, -0.255065
0.827000, 0.562202

1.493162, -0.255092
0.826955, 0.562268

1.493332, -0.255118
0.826910, 0.562334

1.493501, -0.255145
0.826865, 0.562400

1.493670, -0.255172
0.826820, 0.562466

1.493840, -0.255199
0.826775, 0.562532

1.494009, -0.255225
0.826731, 0.562598

1.494178, -0.255252
0.826686, 0.562664

1.494348, -0.255279
0.826641, 0.562730

1.494517, -0.255306
0.826596, 0.562796

1.494686, -0.255332
0.826551, 0.562862

1.494856, -0.255359
0.826506, 0.562928

1.495025, -0.255386
0.826461, 0.562994

1.495194, -0.255413
0.826416, 0.563060

1.495364, -0.255439
0.826371, 0.563126

1.495533, -0.255466
0.826326, 0.563192

1.495702, -0.255493
0.826281, 0.563258

1.495871, -0.255520
0.826236, 0.563324

1.496041, -0.255546
0.826191, 0.563390

1.496210, -0.255573
0.826146, 0.563456

1.496379, -0.255600
0.826101, 0.563522

1.496549, -0.255627
0.826056, 0.563588

1.496718, -0.255653
0.826011, 0.563654

1.496887, -0.255680
0.825966, 0.563720

1.497057, -0.255707
0.825921, 0.563786

1.497226, -0.255734
0.825876, 0.563852

1.497395, -0.255760
0.825831, 0.563918

1.497564, -0.255787
0.825786, 0.563984

1.497734, -0.255814
0.825741, 0.564050

1.497903, -0.255840
0.825696, 0.564115

1.498072, -0.255867
0.825651, 0.564181

1.498242, -0.255894
0.825606, 0.564247

1.498411, -0.255921
0.825561, 0.564313

1.498580, -0.255947
0.825516, 0.564379

1.498749, -0.255974
0.825471, 0.564445

1.498919, -0.256001
0.825426, 0.564511

1.499088, -0.256028
0.825380, 0.564577

1.499257, -0.256054
0.825335, 0.564643

1.499426, -0.256081
0.825290, 0.564709

1.499596, -0.256108
0.825245, 0.564775

1.499765, -0.256135
0.825200, 0.564841

1.499934, -0.256161
0.825155, 0.564906

1.500104, -0.256188
0.825110, 0.564972

1.500273, -0.256215
0.825065, 0.565038

1.500442, -0.256241
0.825020, 0.565104

1.500611, -0.256268
0.824975, 0.565170

1.500781, -0.256295
0.824929, 0.565236

1.500950, -0.256322
0.824884, 0.565302

1.501119, -0.256348
0.824839, 0.565368

1.501288, -0.256375
0.824794, 0.565433

1.501458, -0.256402
0.824749, 0.565499

1.501627, -0.256429
0.824704, 0.565565

1.501796, -0.256455
0.824658, 0.565631

1.501965, -0.256482
0.824613, 0.565697

1.502135, -0.256509
0.824568, 0.565763

1.502304, -0.256536
0.824523, 0.565829

1.502473, -0.256562
0.824478, 0.565894

1.502642, -0.256589
0.824433, 0.565960

1.502811, -0.256616
0.824387, 0.566026

1.502981, -0.256642
0.824342, 0.566092

1.503150, -0.256669
0.824297, 0.566158

1.503319, -0.256696
0.824252, 0.566223

1.503488, -0.256723
0.824207, 0.566289

1.503658, -0.256749
0.824161, 0.566355

1.503827, -0.256776
0.824116, 0.566421

1.503996, -0.256803
0.824071, 0.566487

1.504165, -0.256829
0.824026, 0.566553

1.504334, -0.256856
0.823980, 0.566618

1.504504, -0.256883
0.823935, 0.566684

1.504673, -0.256910
0.823890, 0.566750

1.504842, -0.256936
0.823845, 0.566816

1.505011, -0.256963
0.823799, 0.566881

1.505180, -0.256990
0.823754, 0.566947

1.505350, -0.257017
0.823709, 0.567013

1.505519, -0.257043
0.823664, 0.567079

1.505688, -0.257070
0.823618, 0.567145

1.505857, -0.257097
0.823573, 0.567210

1.506026, -0.257123
0.823528, 0.567276

1.506196, -0.257150
0.823482, 0.567342

1.506365, -0.257177
0.823437, 0.567408

1.506534, -0.257204
0.823392, 0.567473

1.506703, -0.257230
0.823346, 0.567539

1.506872, -0.257257
0.823301, 0.567605

1.507042, -0.257284
0.823256, 0.567671

1.507211, -0.257310
0.823210, 0.567736

1.507380, -0.257337
0.823165, 0.567802

1.507549, -0.257364
0.823120, 0.567868

1.507718, -0.257391
0.823074, 0.567933

1.507887, -0.257417
0.823029, 0.567999

1.508057, -0.257444
0.822984, 0.568065

1.508226, -0.257471
0.822938, 0.568131

1.508395, -0.257497
0.822893, 0.568196

1.508564, -0.257524
0.822848, 0.568262

1.508733, -0.257551
0.822802, 0.568328

1.508902, -0.257578
0.822757, 0.568393

1.509072, -0.257604
0.822711, 0.568459

1.509241, -0.257631
0.822666, 0.568525

1.509410, -0.257658
0.822621, 0.568591

1.509579, -0.257684
0.822575, 0.568656

1.509748, -0.257711
0.822530, 0.568722

1.509917, -0.257738
0.822484, 0.568788

1.510087, -0.257765
0.822439, 0.568853

1.510256, -0.257791
0.822394, 0.568919

1.510425, -0.257818
0.822348, 0.568985

1.510594, -0.257845
0.822303, 0.569050

1.510763, -0.257871
0.822257, 0.569116

1.510932, -0.257898
0.822212, 0.569182

1.511101, -0.257925
0.822166, 0.569247

1.511271, -0.257952
0.822121, 0.569313

1.511440, -0.257978
0.822075, 0.569379

1.511609, -0.258005
0.822030, 0.569444

1.511778, -0.258032
0.821985, 0.569510

1.511947, -0.258058
0.821939, 0.569575

1.512116, -0.258085
0.821894, 0.569641

1.512285, -0.258112
0.821848, 0.569707

1.512454, -0.258139
0.821803, 0.569772

1.512624, -0.258165
0.821757, 0.569838

1.512793, -0.258192
0.821712, 0.569904

1.512962, -0.258219
0.821666, 0.569969

1.513131, -0.258245
0.821621, 0.570035

1.513300, -0.258272
0.821575, 0.570100

1.513469, -0.258299
0.821530, 0.570166

1.513638, -0.258325
0.821484, 0.570232

1.513807, -0.258352
0.821438, 0.570297

1.513976, -0.258379
0.821393, 0.570363

1.514146, -0.258406
0.821347, 0.570428

1.514315, -0.258432
0.821302, 0.570494

1.514484, -0.258459
0.821256, 0.570560

1.514653, -0.258486
0.821211, 0.570625

1.514822, -0.258512
0.821165, 0.570691

1.514991, -0.258539
0.821120, 0.570756

1.515160, -0.258566
0.821074, 0.570822

1.515329, -0.258592
0.821028, 0.570887

1.515498, -0.258619
0.820983, 0.570953

1.515667, -0.258646
0.820937, 0.571018

1.515837, -0.258673
0.820892, 0.571084

1.516006, -0.258699
0.820846, 0.571150

1.516175, -0.258726
0.820800, 0.571215

1.516344, -0.258753
0.820755, 0.571281

1.516513, -0.258779
0.820709, 0.571346

1.516682, -0.258806
0.820664, 0.571412

1.516851, -0.258833
0.820618, 0.571477

1.517020, -0.258859
0.820572, 0.571543

1.517189, -0.258886
0.820527, 0.571608

1.517358, -0.258913
0.820481, 0.571674

1.517527, -0.258940
0.820435, 0.571739

1.517696, -0.258966
0.820390, 0.571805

1.517865, -0.258993
0.820344, 0.571870

1.518034, -0.259020
0.820298, 0.571936

1.518204, -0.259046
0.820253, 0.572001

1.518373, -0.259073
0.820207, 0.572067

1.518542, -0.259100
0.820161, 0.572132

1.518711, -0.259126
0.820116, 0.572198

1.518880, -0.259153
0.820070, 0.572263

1.519049, -0.259180
0.820024, 0.572329

1.519218, -0.259207
0.819979, 0.572394

1.519387, -0.259233
0.819933, 0.572460

1.519556, -0.259260
0.819887, 0.572525

1.519725, -0.259287
0.819841, 0.572591

1.519894, -0.259313
0.819796, 0.572656

1.520063, -0.259340
0.819750, 0.572722

1.520232, -0.259367
0.819704, 0.572787

1.520401, -0.259393
0.819658, 0.572853

1.520570, -0.259420
0.819613, 0.572918

1.520739, -0.259447
0.819567, 0.572983

1.520908, -0.259473
0.819521, 0.573049

1.521077, -0.259500
0.819475, 0.573114

1.521246, -0.259527
0.819430, 0.573180

1.521415, -0.259553
0.819384, 0.573245

1.521584, -0.259580
0.819338, 0.573311

1.521753, -0.259607
0.819292, 0.573376

1.521922, -0.259634
0.819247, 0.573441

1.522091, -0.259660
0.819201, 0.573507

1.522260, -0.259687
0.819155, 0.573572

1.522429, -0.259714
0.819109, 0.573638

1.522598, -0.259740
0.819063, 0.573703

1.522767, -0.259767
0.819018, 0.573768

1.522936, -0.259794
0.818972, 0.573834

1.523105, -0.259820
0.818926, 0.573899

1.523274, -0.259847
0.818880, 0.573965

1.523443, -0.259874
0.818834, 0.574030

1.523612, -0.259900
0.818788, 0.574095

1.523781, -0.259927
0.818743, 0.574161

1.523950, -0.259954
0.818697, 0.574226

1.524119, -0.259980
0.818651, 0.574292

1.524288, -0.260007
0.818605, 0.574357

1.524457, -0.260034
0.818559, 0.574422

1.524626, -0.260060
0.818513, 0.574488

1.524795, -0.260087
0.818467, 0.574553

1.524964, -0.260114
0.818421, 0.574618

1.525133, -0.260141
0.818376, 0.574684

1.525302, -0.260167
0.818330, 0.574749

1.525471, -0.260194
0.818284, 0.574814

1.525640, -0.260221
0.818238, 0.574880

1.525809, -0.260247
0.818192, 0.574945

1.525978, -0.260274
0.818146, 0.575010

1.526147, -0.260301
0.818100, 0.575076

1.526316, -0.260327
0.818054, 0.575141

1.526485, -0.260354
0.818008, 0.575206

1.526654, -0.260381
0.817962, 0.575272

1.526823, -0.260407
0.817916, 0.575337

1.526992, -0.260434
0.817871, 0.575402

1.527161, -0.260461
0.817825, 0.575468

1.527330, -0.260487
0.817779, 0.575533

1.527499, -0.260514
0.817733, 0.575598

1.527668, -0.260541
0.817687, 0.575664

1.527837, -0.260567
0.817641, 0.575729

1.528006, -0.260594
0.817595, 0.575794

1.528175, -0.260621
0.817549, 0.575859

1.528344, -0.260647
0.817503, 0.575925

1.528513, -0.260674
0.817457, 0.575990

1.528682, -0.260701
0.817411, 0.576055

1.528851, -0.260727
0.817365, 0.576120

1.529020, -0.260754
0.817319, 0.576186

1.529189, -0.260781
0.817273, 0.576251

1.529357, -0.260807
0.817227, 0.576316

1.529526, -0.260834
0.817181, 0.576382

1.529695, -0.260861
0.817135, 0.576447

1.529864, -0.260887
0.817089, 0.576512

1.530033, -0.260914
0.817043, 0.576577

1.530202, -0.260941
0.816997, 0.576643

1.530371, -0.260967
0.816951, 0.576708

1.530540, -0.260994
0.816904, 0.576773

1.530709, -0.261021
0.816858, 0.576838

1.530878, -0.261047
0.816812, 0.576903

1.531047, -0.261074
0.816766, 0.576969

1.531216, -0.261101
0.816720, 0.577034

1.531385, -0.261127
0.816674, 0.577099

1.531553, -0.261154
0.816628, 0.577164

1.531722, -0.261181
0.816582, 0.577230

1.531891, -0.261207
0.816536, 0.577295

1.532060, -0.261234
0.816490, 0.577360

1.532229, -0.261261
0.816444, 0.577425

1.532398, -0.261287
0.816398, 0.577490

1.532567, -0.261314
0.816351, 0.577555

1.532736, -0.261341
0.816305, 0.577621

1.532905, -0.261367
0.816259, 0.577686

1.533074, -0.261394
0.816213, 0.577751

1.533243, -0.261421
0.816167, 0.577816

1.533411, -0.261447
0.816121, 0.577881

1.533580, -0.261474
0.816075, 0.577947

1.533749, -0.261501
0.816028, 0.578012

1.533918, -0.261527
0.815982, 0.578077

1.534087, -0.261554
0.815936, 0.578142

1.534256, -0.261581
0.815890, 0.578207

1.534425, -0.261607
0.815844, 0.578272

1.534594, -0.261634
0.815798, 0.578337

1.534763, -0.261661
0.815751, 0.578403

1.534931, -0.261687
0.815705, 0.578468

1.535100, -0.261714
0.815659, 0.578533

1.535269, -0.261741
0.815613, 0.578598

1.535438, -0.261767
0.815567, 0.578663

1.535607, -0.261794
0.815520, 0.578728

1.535776, -0.261821
0.815474, 0.578793

1.535945, -0.261847
0.815428, 0.578858

1.536114, -0.261874
0.815382, 0.578924

1.536282, -0.261901
0.815336, 0.578989

1.536451, -0.261927
0.815289, 0.579054

1.536620, -0.261954
0.815243, 0.579119

1.536789, -0.261981
0.815197, 0.579184

1.536958, -0.262007
0.815151, 0.579249

1.537127, -0.262034
0.815104, 0.579314

1.537296, -0.262061
0.815058, 0.579379

1.537464, -0.262087
0.815012, 0.579444

1.537633, -0.262114
0.814966, 0.579509

1.537802, -0.262141
0.814919, 0.579574

1.537971, -0.262167
0.814873, 0.579640

1.538140, -0.262194
0.814827, 0.579705

1.538309, -0.262221
0.814780, 0.579770

1.538477, -0.262247
0.814734, 0.579835

1.538646, -0.262274
0.814688, 0.579900

1.538815, -0.262301
0.814641, 0.579965

1.538984, -0.262327
0.814595, 0.580030

1.539153, -0.262354
0.814549, 0.580095

1.539322, -0.262381
0.814503, 0.580160

1.539490, -0.262407
0.814456, 0.580225

1.539659, -0.262434
0.814410, 0.580290

1.539828, -0.262460
0.814364, 0.580355

1.539997, -0.262487
0.814317, 0.580420

1.540166, -0.262514
0.814271, 0.580485

1.540335, -0.262540
0.814224, 0.580550

1.540503, -0.262567
0.814178, 0.580615

1.540672, -0.262594
0.814132, 0.580680

1.540841, -0.262620
0.814085, 0.580745

1.541010, -0.262647
0.814039, 0.580810

1.541179, -0.262674
0.813993, 0.580875

1.541347, -0.262700
0.813946, 0.580940

1.541516, -0.262727
0.813900, 0.581005

1.541685, -0.262754
0.813853, 0.581070

1.541854, -0.262780
0.813807, 0.581135

1.542023, -0.262807
0.813761, 0.581200

1.542191, -0.262834
0.813714, 0.581265

1.542360, -0.262860
0.813668, 0.581330

1.542529, -0.262887
0.813621, 0.581395

1.542698, -0.262913
0.813575, 0.581460

1.542867, -0.262940
0.813529, 0.581525

1.543035, -0.262967
0.813482, 0.581590

1.543204, -0.262993
0.813436, 0.581655

1.543373, -0.263020
0.813389, 0.581720

1.543542, -0.263047
0.813343, 0.581785

1.543711, -0.263073
0.813296, 0.581850

1.543879, -0.263100
0.813250, 0.581915

1.544048, -0.263127
0.813203, 0.581980

1.544217, -0.263153
0.813157, 0.582045

1.544386, -0.263180
0.813110, 0.582109

1.544555, -0.263207
0.813064, 0.582174

1.544723, -0.263233
0.813017, 0.582239

1.544892, -0.263260
0.812971, 0.582304

1.545061, -0.263286
0.812924, 0.582369

1.545230, -0.263313
0.812878, 0.582434

1.545398, -0.263340
0.812831, 0.582499

1.545567, -0.263366
0.812785, 0.582564

1.545736, -0.263393
0.812738, 0.582629

1.545905, -0.263420
0.812692, 0.582694

1.546073, -0.263446
0.812645, 0.582759

1.546242, -0.263473
0.812599, 0.582823

1.546411, -0.263500
0.812552, 0.582888

1.546580, -0.263526
0.812506, 0.582953

1.546748, -0.263553
0.812459, 0.583018

1.546917, -0.263580
0.812413, 0.583083

1.547086, -0.263606
0.812366, 0.583148

1.547255, -0.263633
0.812319, 0.583213

1.547423, -0.263659
0.812273, 0.583278

1.547592, -0.263686
0.812226, 0.583342

1.547761, -0.263713
0.812180, 0.583407

1.547930, -0.263739
0.812133, 0.583472

1.548098, -0.263766
0.812087, 0.583537

1.548267, -0.263793
0.812040, 0.583602

1.548436, -0.263819
0.811993, 0.583667

1.548605, -0.263846
0.811947, 0.583732

1.548773, -0.263872
0.811900, 0.583796

1.548942, -0.263899
0.811854, 0.583861

1.549111, -0.263926
0.811807, 0.583926

1.549280, -0.263952
0.811760, 0.583991

1.549448, -0.263979
0.811714, 0.584056

1.549617, -0.264006
0.811667, 0.584120

1.549786, -0.264032
0.811620, 0.584185

1.549954, -0.264059
0.811574, 0.584250

1.550123, -0.264086
0.811527, 0.584315

1.550292, -0.264112
0.811480, 0.584380

1.550461, -0.264139
0.811434, 0.584444

1.550629, -0.264165
0.811387, 0.584509

1.550798, -0.264192
0.811340, 0.584574

1.550967, -0.264219
0.811294, 0.584639

1.551135, -0.264245
0.811247, 0.584704

1.551304, -0.264272
0.811200, 0.584768

1.551473, -0.264299
0.811154, 0.584833

1.551642, -0.264325
0.811107, 0.584898

1.551810, -0.264352
0.811060, 0.584963

1.551979, -0.264378
0.811013, 0.585027

1.552148, -0.264405
0.810967, 0.585092

1.552316, -0.264432
0.810920, 0.585157

1.552485, -0.264458
0.810873, 0.585222

1.552654, -0.264485
0.810827, 0.585286

1.552822, -0.264512
0.810780, 0.585351

1.552991, -0.264538
0.810733, 0.585416

1.553160, -0.264565
0.810686, 0.585481

1.553328, -0.264591
0.810640, 0.585545

1.553497, -0.264618
0.810593, 0.585610

1.553666, -0.264645
0.810546, 0.585675

1.553834, -0.264671
0.810499, 0.585740

1.554003, -0.264698
0.810453, 0.585804

1.554172, -0.264725
0.810406, 0.585869

1.554340, -0.264751
0.810359, 0.585934

1.554509, -0.264778
0.810312, 0.585998

1.554678, -0.264804
0.810265, 0.586063

1.554847, -0.264831
0.810219, 0.586128

1.555015, -0.264858
0.810172, 0.586193

1.555184, -0.264884
0.810125, 0.586257

1.555352, -0.264911
0.810078, 0.586322

1.555521, -0.264938
0.810031, 0.586387

1.555690, -0.264964
0.809984, 0.586451

1.555858, -0.264991
0.809938, 0.586516

1.556027, -0.265017
0.809891, 0.586581

1.556196, -0.265044
0.809844, 0.586645

1.556364, -0.265071
0.809797, 0.586710

1.556533, -0.265097
0.809750, 0.586775

1.556702, -0.265124
0.809703, 0.586839

1.556870, -0.265151
0.809657, 0.586904

1.557039, -0.265177
0.809610, 0.586969

1.557208, -0.265204
0.809563, 0.587033

1.557376, -0.265230
0.809516, 0.587098

1.557545, -0.265257
0.809469, 0.587163

1.557714, -0.265284
0.809422, 0.587227

1.557882, -0.265310
0.809375, 0.587292

1.558051, -0.265337
0.809328, 0.587356

1.558219, -0.265363
0.809281, 0.587421

1.558388, -0.265390
0.809235, 0.587486

1.558557, -0.265417
0.809188, 0.587550

1.558725, -0.265443
0.809141, 0.587615

1.558894, -0.265470
0.809094, 0.587679

1.559063, -0.265497
0.809047, 0.587744

1.559231, -0.265523
0.809000, 0.587809

1.559400, -0.265550
0.808953, 0.587873

1.559568, -0.265576
0.808906, 0.587938

1.559737, -0.265603
0.808859, 0.588002

1.559906, -0.265630
0.808812, 0.588067

1.560074, -0.265656
0.808765, 0.588132

1.560243, -0.265683
0.808718, 0.588196

1.560412, -0.265709
0.808671, 0.588261

1.560580, -0.265736
0.808624, 0.588325

1.560749, -0.265763
0.808577, 0.588390

1.560917, -0.265789
0.808530, 0.588455

1.561086, -0.265816
0.808483, 0.588519

1.561255, -0.265842
0.808436, 0.588584

1.561423, -0.265869
0.808389, 0.588648

1.561592, -0.265896
0.808342, 0.588713

1.561760, -0.265922
0.808295, 0.588777

1.561929, -0.265949
0.808248, 0.588842

1.562098, -0.265976
0.808201, 0.588906

1.562266, -0.266002
0.808154, 0.588971

1.562435, -0.266029
0.808107, 0.589035

1.562603, -0.266055
0.808060, 0.589100

1.562772, -0.266082
0.808013, 0.589164

1.562940, -0.266109
0.807966, 0.589229

1.563109, -0.266135
0.807919, 0.589293

1.563278, -0.266162
0.807872, 0.589358

1.563446, -0.266188
0.807825, 0.589423

1.563615, -0.266215
0.807778, 0.589487

1.563783, -0.266242
0.807731, 0.589552

1.563952, -0.266268
0.807684, 0.589616

1.564121, -0.266295
0.807637, 0.589681

1.564289, -0.266321
0.807590, 0.589745

1.564458, -0.266348
0.807542, 0.589809

1.564626, -0.266375
0.807495, 0.589874

1.564795, -0.266401
0.807448, 0.589938

1.564963, -0.266428
0.807401, 0.590003

1.565132, -0.266454
0.807354, 0.590067

1.565300, -0.266481
0.807307, 0.590132

1.565469, -0.266508
0.807260, 0.590196

1.565638, -0.266534
0.807213, 0.590261

1.565806, -0.266561
0.807165, 0.590325

1.565975, -0.266587
0.807118, 0.590390

1.566143, -0.266614
0.807071, 0.590454

1.566312, -0.266641
0.807024, 0.590519

1.566480, -0.266667
0.806977, 0.590583

1.566649, -0.266694
0.806930, 0.590647

1.566817, -0.266720
0.806883, 0.590712

1.566986, -0.266747
0.806835, 0.590776

1.567155, -0.266774
0.806788, 0.590841

1.567323, -0.266800
0.806741, 0.590905

1.567492, -0.266827
0.806694, 0.590970

1.567660, -0.266853
0.806647, 0.591034

1.567829, -0.266880
0.806599, 0.591098

1.567997, -0.266907
0.806552, 0.591163

1.568166, -0.266933
0.806505, 0.591227

1.568334, -0.266960
0.806458, 0.591292

1.568503, -0.266986
0.806411, 0.591356

1.568671, -0.267013
0.806363, 0.591420

1.568840, -0.267040
0.806316, 0.591485

1.569008, -0.267066
0.806269, 0.591549

1.569177, -0.267093
0.806222, 0.591614

1.569345, -0.267119
0.806174, 0.591678

1.569514, -0.267146
0.806127, 0.591742

1.569682, -0.267173
0.806080, 0.591807

1.569851, -0.267199
0.806033, 0.591871

1.570019, -0.267226
0.805985, 0.591935

1.570188, -0.267252
0.805938, 0.592000

1.570356, -0.267279
0.805891, 0.592064

1.570525, -0.267305
0.805844, 0.592128

1.570693, -0.267332
0.805796, 0.592193

1.570862, -0.267359
0.805749, 0.592257

1.571030, -0.267385
0.805702, 0.592321

1.571199, -0.267412
0.805654, 0.592386

1.571367, -0.267438
0.805607, 0.592450

1.571536, -0.267465
0.805560, 0.592514

1.571704, -0.267492
0.805513, 0.592579

1.571873, -0.267518
0.805465, 0.592643

1.572041, -0.267545
0.805418, 0.592707

1.572210, -0.267571
0.805371, 0.592772

1.572378, -0.267598
0.805323, 0.592836

1.572547, -0.267625
0.805276, 0.592900

1.572715, -0.267651
0.805229, 0.592965

1.572884, -0.267678
0.805181, 0.593029

1.573052, -0.267704
0.805134, 0.593093

1.573221, -0.267731
0.805086, 0.593158

1.573389, -0.267757
0.805039, 0.593222

1.573558, -0.267784
0.804992, 0.593286

1.573726, -0.267811
0.804944, 0.593350

1.573895, -0.267837
0.804897, 0.593415

1.574063, -0.267864
0.804850, 0.593479

1.574232, -0.267890
0.804802, 0.593543

1.574400, -0.267917
0.804755, 0.593607

1.574569, -0.267944
0.804707, 0.593672

1.574737, -0.267970
0.804660, 0.593736

1.574905, -0.267997
0.804613, 0.593800

1.575074, -0.268023
0.804565, 0.593864

1.575242, -0.268050
0.804518, 0.593929

1.575411, -0.268077
0.804470, 0.593993

1.575579, -0.268103
0.804423, 0.594057

1.575748, -0.268130
0.804375, 0.594121

1.575916, -0.268156
0.804328, 0.594186

1.576085, -0.268183
0.804281, 0.594250

1.576253, -0.268209
0.804233, 0.594314

1.576422, -0.268236
0.804186, 0.594378

1.576590, -0.268263
0.804138, 0.594442

1.576758, -0.268289
0.804091, 0.594507

1.576927, -0.268316
0.804043, 0.594571

1.577095, -0.268342
0.803996, 0.594635

1.577264, -0.268369
0.803948, 0.594699

1.577432, -0.268395
0.803901, 0.594764

1.577601, -0.268422
0.803853, 0.594828

1.577769, -0.268449
0.803806, 0.594892

1.577937, -0.268475
0.803758, 0.594956

1.578106, -0.268502
0.803711, 0.595020

1.578274, -0.268528
0.803663, 0.595084

1.578443, -0.268555
0.803616, 0.595149

1.578611, -0.268582
0.803568, 0.595213

1.578780, -0.268608
0.803521, 0.595277

1.578948, -0.268635
0.803473, 0.595341

1.579116, -0.268661
0.803426, 0.595405

1.579285, -0.268688
0.803378, 0.595469

1.579453, -0.268714
0.803330, 0.595534

1.579622, -0.268741
0.803283, 0.595598

1.579790, -0.268768
0.803235, 0.595662

1.579958, -0.268794
0.803188, 0.595726

1.580127, -0.268821
0.803140, 0.595790

1.580295, -0.268847
0.803093, 0.595854

1.580464, -0.268874
0.803045, 0.595918

1.580632, -0.268900
0.802997, 0.595982

1.580801, -0.268927
0.802950, 0.596047

1.580969, -0.268954
0.802902, 0.596111

1.581137, -0.268980
0.802855, 0.596175

1.581306, -0.269007
0.802807, 0.596239

1.581474, -0.269033
0.802759, 0.596303

1.581642, -0.269060
0.802712, 0.596367

1.581811, -0.269086
0.802664, 0.596431

1.581979, -0.269113
0.802617, 0.596495

1.582148, -0.269140
0.802569, 0.596559

1.582316, -0.269166
0.802521, 0.596623

1.582484, -0.269193
0.802474, 0.596688

1.582653, -0.269219
0.802426, 0.596752

1.582821, -0.269246
0.802378, 0.596816

1.582990, -0.269272
0.802331, 0.596880

1.583158, -0.269299
0.802283, 0.596944

1.583326, -0.269326
0.802235, 0.597008

1.583495, -0.269352
0.802188, 0.597072

1.583663, -0.269379
0.802140, 0.597136

1.583831, -0.269405
0.802092, 0.597200

1.584000, -0.269432
0.802045, 0.597264

1.584168, -0.269458
0.801997, 0.597328

1.584337, -0.269485
0.801949, 0.597392

1.584505, -0.269511
0.801902, 0.597456

1.584673, -0.269538
0.801854, 0.597520

1.584842, -0.269565
0.801806, 0.597584

1.585010, -0.269591
0.801758, 0.597648

1.585178, -0.269618
0.801711, 0.597712

1.585347, -0.269644
0.801663, 0.597776

1.585515, -0.269671
0.801615, 0.597840

1.585683, -0.269697
0.801567, 0.597904

1.585852, -0.269724
0.801520, 0.597968

1.586020, -0.269751
0.801472, 0.598032

1.586188, -0.269777
0.801424, 0.598096

1.586357, -0.269804
0.801376, 0.598160

1.586525, -0.269830
0.801329, 0.598224

1.586693, -0.269857
0.801281, 0.598288

1.586862, -0.269883
0.801233, 0.598352

1.587030, -0.269910
0.801185, 0.598416

1.587198, -0.269936
0.801138, 0.598480

1.587367, -0.269963
0.801090, 0.598544

1.587535, -0.269990
0.801042, 0.598608

1.587703, -0.270016
0.800994, 0.598672

1.587872, -0.270043
0.800946, 0.598736

1.588040, -0.270069
0.800899, 0.598800

1.588208, -0.270096
0.800851, 0.598864

1.588377, -0.270122
0.800803, 0.598928

1.588545, -0.270149
0.800755, 0.598992

1.588713, -0.270176
0.800707, 0.599056

1.588882, -0.270202
0.800659, 0.599120

1.589050, -0.270229
0.800612, 0.599184

1.589218, -0.270255
0.800564, 0.599248

1.589387, -0.270282
0.800516, 0.599312

1.589555, -0.270308
0.800468, 0.599375

1.589723, -0.270335
0.800420, 0.599439

1.589892, -0.270361
0.800372, 0.599503

1.590060, -0.270388
0.800324, 0.599567

1.590228, -0.270415
0.800277, 0.599631

1.590397, -0.270441
0.800229, 0.599695

1.590565, -0.270468
0.800181, 0.599759

1.590733, -0.270494
0.800133, 0.599823

1.590901, -0.270521
0.800085, 0.599887

1.591070, -0.270547
0.800037, 0.599951

1.591238, -0.270574
0.799989, 0.600014

1.591406, -0.270600
0.799941, 0.600078

1.591575, -0.270627
0.799893, 0.600142

1.591743, -0.270653
0.799845, 0.600206

1.591911, -0.270680
0.799797, 0.600270

1.592079, -0.270707
0.799750, 0.600334

1.592248, -0.270733
0.799702, 0.600398

1.592416, -0.270760
0.799654, 0.600462

1.592584, -0.270786
0.799606, 0.600525

1.592753, -0.270813
0.799558, 0.600589

1.592921, -0.270839
0.799510, 0.600653

1.593089, -0.270866
0.799462, 0.600717

1.593257, -0.270892
0.799414, 0.600781

1.593426, -0.270919
0.799366, 0.600845

1.593594, -0.270946
0.799318, 0.600908

1.593762, -0.270972
0.799270, 0.600972

1.593931, -0.270999
0.799222, 0.601036

1.594099, -0.271025
0.799174, 0.601100

1.594267, -0.271052
0.799126, 0.601164

1.594435, -0.271078
0.799078, 0.601228

1.594604, -0.271105
0.799030, 0.601291

1.594772, -0.271131
0.798982, 0.601355

1.594940, -0.271158
0.798934, 0.601419

1.595108, -0.271184
0.798886, 0.601483

1.595277, -0.271211
0.798838, 0.601546

1.595445, -0.271238
0.798790, 0.601610

1.595613, -0.271264
0.798742, 0.601674

1.595781, -0.271291
0.798694, 0.601738

1.595950, -0.271317
0.798646, 0.601802

1.596118, -0.271344
0.798598, 0.601865

1.596286, -0.271370
0.798549, 0.601929

1.596454, -0.271397
0.798501, 0.601993

1.596623, -0.271423
0.798453, 0.602057

1.596791, -0.271450
0.798405, 0.602120

1.596959, -0.271476
0.798357, 0.602184

1.597127, -0.271503
0.798309, 0.602248

1.597296, -0.271530
0.798261, 0.602312

1.597464, -0.271556
0.798213, 0.602375

1.597632, -0.271583
0.798165, 0.602439

1.597800, -0.271609
0.798117, 0.602503

1.597968, -0.271636
0.798069, 0.602567

1.598137, -0.271662
0.798020, 0.602630

1.598305, -0.271689
0.797972, 0.602694

1.598473, -0.271715
0.797924, 0.602758

1.598641, -0.271742
0.797876, 0.602821

1.598810, -0.271768
0.797828, 0.602885

1.598978, -0.271795
0.797780, 0.602949

1.599146, -0.271821
0.797732, 0.603013

1.599314, -0.271848
0.797684, 0.603076

1.599482, -0.271875
0.797635, 0.603140

1.599651, -0.271901
0.797587, 0.603204

1.599819, -0.271928
0.797539, 0.603267

1.599987, -0.271954
0.797491, 0.603331

1.600155, -0.271981
0.797443, 0.603395

1.600323, -0.272007
0.797394, 0.603458

1.600492, -0.272034
0.797346, 0.603522

1.600660, -0.272060
0.797298, 0.603586

1.600828, -0.272087
0.797250, 0.603649

1.600996, -0.272113
0.797202, 0.603713

1.601164, -0.272140
0.797153, 0.603777

1.601333, -0.272166
0.797105, 0.603840

1.601501, -0.272193
0.797057, 0.603904

1.601669, -0.272220
0.797009, 0.603968

1.601837, -0.272246
0.796961, 0.604031

1.602005, -0.272273
0.796912, 0.604095

1.602174, -0.272299
0.796864, 0.604159

1.602342, -0.272326
0.796816, 0.604222

1.602510, -0.272352
0.796768, 0.604286

1.602678, -0.272379
0.796719, 0.604349

1.602846, -0.272405
0.796671, 0.604413

1.603015, -0.272432
0.796623, 0.604477

1.603183, -0.272458
0.796575, 0.604540

1.603351, -0.272485
0.796526, 0.604604

1.603519, -0.272511
0.796478, 0.604667

1.603687, -0.272538
0.796430, 0.604731

1.603855, -0.272564
0.796381, 0.604795

1.604024, -0.272591
0.796333, 0.604858

1.604192, -0.272617
0.796285, 0.604922

1.604360, -0.272644
0.796237, 0.604985

1.604528, -0.272671
0.796188, 0.605049

1.604696, -0.272697
0.796140, 0.605113

1.604864, -0.272724
0.796092, 0.605176

1.605033, -0.272750
0.796043, 0.605240

1.605201, -0.272777
0.795995, 0.605303

1.605369, -0.272803
0.795947, 0.605367

1.605537, -0.272830
0.795898, 0.605430

1.605705, -0.272856
0.795850, 0.605494

1.605873, -0.272883
0.795802, 0.605558

1.606041, -0.272909
0.795753, 0.605621

1.606210, -0.272936
0.795705, 0.605685

1.606378, -0.272962
0.795656, 0.605748

1.606546, -0.272989
0.795608, 0.605812

1.606714, -0.273015
0.795560, 0.605875

1.606882, -0.273042
0.795511, 0.605939

1.607050, -0.273068
0.795463, 0.606002

1.607218, -0.273095
0.795415, 0.606066

1.607387, -0.273121
0.795366, 0.606129

1.607555, -0.273148
0.795318, 0.606193

1.607723, -0.273175
0.795269, 0.606256

1.607891, -0.273201
0.795221, 0.606320

1.608059, -0.273228
0.795173, 0.606383

1.608227, -0.273254
0.795124, 0.606447

1.608395, -0.273281
0.795076, 0.606510

1.608563, -0.273307
0.795027, 0.606574

1.608732, -0.273334
0.794979, 0.606637

1.608900, -0.273360
0.794930, 0.606701

1.609068, -0.273387
0.794882, 0.606764

1.609236, -0.273413
0.794833, 0.606828

1.609404, -0.273440
0.794785, 0.606891

1.609572, -0.273466
0.794737, 0.606955

1.609740, -0.273493
0.794688, 0.607018

1.609908, -0.273519
0.794640, 0.607081

1.610077, -0.273546
0.794591, 0.607145

1.610245, -0.273572
0.794543, 0.607208

1.610413, -0.273599
0.794494, 0.607272

1.610581, -0.273625
0.794446, 0.607335

1.610749, -0.273652
0.794397, 0.607399

1.610917, -0.273678
0.794349, 0.607462

1.611085, -0.273705
0.794300, 0.607526

1.611253, -0.273731
0.794252, 0.607589

1.611421, -0.273758
0.794203, 0.607652

1.611589, -0.273784
0.794155, 0.607716

1.611758, -0.273811
0.794106, 0.607779

1.611926, -0.273837
0.794058, 0.607843

1.612094, -0.273864
0.794009, 0.607906

1.612262, -0.273891
0.793960, 0.607969

1.612430, -0.273917
0.793912, 0.608033

1.612598, -0.273944
0.793863, 0.608096

1.612766, -0.273970
0.793815, 0.608160

1.612934, -0.273997
0.793766, 0.608223

1.613102, -0.274023
0.793718, 0.608286

1.613270, -0.274050
0.793669, 0.608350

1.613438, -0.274076
0.793620, 0.608413

1.613606, -0.274103
0.793572, 0.608477

1.613774, -0.274129
0.793523, 0.608540

1.613943, -0.274156
0.793475, 0.608603

1.614111, -0.274182
0.793426, 0.608667

1.614279, -0.274209
0.793377, 0.608730

1.614447, -0.274235
0.793329, 0.608793

1.614615, -0.274262
0.793280, 0.608857

1.614783, -0.274288
0.793232, 0.608920

1.614951, -0.274315
0.793183, 0.608983

1.615119, -0.274341
0.793134, 0.609047

1.615287, -0.274368
0.793086, 0.609110

1.615455, -0.274394
0.793037, 0.609173

1.615623, -0.274421
0.792988, 0.609237

1.615791, -0.274447
0.792940, 0.609300

1.615959, -0.274474
0.792891, 0.609363

1.616127, -0.274500
0.792843, 0.609427

1.616295, -0.274527
0.792794, 0.609490

1.616463, -0.274553
0.792745, 0.609553

1.616631, -0.274580
0.792696, 0.609617

1.616800, -0.274606
0.792648, 0.609680

1.616968, -0.274633
0.792599, 0.609743

1.617136, -0.274659
0.792550, 0.609806

1.617304, -0.274686
0.792502, 0.609870

1.617472, -0.274712
0.792453, 0.609933

1.617640, -0.274739
0.792404, 0.609996

1.617808, -0.274765
0.792356, 0.610059

1.617976, -0.274792
0.792307, 0.610123

1.618144, -0.274818
0.792258, 0.610186

1.618312, -0.274845
0.792209, 0.610249

1.618480, -0.274871
0.792161, 0.610313

1.618648, -0.274898
0.792112, 0.610376

1.618816, -0.274924
0.792063, 0.610439

1.618984, -0.274951
0.792014, 0.610502

1.619152, -0.274977
0.791966, 0.610566

1.619320, -0.275004
0.791917, 0.610629

1.619488, -0.275030
0.791868, 0.610692

1.619656, -0.275057
0.791819, 0.610755

1.619824, -0.275083
0.791771, 0.610818

1.619992, -0.275110
0.791722, 0.610882

1.620160, -0.275136
0.791673, 0.610945

1.620328, -0.275163
0.791624, 0.611008

1.620496, -0.275189
0.791576, 0.611071

1.620664, -0.275216
0.791527, 0.611135

1.620832, -0.275242
0.791478, 0.611198

1.621000, -0.275269
0.791429, 0.611261

1.621168, -0.275295
0.791380, 0.611324

1.621336, -0.275322
0.791332, 0.611387

1.621504, -0.275348
0.791283, 0.611450

1.621672, -0.275375
0.791234, 0.611514

1.621840, -0.275401
0.791185, 0.611577

1.622008, -0.275428
0.791136, 0.611640

1.622176, -0.275454
0.791087, 0.611703

1.622344, -0.275481
0.791039, 0.611766

1.622512, -0.275507
0.790990, 0.611830

1.622680, -0.275534
0.790941, 0.611893

1.622848, -0.275560
0.790892, 0.611956

1.623016, -0.275587
0.790843, 0.612019

1.623184, -0.275613
0.790794, 0.612082

1.623352, -0.275640
0.790745, 0.612145

1.623520, -0.275666
0.790696, 0.612208

1.623688, -0.275693
0.790648, 0.612272

1.623856, -0.275719
0.790599, 0.612335

1.624024, -0.275746
0.790550, 0.612398

1.624192, -0.275772
0.790501, 0.612461

1.624360, -0.275799
0.790452, 0.612524

1.624528, -0.275825
0.790403, 0.612587

1.624696, -0.275852
0.790354, 0.612650

1.624864, -0.275878
0.790305, 0.612713

1.625032, -0.275905
0.790256, 0.612777

1.625200, -0.275931
0.790207, 0.612840

1.625368, -0.275958
0.790158, 0.612903

1.625536, -0.275984
0.790109, 0.612966

1.625703, -0.276011
0.790060, 0.613029

1.625871, -0.276037
0.790012, 0.613092

1.626039, -0.276064
0.789963, 0.613155

1.626207, -0.276090
0.789914, 0.613218

1.626375, -0.276117
0.789865, 0.613281

1.626543, -0.276143
0.789816, 0.613344

1.626711, -0.276170
0.789767, 0.613407

1.626879, -0.276196
0.789718, 0.613470

1.627047, -0.276223
0.789669, 0.613533

1.627215, -0.276249
0.789620, 0.613597

1.627383, -0.276276
0.789571, 0.613660

1.627551, -0.276302
0.789522, 0.613723

1.627719, -0.276329
0.789473, 0.613786

1.627887, -0.276355
0.789424, 0.613849

1.628055, -0.276382
0.789375, 0.613912

1.628223, -0.276408
0.789326, 0.613975

1.628391, -0.276435
0.789277, 0.614038

1.628558, -0.276461
0.789228, 0.614101

1.628726, -0.276487
0.789179, 0.614164

1.628894, -0.276514
0.789130, 0.614227

1.629062, -0.276540
0.789080, 0.614290

1.629230, -0.276567
0.789031, 0.614353

1.629398, -0.276593
0.788982, 0.614416

1.629566, -0.276620
0.788933, 0.614479

1.629734, -0.276646
0.788884, 0.614542

1.629902, -0.276673
0.788835, 0.614605

1.630070, -0.276699
0.788786, 0.614668

1.630238, -0.276726
0.788737, 0.614731

1.630406, -0.276752
0.788688, 0.614794

1.630574, -0.276779
0.788639, 0.614857

1.630741, -0.276805
0.788590, 0.614920

1.630909, -0.276832
0.788541, 0.614983

1.631077, -0.276858
0.788491, 0.615046

1.631245, -0.276885
0.788442, 0.615109

1.631413, -0.276911
0.788393, 0.615172

1.631581, -0.276938
0.788344, 0.615235

1.631749, -0.276964
0.788295, 0.615297

1.631917, -0.276991
0.788246, 0.615360

1.632085, -0.277017
0.788197, 0.615423

1.632253, -0.277044
0.788148, 0.615486

1.632420, -0.277070
0.788098, 0.615549

1.632588, -0.277097
0.788049, 0.615612

1.632756, -0.277123
0.788000, 0.615675

1.632924, -0.277150
0.787951, 0.615738

1.633092, -0.277176
0.787902, 0.615801

1.633260, -0.277202
0.787853, 0.615864

1.633428, -0.277229
0.787803, 0.615927

1.633596, -0.277255
0.787754, 0.615990

1.633764, -0.277282
0.787705, 0.616053

1.633931, -0.277308
0.787656, 0.616115

1.634099, -0.277335
0.787607, 0.616178

1.634267, -0.277361
0.787557, 0.616241

1.634435, -0.277388
0.787508, 0.616304

1.634603, -0.277414
0.787459, 0.616367

1.634771, -0.277441
0.787410, 0.616430

1.634939, -0.277467
0.787361, 0.616493

1.635107, -0.277494
0.787311, 0.616556

1.635274, -0.277520
0.787262, 0.616618

1.635442, -0.277547
0.787213, 0.616681

1.635610, -0.277573
0.787164, 0.616744

1.635778, -0.277600
0.787114, 0.616807

1.635946, -0.277626
0.787065, 0.616870

1.636114, -0.277653
0.787016, 0.616933

1.636282, -0.277679
0.786967, 0.616996

1.636449, -0.277705
0.786917, 0.617058

1.636617, -0.277732
0.786868, 0.617121

1.636785, -0.277758
0.786819, 0.617184

1.636953, -0.277785
0.786769, 0.617247

1.637121, -0.277811
0.786720, 0.617310

1.637289, -0.277838
0.786671, 0.617373

1.637456, -0.277864
0.786622, 0.617435

1.637624, -0.277891
0.786572, 0.617498

1.637792, -0.277917
0.786523, 0.617561

1.637960, -0.277944
0.786474, 0.617624

1.638128, -0.277970
0.786424, 0.617687

1.638296, -0.277997
0.786375, 0.617749

1.638464, -0.278023
0.786326, 0.617812

1.638631, -0.278050
0.786276, 0.617875

1.638799, -0.278076
0.786227, 0.617938

1.638967, -0.278103
0.786178, 0.618001

1.639135, -0.278129
0.786128, 0.618063

1.639303, -0.278155
0.786079, 0.618126

1.639470, -0.278182
0.786030, 0.618189

1.639638, -0.278208
0.785980, 0.618252

1.639806, -0.278235
0.785931, 0.618314

1.639974, -0.278261
0.785881, 0.618377

1.640142, -0.278288
0.785832, 0.618440

1.640310, -0.278314
0.785783, 0.618503

1.640477, -0.278341
0.785733, 0.618565

1.640645, -0.278367
0.785684, 0.618628

1.640813, -0.278394
0.785635, 0.618691

1.640981, -0.278420
0.785585, 0.618754

1.641149, -0.278447
0.785536, 0.618816

1.641316, -0.278473
0.785486, 0.618879

1.641484, -0.278499
0.785437, 0.618942

1.641652, -0.278526
0.785387, 0.619004

1.641820, -0.278552
0.785338, 0.619067

1.641988, -0.278579
0.785289, 0.619130

1.642155, -0.278605
0.785239, 0.619193

1.642323, -0.278632
0.785190, 0.619255

1.642491, -0.278658
0.785140, 0.619318

1.642659, -0.278685
0.785091, 0.619381

1.642827, -0.278711
0.785041, 0.619443

1.642994, -0.278738
0.784992, 0.619506

1.643162, -0.278764
0.784942, 0.619569

1.643330, -0.278791
0.784893, 0.619631

1.643498, -0.278817
0.784843, 0.619694

1.643666, -0.278843
0.784794, 0.619757

1.643833, -0.278870
0.784744, 0.619819

1.644001, -0.278896
0.784695, 0.619882

1.644169, -0.278923
0.784645, 0.619945

1.644337, -0.278949
0.784596, 0.620007

1.644505, -0.278976
0.784546, 0.620070

1.644672, -0.279002
0.784497, 0.620133

1.644840, -0.279029
0.784447, 0.620195

1.645008, -0.279055
0.784398, 0.620258

1.645176, -0.279082
0.784348, 0.620321

1.645343, -0.279108
0.784299, 0.620383

1.645511, -0.279135
0.784249, 0.620446

1.645679, -0.279161
0.784200, 0.620508

1.645847, -0.279187
0.784150, 0.620571

1.646014, -0.279214
0.784101, 0.620634

1.646182, -0.279240
0.784051, 0.620696

1.646350, -0.279267
0.784002, 0.620759

1.646518, -0.279293
0.783952, 0.620822

1.646686, -0.279320
0.783902, 0.620884

1.646853, -0.279346
0.783853, 0.620947

1.647021, -0.279373
0.783803, 0.621009

1.647189, -0.279399
0.783754, 0.621072

1.647357, -0.279426
0.783704, 0.621134

1.647524, -0.279452
0.783654, 0.621197

1.647692, -0.279478
0.783605, 0.621260

1.647860, -0.279505
0.783555, 0.621322

1.648028, -0.279531
0.783506, 0.621385

1.648195, -0.279558
0.783456, 0.621447

1.648363, -0.279584
0.783406, 0.621510

1.648531, -0.279611
0.783357, 0.621572

1.648698, -0.279637
0.783307, 0.621635

1.648866, -0.279664
0.783257, 0.621698

1.649034, -0.279690
0.783208, 0.621760

1.649202, -0.279716
0.783158, 0.621823

1.649369, -0.279743
0.783108, 0.621885

1.649537, -0.279769
0.783059, 0.621948

1.649705, -0.279796
0.783009, 0.622010

1.649873, -0.279822
0.782959, 0.622073

1.650040, -0.279849
0.782910, 0.622135

1.650208, -0.279875
0.782860, 0.622198

1.650376, -0.279902
0.782810, 0.622260

1.650544, -0.279928
0.782761, 0.622323

1.650711, -0.279955
0.782711, 0.622385

1.650879, -0.279981
0.782661, 0.622448

1.651047, -0.280007
0.782612, 0.622510

1.651214, -0.280034
0.782562, 0.622573

1.651382, -0.280060
0.782512, 0.622635

1.651550, -0.280087
0.782462, 0.622698

1.651718, -0.280113
0.782413, 0.622760

1.651885, -0.280140
0.782363, 0.622823

1.652053, -0.280166
0.782313, 0.622885

1.652221, -0.280193
0.782264, 0.622948

1.652388, -0.280219
0.782214, 0.623010

1.652556, -0.280245
0.782164, 0.623073

1.652724, -0.280272
0.782114, 0.623135

1.652891, -0.280298
0.782065, 0.623197

1.653059, -0.280325
0.782015, 0.623260

1.653227, -0.280351
0.781965, 0.623322

1.653395, -0.280378
0.781915, 0.623385

1.653562, -0.280404
0.781865, 0.623447

1.653730, -0.280431
0.781816, 0.623510

1.653898, -0.280457
0.781766, 0.623572

1.654065, -0.280483
0.781716, 0.623634

1.654233, -0.280510
0.781666, 0.623697

1.654401, -0.280536
0.781616, 0.623759

1.654568, -0.280563
0.781567, 0.623822

1.654736, -0.280589
0.781517, 0.623884

1.654904, -0.280616
0.781467, 0.623947

1.655071, -0.280642
0.781417, 0.624009

1.655239, -0.280668
0.781367, 0.624071

1.655407, -0.280695
0.781318, 0.624134

1.655574, -0.280721
0.781268, 0.624196

1.655742, -0.280748
0.781218, 0.624258

1.655910, -0.280774
0.781168, 0.624321

1.656077, -0.280801
0.781118, 0.624383

1.656245, -0.280827
0.781068, 0.624446

1.656413, -0.280854
0.781018, 0.624508

1.656580, -0.280880
0.780969, 0.624570

1.656748, -0.280906
0.780919, 0.624633

1.656916, -0.280933
0.780869, 0.624695

1.657083, -0.280959
0.780819, 0.624757

1.657251, -0.280986
0.780769, 0.624820

1.657419, -0.281012
0.780719, 0.624882

1.657586, -0.281039
0.780669, 0.624944

1.657754, -0.281065
0.780619, 0.625007

1.657922, -0.281091
0.780569, 0.625069

1.658089, -0.281118
0.780520, 0.625131

1.658257, -0.281144
0.780470, 0.625194

1.658425, -0.281171
0.780420, 0.625256

1.658592, -0.281197
0.780370, 0.625318

1.658760, -0.281224
0.780320, 0.625381

1.658928, -0.281250
0.780270, 0.625443

1.659095, -0.281277
0.780220, 0.625505

1.659263, -0.281303
0.780170, 0.625568

1.659431, -0.281329
0.780120, 0.625630

1.659598, -0.281356
0.780070, 0.625692

1.659766, -0.281382
0.780020, 0.625754

1.659933, -0.281409
0.779970, 0.625817

1.660101, -0.281435
0.779920, 0.625879

1.660269, -0.281462
0.779870, 0.625941

1.660436, -0.281488
0.779820, 0.626004

1.660604, -0.281514
0.779770, 0.626066

1.660772, -0.281541
0.779720, 0.626128

1.660939, -0.281567
0.779670, 0.626190

1.661107, -0.281594
0.779620, 0.626253

1.661274, -0.281620
0.779570, 0.626315

1.661442, -0.281647
0.779520, 0.626377

1.661610, -0.281673
0.779470, 0.626439

1.661777, -0.281699
0.779420, 0.626502

1.661945, -0.281726
0.779370, 0.626564

1.662113, -0.281752
0.779320, 0.626626

1.662280, -0.281779
0.779270, 0.626688

1.662448, -0.281805
0.779220, 0.626751

1.662615, -0.281832
0.779170, 0.626813

1.662783, -0.281858
0.779120, 0.626875

1.662951, -0.281884
0.779070, 0.626937

1.663118, -0.281911
0.779020, 0.626999

1.663286, -0.281937
0.778970, 0.627062

1.663453, -0.281964
0.778920, 0.627124

1.663621, -0.281990
0.778870, 0.627186

1.663789, -0.282017
0.778819, 0.627248

1.663956, -0.282043
0.778769, 0.627310

1.664124, -0.282069
0.778719, 0.627373

1.664291, -0.282096
0.778669, 0.627435

1.664459, -0.282122
0.778619, 0.627497

1.664627, -0.282149
0.778569, 0.627559

1.664794, -0.282175
0.778519, 0.627621

1.664962, -0.282201
0.778469, 0.627683

1.665129, -0.282228
0.778419, 0.627746

1.665297, -0.282254
0.778368, 0.627808

1.665465, -0.282281
0.778318, 0.627870

1.665632, -0.282307
0.778268, 0.627932

1.665800, -0.282334
0.778218, 0.627994

1.665967, -0.282360
0.778168, 0.628056

1.666135, -0.282386
0.778118, 0.628118

1.666302, -0.282413
0.778068, 0.628181

1.666470, -0.282439
0.778017, 0.628243

1.666638, -0.282466
0.777967, 0.628305

1.666805, -0.282492
0.777917, 0.628367

1.666973, -0.282519
0.777867, 0.628429

1.667140, -0.282545
0.777817, 0.628491

1.667308, -0.282571
0.777767, 0.628553

1.667475, -0.282598
0.777716, 0.628615

1.667643, -0.282624
0.777666, 0.628677

1.667811, -0.282651
0.777616, 0.628740

1.667978, -0.282677
0.777566, 0.628802

1.668146, -0.282703
0.777516, 0.628864

1.668313, -0.282730
0.777465, 0.628926

1.668481, -0.282756
0.777415, 0.628988

1.668648, -0.282783
0.777365, 0.629050

1.668816, -0.282809
0.777315, 0.629112

1.668983, -0.282836
0.777264, 0.629174

1.669151, -0.282862
0.777214, 0.629236

1.669319, -0.282888
0.777164, 0.629298

1.669486, -0.282915
0.777114, 0.629360

1.669654, -0.282941
0.777063, 0.629422

1.669821, -0.282968
0.777013, 0.629484

1.669989, -0.282994
0.776963, 0.629546

1.670156, -0.283020
0.776913, 0.629608

1.670324, -0.283047
0.776862, 0.629671

1.670491, -0.283073
0.776812, 0.629733

1.670659, -0.283100
0.776762, 0.629795

1.670826, -0.283126
0.776711, 0.629857

1.670994, -0.283153
0.776661, 0.629919

1.671161, -0.283179
0.776611, 0.629981

1.671329, -0.283205
0.776561, 0.630043

1.671496, -0.283232
0.776510, 0.630105

1.671664, -0.283258
0.776460, 0.630167

1.671832, -0.283285
0.776410, 0.630229

1.671999, -0.283311
0.776359, 0.630291

1.672167, -0.283337
0.776309, 0.630353

1.672334, -0.283364
0.776259, 0.630415

1.672502, -0.283390
0.776208, 0.630477

1.672669, -0.283417
0.776158, 0.630539

1.672837, -0.283443
0.776108, 0.630601

1.673004, -0.283469
0.776057, 0.630663

1.673172, -0.283496
0.776007, 0.630725

1.673339, -0.283522
0.775956, 0.630786

1.673507, -0.283549
0.775906, 0.630848

1.673674, -0.283575
0.775856, 0.630910

1.673842, -0.283602
0.775805, 0.630972

1.674009, -0.283628
0.775755, 0.631034

1.674177, -0.283654
0.775705, 0.631096

1.674344, -0.283681
0.775654, 0.631158

1.674512, -0.283707
0.775604, 0.631220

1.674679, -0.283734
0.775553, 0.631282

1.674847, -0.283760
0.775503, 0.631344

1.675014, -0.283786
0.775453, 0.631406

1.675182, -0.283813
0.775402, 0.631468

1.675349, -0.283839
0.775352, 0.631530

1.675517, -0.283866
0.775301, 0.631592

1.675684, -0.283892
0.775251, 0.631654

1.675852, -0.283918
0.775200, 0.631715

1.676019, -0.283945
0.775150, 0.631777

1.676187, -0.283971
0.775099, 0.631839

1.676354, -0.283998
0.775049, 0.631901

1.676522, -0.284024
0.774999, 0.631963

1.676689, -0.284050
0.774948, 0.632025

1.676857, -0.284077
0.774898, 0.632087

1.677024, -0.284103
0.774847, 0.632149

1.677192, -0.284130
0.774797, 0.632211

1.677359, -0.284156
0.774746, 0.632272

1.677526, -0.284182
0.774696, 0.632334

1.677694, -0.284209
0.774645, 0.632396

1.677861, -0.284235
0.774595, 0.632458

1.678029, -0.284262
0.774544, 0.632520

1.678196, -0.284288
0.774494, 0.632582

1.678364, -0.284314
0.774443, 0.632643

1.678531, -0.284341
0.774393, 0.632705

1.678699, -0.284367
0.774342, 0.632767

1.678866, -0.284394
0.774292, 0.632829

1.679034, -0.284420
0.774241, 0.632891

1.679201, -0.284446
0.774191, 0.632953

1.679369, -0.284473
0.774140, 0.633014

1.679536, -0.284499
0.774089, 0.633076

1.679704, -0.284526
0.774039, 0.633138

1.679871, -0.284552
0.773988, 0.633200

1.680038, -0.284578
0.773938, 0.633262

1.680206, -0.284605
0.773887, 0.633323

1.680373, -0.284631
0.773837, 0.633385

1.680541, -0.284658
0.773786, 0.633447

1.680708, -0.284684
0.773735, 0.633509

1.680876, -0.284710
0.773685, 0.633571

1.681043, -0.284737
0.773634, 0.633632

1.681211, -0.284763
0.773584, 0.633694

1.681378, -0.284790
0.773533, 0.633756

1.681545, -0.284816
0.773482, 0.633818

1.681713, -0.284842
0.773432, 0.633879

1.681880, -0.284869
0.773381, 0.633941

1.682048, -0.284895
0.773331, 0.634003

1.682215, -0.284922
0.773280, 0.634065

1.682383, -0.284948
0.773229, 0.634126

1.682550, -0.284974
0.773179, 0.634188

1.682717, -0.285001
0.773128, 0.634250

1.682885, -0.285027
0.773077, 0.634312

1.683052, -0.285054
0.773027, 0.634373

1.683220, -0.285080
0.772976, 0.634435

1.683387, -0.285106
0.772925, 0.634497

1.683555, -0.285133
0.772875, 0.634559

1.683722, -0.285159
0.772824, 0.634620

1.683889, -0.285185
0.772773, 0.634682

1.684057, -0.285212
0.772723, 0.634744

1.684224, -0.285238
0.772672, 0.634805

1.684392, -0.285265
0.772621, 0.634867

1.684559, -0.285291
0.772571, 0.634929

1.684726, -0.285317
0.772520, 0.634990

1.684894, -0.285344
0.772469, 0.635052

1.685061, -0.285370
0.772419, 0.635114

1.685229, -0.285397
0.772368, 0.635176

1.685396, -0.285423
0.772317, 0.635237

1.685563, -0.285449
0.772266, 0.635299

1.685731, -0.285476
0.772216, 0.635361

1.685898, -0.285502
0.772165, 0.635422

1.686066, -0.285529
0.772114, 0.635484

1.686233, -0.285555
0.772063, 0.635546

1.686400, -0.285581
0.772013, 0.635607

1.686568, -0.285608
0.771962, 0.635669

1.686735, -0.285634
0.771911, 0.635730

1.686903, -0.285660
0.771860, 0.635792

1.687070, -0.285687
0.771810, 0.635854

1.687237, -0.285713
0.771759, 0.635915

1.687405, -0.285740
0.771708, 0.635977

1.687572, -0.285766
0.771657, 0.636039

1.687740, -0.285792
0.771606, 0.636100

1.687907, -0.285819
0.771556, 0.636162

1.688074, -0.285845
0.771505, 0.636223

1.688242, -0.285872
0.771454, 0.636285

1.688409, -0.285898
0.771403, 0.636347

1.688576, -0.285924
0.771352, 0.636408

1.688744, -0.285951
0.771302, 0.636470

1.688911, -0.285977
0.771251, 0.636531

1.689079, -0.286003
0.771200, 0.636593

1.689246, -0.286030
0.771149, 0.636655

1.689413, -0.286056
0.771098, 0.636716

1.689581, -0.286083
0.771047, 0.636778

1.689748, -0.286109
0.770997, 0.636839

1.689915, -0.286135
0.770946, 0.636901

1.690083, -0.286162
0.770895, 0.636962

1.690250, -0.286188
0.770844, 0.637024

1.690417, -0.286215
0.770793, 0.637085

1.690585, -0.286241
0.770742, 0.637147

1.690752, -0.286267
0.770691, 0.637209

1.690920, -0.286294
0.770641, 0.637270

1.691087, -0.286320
0.770590, 0.637332

1.691254, -0.286346
0.770539, 0.637393

1.691422, -0.286373
0.770488, 0.637455

1.691589, -0.286399
0.770437, 0.637516

1.691756, -0.286426
0.770386, 0.637578

1.691924, -0.286452
0.770335, 0.637639

1.692091, -0.286478
0.770284, 0.637701

1.692258, -0.286505
0.770233, 0.637762

1.692426, -0.286531
0.770182, 0.637824

1.692593, -0.286557
0.770131, 0.637885

1.692760, -0.286584
0.770080, 0.637947

1.692928, -0.286610
0.770030, 0.638008

1.693095, -0.286637
0.769979, 0.638070

1.693262, -0.286663
0.769928, 0.638131

1.693430, -0.286689
0.769877, 0.638193

1.693597, -0.286716
0.769826, 0.638254

1.693764, -0.286742
0.769775, 0.638316

1.693932, -0.286768
0.769724, 0.638377

1.694099, -0.286795
0.769673, 0.638439

1.694266, -0.286821
0.769622, 0.638500

1.694434, -0.286848
0.769571, 0.638561

1.694601, -0.286874
0.769520, 0.638623

1.694768, -0.286900
0.769469, 0.638684

1.694936, -0.286927
0.769418, 0.638746

1.695103, -0.286953
0.769367, 0.638807

1.695270, -0.286979
0.769316, 0.638869

1.695437, -0.287006
0.769265, 0.638930

1.695605, -0.287032
0.769214, 0.638992

1.695772, -0.287059
0.769163, 0.639053

1.695939, -0.287085
0.769112, 0.639114

1.696107, -0.287111
0.769061, 0.639176

1.696274, -0.287138
0.769010, 0.639237

1.696441, -0.287164
0.768959, 0.639299

1.696609, -0.287190
0.768908, 0.639360

1.696776, -0.287217
0.768856, 0.639421

1.696943, -0.287243
0.768805, 0.639483

1.697111, -0.287270
0.768754, 0.639544

1.697278, -0.287296
0.768703, 0.639606

1.697445, -0.287322
0.768652, 0.639667

1.697612, -0.287349
0.768601, 0.639728

1.697780, -0.287375
0.768550, 0.639790

1.697947, -0.287401
0.768499, 0.639851

1.698114, -0.287428
0.768448, 0.639912

1.698282, -0.287454
0.768397, 0.639974

1.698449, -0.287481
0.768346, 0.640035

1.698616, -0.287507
0.768295, 0.640096

1.698783, -0.287533
0.768243, 0.640158

1.698951, -0.287560
0.768192, 0.640219

1.699118, -0.287586
0.768141, 0.640281

1.699285, -0.287612
0.768090, 0.640342

1.699453, -0.287639
0.768039, 0.640403

1.699620, -0.287665
0.767988, 0.640465

1.699787, -0.287691
0.767937, 0.640526

1.699954, -0.287718
0.767885, 0.640587

1.700122, -0.287744
0.767834, 0.640648

1.700289, -0.287771
0.767783, 0.640710

1.700456, -0.287797
0.767732, 0.640771

1.700623, -0.287823
0.767681, 0.640832

1.700791, -0.287850
0.767630, 0.640894

1.700958, -0.287876
0.767578, 0.640955

1.701125, -0.287902
0.767527, 0.641016

1.701293, -0.287929
0.767476, 0.641078

1.701460, -0.287955
0.767425, 0.641139

1.701627, -0.287981
0.767374, 0.641200

1.701794, -0.288008
0.767323, 0.641261

1.701962, -0.288034
0.767271, 0.641323

1.702129, -0.288061
0.767220, 0.641384

1.702296, -0.288087
0.767169, 0.641445

1.702463, -0.288113
0.767118, 0.641506

1.702631, -0.288140
0.767066, 0.641568

1.702798, -0.288166
0.767015, 0.641629

1.702965, -0.288192
0.766964, 0.641690

1.703132, -0.288219
0.766913, 0.641751

1.703300, -0.288245
0.766861, 0.641813

1.703467, -0.288271
0.766810, 0.641874

1.703634, -0.288298
0.766759, 0.641935

1.703801, -0.288324
0.766708, 0.641996

1.703968, -0.288351
0.766656, 0.642058

1.704136, -0.288377
0.766605, 0.642119

1.704303, -0.288403
0.766554, 0.642180

1.704470, -0.288430
0.766503, 0.642241

1.704637, -0.288456
0.766451, 0.642302

1.704805, -0.288482
0.766400, 0.642364

1.704972, -0.288509
0.766349, 0.642425

1.705139, -0.288535
0.766297, 0.642486

1.705306, -0.288561
0.766246, 0.642547

1.705474, -0.288588
0.766195, 0.642608

1.705641, -0.288614
0.766143, 0.642670

1.705808, -0.288640
0.766092, 0.642731

1.705975, -0.288667
0.766041, 0.642792

1.706142, -0.288693
0.765990, 0.642853

1.706310, -0.288720
0.765938, 0.642914

1.706477, -0.288746
0.765887, 0.642975

1.706644, -0.288772
0.765835, 0.643037

1.706811, -0.288799
0.765784, 0.643098

1.706979, -0.288825
0.765733, 0.643159

1.707146, -0.288851
0.765681, 0.643220

1.707313, -0.288878
0.765630, 0.643281

1.707480, -0.288904
0.765579, 0.643342

1.707647, -0.288930
0.765527, 0.643403

1.707815, -0.288957
0.765476, 0.643465

1.707982, -0.288983
0.765425, 0.643526

1.708149, -0.289009
0.765373, 0.643587

1.708316, -0.289036
0.765322, 0.643648

1.708483, -0.289062
0.765270, 0.643709

1.708651, -0.289088
0.765219, 0.643770

1.708818, -0.289115
0.765168, 0.643831

1.708985, -0.289141
0.765116, 0.643892

1.709152, -0.289168
0.765065, 0.643953

1.709319, -0.289194
0.765013, 0.644014

1.709487, -0.289220
0.764962, 0.644076

1.709654, -0.289247
0.764910, 0.644137

1.709821, -0.289273
0.764859, 0.644198

1.709988, -0.289299
0.764808, 0.644259

1.710155, -0.289326
0.764756, 0.644320

1.710322, -0.289352
0.764705, 0.644381

1.710490, -0.289378
0.764653, 0.644442

1.710657, -0.289405
0.764602, 0.644503

1.710824, -0.289431
0.764550, 0.644564

1.710991, -0.289457
0.764499, 0.644625

1.711158, -0.289484
0.764447, 0.644686

1.711325, -0.289510
0.764396, 0.644747

1.711493, -0.289536
0.764344, 0.644808

1.711660, -0.289563
0.764293, 0.644869

1.711827, -0.289589
0.764241, 0.644930

1.711994, -0.289615
0.764190, 0.644991

1.712161, -0.289642
0.764138, 0.645052

1.712329, -0.289668
0.764087, 0.645113

1.712496, -0.289694
0.764035, 0.645174

1.712663, -0.289721
0.763984, 0.645235

1.712830, -0.289747
0.763932, 0.645296

1.712997, -0.289774
0.763881, 0.645357

1.713164, -0.289800
0.763829, 0.645418

1.713331, -0.289826
0.763778, 0.645479

1.713499, -0.289853
0.763726, 0.645540

1.713666, -0.289879
0.763675, 0.645601

1.713833, -0.289905
0.763623, 0.645662

1.714000, -0.289932
0.763572, 0.645723

1.714167, -0.289958
0.763520, 0.645784

1.714334, -0.289984
0.763468, 0.645845

1.714502, -0.290011
0.763417, 0.645906

1.714669, -0.290037
0.763365, 0.645967

1.714836, -0.290063
0.763314, 0.646028

1.715003, -0.290090
0.763262, 0.646089

1.715170, -0.290116
0.763210, 0.646150

1.715337, -0.290142
0.763159, 0.646211

1.715504, -0.290169
0.763107, 0.646272

1.715671, -0.290195
0.763056, 0.646333

1.715839, -0.290221
0.763004, 0.646394

1.716006, -0.290248
0.762952, 0.646455

1.716173, -0.290274
0.762901, 0.646516

1.716340, -0.290300
0.762849, 0.646576

1.716507, -0.290327
0.762798, 0.646637

1.716674, -0.290353
0.762746, 0.646698

1.716841, -0.290379
0.762694, 0.646759

1.717009, -0.290406
0.762643, 0.646820

1.717176, -0.290432
0.762591, 0.646881

1.717343, -0.290458
0.762539, 0.646942

1.717510, -0.290485
0.762488, 0.647003

1.717677, -0.290511
0.762436, 0.647064

1.717844, -0.290537
0.762384, 0.647125

1.718011, -0.290564
0.762333, 0.647185

1.718178, -0.290590
0.762281, 0.647246

1.718345, -0.290616
0.762229, 0.647307

1.718513, -0.290643
0.762178, 0.647368

1.718680, -0.290669
0.762126, 0.647429

1.718847, -0.290695
0.762074, 0.647490

1.719014, -0.290722
0.762022, 0.647551

1.719181, -0.290748
0.761971, 0.647611

1.719348, -0.290774
0.761919, 0.647672

1.719515, -0.290801
0.761867, 0.647733

1.719682, -0.290827
0.761816, 0.647794

1.719849, -0.290853
0.761764, 0.647855

1.720017, -0.290880
0.761712, 0.647916

1.720184, -0.290906
0.761660, 0.647976

1.720351, -0.290932
0.761609, 0.648037

1.720518, -0.290959
0.761557, 0.648098

1.720685, -0.290985
0.761505, 0.648159

1.720852, -0.291011
0.761453, 0.648220

1.721019, -0.291038
0.761402, 0.648280

1.721186, -0.291064
0.761350, 0.648341

1.721353, -0.291090
0.761298, 0.648402

1.721520, -0.291117
0.761246, 0.648463

1.721687, -0.291143
0.761195, 0.648524

1.721854, -0.291169
0.761143, 0.648584

1.722022, -0.291196
0.761091, 0.648645

1.722189, -0.291222
0.761039, 0.648706

1.722356, -0.291248
0.760987, 0.648767

1.722523, -0.291275
0.760936, 0.648827

1.722690, -0.291301
0.760884, 0.648888

1.722857, -0.291327
0.760832, 0.648949

1.723024, -0.291354
0.760780, 0.649010

1.723191, -0.291380
0.760728, 0.649071

1.723358, -0.291406
0.760676, 0.649131

1.723525, -0.291433
0.760625, 0.649192

1.723692, -0.291459
0.760573, 0.649253

1.723859, -0.291485
0.760521, 0.649313

1.724026, -0.291512
0.760469, 0.649374

1.724193, -0.291538
0.760417, 0.649435

1.724361, -0.291564
0.760365, 0.649496

1.724528, -0.291591
0.760313, 0.649556

1.724695, -0.291617
0.760262, 0.649617

1.724862, -0.291643
0.760210, 0.649678

1.725029, -0.291670
0.760158, 0.649738

1.725196, -0.291696
0.760106, 0.649799

1.725363, -0.291722
0.760054, 0.649860

1.725530, -0.291749
0.760002, 0.649921

1.725697, -0.291775
0.759950, 0.649981

1.725864, -0.291801
0.759898, 0.650042

1.726031, -0.291828
0.759846, 0.650103

1.726198, -0.291854
0.759795, 0.650163

1.726365, -0.291880
0.759743, 0.650224

1.726532, -0.291907
0.759691, 0.650285

1.726699, -0.291933
0.759639, 0.650345

1.726866, -0.291959
0.759587, 0.650406

1.727033, -0.291986
0.759535, 0.650467

1.727200, -0.292012
0.759483, 0.650527

1.727367, -0.292038
0.759431, 0.650588

1.727534, -0.292065
0.759379, 0.650648

1.727701, -0.292091
0.759327, 0.650709

1.727868, -0.292117
0.759275, 0.650770

1.728036, -0.292144
0.759223, 0.650830

1.728203, -0.292170
0.759171, 0.650891

1.728370, -0.292196
0.759119, 0.650952

1.728537, -0.292222
0.759067, 0.651012

1.728704, -0.292249
0.759015, 0.651073

1.728871, -0.292275
0.758963, 0.651133

1.729038, -0.292301
0.758911, 0.651194

1.729205, -0.292328
0.758859, 0.651255

1.729372, -0.292354
0.758807, 0.651315

1.729539, -0.292380
0.758755, 0.651376

1.729706, -0.292407
0.758703, 0.651436

1.729873, -0.292433
0.758651, 0.651497

1.730040, -0.292459
0.758599, 0.651558

1.730207, -0.292486
0.758547, 0.651618

1.730374, -0.292512
0.758495, 0.651679

1.730541, -0.292538
0.758443, 0.651739

1.730708, -0.292565
0.758391, 0.651800

1.730875, -0.292591
0.758339, 0.651860

1.731042, -0.292617
0.758287, 0.651921

1.731209, -0.292644
0.758235, 0.651981

1.731376, -0.292670
0.758183, 0.652042

1.731543, -0.292696
0.758131, 0.652103

1.731710, -0.292723
0.758079, 0.652163

1.731877, -0.292749
0.758027, 0.652224

1.732044, -0.292775
0.757975, 0.652284

1.732211, -0.292801
0.757922, 0.652345

1.732378, -0.292828
0.757870, 0.652405

1.732545, -0.292854
0.757818, 0.652466

1.732712, -0.292880
0.757766, 0.652526

1.732879, -0.292907
0.757714, 0.652587

1.733046, -0.292933
0.757662, 0.652647

1.733213, -0.292959
0.757610, 0.652708

1.733380, -0.292986
0.757558, 0.652768

1.733547, -0.293012
0.757506, 0.652829

1.733714, -0.293038
0.757453, 0.652889

1.733881, -0.293065
0.757401, 0.652950

1.734048, -0.293091
0.757349, 0.653010

1.734215, -0.293117
0.757297, 0.653071

1.734382, -0.293144
0.757245, 0.653131

1.734549, -0.293170
0.757193, 0.653192

1.734716, -0.293196
0.757141, 0.653252

1.734882, -0.293222
0.757088, 0.653312

1.735049, -0.293249
0.757036, 0.653373

1.735216, -0.293275
0.756984, 0.653433

1.735383, -0.293301
0.756932, 0.653494

1.735550, -0.293328
0.756880, 0.653554

1.735717, -0.293354
0.756827, 0.653615

1.735884, -0.293380
0.756775, 0.653675

1.736051, -0.293407
0.756723, 0.653736

1.736218, -0.293433
0.756671, 0.653796

1.736385, -0.293459
0.756619, 0.653856

1.736552, -0.293486
0.756566, 0.653917

1.736719, -0.293512
0.756514, 0.653977

1.736886, -0.293538
0.756462, 0.654038

1.737053, -0.293564
0.756410, 0.654098

1.737220, -0.293591
0.756358, 0.654158

1.737387, -0.293617
0.756305, 0.654219

1.737554, -0.293643
0.756253, 0.654279

1.737721, -0.293670
0.756201, 0.654340

1.737888, -0.293696
0.756149, 0.654400

1.738055, -0.293722
0.756096, 0.654460

1.738222, -0.293749
0.756044, 0.654521

1.738389, -0.293775
0.755992, 0.654581

1.738555, -0.293801
0.755940, 0.654641

1.738722, -0.293828
0.755887, 0.654702

1.738889, -0.293854
0.755835, 0.654762

1.739056, -0.293880
0.755783, 0.654823

1.739223, -0.293906
0.755730, 0.654883

1.739390, -0.293933
0.755678, 0.654943

1.739557, -0.293959
0.755626, 0.655004

1.739724, -0.293985
0.755573, 0.655064

1.739891, -0.294012
0.755521, 0.655124

1.740058, -0.294038
0.755469, 0.655185

1.740225, -0.294064
0.755417, 0.655245

1.740392, -0.294091
0.755364, 0.655305

1.740559, -0.294117
0.755312, 0.655366

1.740726, -0.294143
0.755260, 0.655426

1.740893, -0.294169
0.755207, 0.655486

1.741059, -0.294196
0.755155, 0.655546

1.741226, -0.294222
0.755103, 0.655607

1.741393, -0.294248
0.755050, 0.655667

1.741560, -0.294275
0.754998, 0.655727

1.741727, -0.294301
0.754945, 0.655788

1.741894, -0.294327
0.754893, 0.655848

1.742061, -0.294354
0.754841, 0.655908

1.742228, -0.294380
0.754788, 0.655968

1.742395, -0.294406
0.754736, 0.656029

1.742562, -0.294432
0.754684, 0.656089

1.742729, -0.294459
0.754631, 0.656149

1.742895, -0.294485
0.754579, 0.656209

1.743062, -0.294511
0.754526, 0.656270

1.743229, -0.294538
0.754474, 0.656330

1.743396, -0.294564
0.754422, 0.656390

1.743563, -0.294590
0.754369, 0.656450

1.743730, -0.294617
0.754317, 0.656511

1.743897, -0.294643
0.754264, 0.656571

1.744064, -0.294669
0.754212, 0.656631

1.744231, -0.294695
0.754159, 0.656691

1.744397, -0.294722
0.754107, 0.656752

1.744564, -0.294748
0.754055, 0.656812

1.744731, -0.294774
0.754002, 0.656872

1.744898, -0.294801
0.753950, 0.656932

1.745065, -0.294827
0.753897, 0.656992

1.745232, -0.294853
0.753845, 0.657053

1.745399, -0.294880
0.753792, 0.657113

1.745566, -0.294906
0.753740, 0.657173

1.745733, -0.294932
0.753687, 0.657233

1.745899, -0.294958
0.753635, 0.657293

1.746066, -0.294985
0.753582, 0.657354

1.746233, -0.295011
0.753530, 0.657414

1.746400, -0.295037
0.753477, 0.657474

1.746567, -0.295064
0.753425, 0.657534

1.746734, -0.295090
0.753372, 0.657594

1.746901, -0.295116
0.753320, 0.657654

1.747068, -0.295142
0.753267, 0.657715

1.747234, -0.295169
0.753215, 0.657775

1.747401, -0.295195
0.753162, 0.657835

1.747568, -0.295221
0.753110, 0.657895

1.747735, -0.295248
0.753057, 0.657955

1.747902, -0.295274
0.753005, 0.658015

1.748069, -0.295300
0.752952, 0.658075

1.748236, -0.295327
0.752900, 0.658135

1.748402, -0.295353
0.752847, 0.658196

1.748569, -0.295379
0.752794, 0.658256

1.748736, -0.295405
0.752742, 0.658316

1.748903, -0.295432
0.752689, 0.658376

1.749070, -0.295458
0.752637, 0.658436

1.749237, -0.295484
0.752584, 0.658496

1.749404, -0.295511
0.752532, 0.658556

1.749570, -0.295537
0.752479, 0.658616

1.749737, -0.295563
0.752426, 0.658676

1.749904, -0.295589
0.752374, 0.658736

1.750071, -0.295616
0.752321, 0.658797

1.750238, -0.295642
0.752269, 0.658857

1.750405, -0.295668
0.752216, 0.658917

1.750571, -0.295695
0.752163, 0.658977

1.750738, -0.295721
0.752111, 0.659037

1.750905, -0.295747
0.752058, 0.659097

1.751072, -0.295773
0.752005, 0.659157

1.751239, -0.295800
0.751953, 0.659217

1.751406, -0.295826
0.751900, 0.659277

1.751572, -0.295852
0.751848, 0.659337

1.751739, -0.295879
0.751795, 0.659397

1.751906, -0.295905
0.751742, 0.659457

1.752073, -0.295931
0.751690, 0.659517

1.752240, -0.295957
0.751637, 0.659577

1.752407, -0.295984
0.751584, 0.659637

1.752573, -0.296010
0.751532, 0.659697

1.752740, -0.296036
0.751479, 0.659757

1.752907, -0.296063
0.751426, 0.659817

1.753074, -0.296089
0.751373, 0.659877

1.753241, -0.296115
0.751321, 0.659937

1.753408, -0.296141
0.751268, 0.659997

1.753574, -0.296168
0.751215, 0.660057

1.753741, -0.296194
0.751163, 0.660117

1.753908, -0.296220
0.751110, 0.660177

1.754075, -0.296247
0.751057, 0.660237

1.754242, -0.296273
0.751005, 0.660297

1.754408, -0.296299
0.750952, 0.660357

1.754575, -0.296325
0.750899, 0.660417

1.754742, -0.296352
0.750846, 0.660477

1.754909, -0.296378
0.750794, 0.660537

1.755076, -0.296404
0.750741, 0.660597

1.755242, -0.296430
0.750688, 0.660657

1.755409, -0.296457
0.750635, 0.660717

1.755576, -0.296483
0.750583, 0.660777

1.755743, -0.296509
0.750530, 0.660837

1.755910, -0.296536
0.750477, 0.660897

1.756076, -0.296562
0.750424, 0.660956

1.756243, -0.296588
0.750371, 0.661016

1.756410, -0.296614
0.750319, 0.661076

1.756577, -0.296641
0.750266, 0.661136

1.756744, -0.296667
0.750213, 0.661196

1.756910, -0.296693
0.750160, 0.661256

1.757077, -0.296720
0.750108, 0.661316

1.757244, -0.296746
0.750055, 0.661376

1.757411, -0.296772
0.750002, 0.661436

1.757577, -0.296798
0.749949, 0.661496

1.757744, -0.296825
0.749896, 0.661555

1.757911, -0.296851
0.749843, 0.661615

1.758078, -0.296877
0.749791, 0.661675

1.758245, -0.296903
0.749738, 0.661735

1.758411, -0.296930
0.749685, 0.661795

1.758578, -0.296956
0.749632, 0.661855

1.758745, -0.296982
0.749579, 0.661915

1.758912, -0.297009
0.749526, 0.661975

1.759078, -0.297035
0.749473, 0.662034

1.759245, -0.297061
0.749421, 0.662094

1.759412, -0.297087
0.749368, 0.662154

1.759579, -0.297114
0.749315, 0.662214

1.759745, -0.297140
0.749262, 0.662274

1.759912, -0.297166
0.749209, 0.662334

1.760079, -0.297192
0.749156, 0.662393

1.760246, -0.297219
0.749103, 0.662453

1.760412, -0.297245
0.749050, 0.662513

1.760579, -0.297271
0.748998, 0.662573

1.760746, -0.297298
0.748945, 0.662633

1.760913, -0.297324
0.748892, 0.662692

1.761080, -0.297350
0.748839, 0.662752

1.761246, -0.297376
0.748786, 0.662812

1.761413, -0.297403
0.748733, 0.662872

1.761580, -0.297429
0.748680, 0.662932

1.761747, -0.297455
0.748627, 0.662991

1.761913, -0.297481
0.748574, 0.663051

1.762080, -0.297508
0.748521, 0.663111

1.762247, -0.297534
0.748468, 0.663171

1.762413, -0.297560
0.748415, 0.663230

1.762580, -0.297587
0.748362, 0.663290

1.762747, -0.297613
0.748309, 0.663350

1.762914, -0.297639
0.748256, 0.663410

1.763080, -0.297665
0.748203, 0.663469

1.763247, -0.297692
0.748150, 0.663529

1.763414, -0.297718
0.748097, 0.663589

1.763581, -0.297744
0.748044, 0.663649

1.763747, -0.297770
0.747991, 0.663708

1.763914, -0.297797
0.747938, 0.663768

1.764081, -0.297823
0.747885, 0.663828

1.764248, -0.297849
0.747832, 0.663888

1.764414, -0.297876
0.747779, 0.663947

1.764581, -0.297902
0.747726, 0.664007

1.764748, -0.297928
0.747673, 0.664067

1.764914, -0.297954
0.747620, 0.664126

1.765081, -0.297981
0.747567, 0.664186

1.765248, -0.298007
0.747514, 0.664246

1.765415, -0.298033
0.747461, 0.664305

1.765581, -0.298059
0.747408, 0.664365

1.765748, -0.298086
0.747355, 0.664425

1.765915, -0.298112
0.747302, 0.664485

1.766081, -0.298138
0.747249, 0.664544

1.766248, -0.298164
0.747196, 0.664604

1.766415, -0.298191
0.747143, 0.664664

1.766582, -0.298217
0.747090, 0.664723

1.766748, -0.298243
0.747037, 0.664783

1.766915, -0.298269
0.746984, 0.664842

1.767082, -0.298296
0.746931, 0.664902

1.767248, -0.298322
0.746877, 0.664962

1.767415, -0.298348
0.746824, 0.665021

1.767582, -0.298375
0.746771, 0.665081

1.767748, -0.298401
0.746718, 0.665141

1.767915, -0.298427
0.746665, 0.665200

1.768082, -0.298453
0.746612, 0.665260

1.768249, -0.298480
0.746559, 0.665320

1.768415, -0.298506
0.746506, 0.665379

1.768582, -0.298532
0.746452, 0.665439

1.768749, -0.298558
0.746399, 0.665498

1.768915, -0.298585
0.746346, 0.665558

1.769082, -0.298611
0.746293, 0.665618

1.769249, -0.298637
0.746240, 0.665677

1.769415, -0.298663
0.746187, 0.665737

1.769582, -0.298690
0.746134, 0.665796

1.769749, -0.298716
0.746080, 0.665856

1.769915, -0.298742
0.746027, 0.665915

1.770082, -0.298768
0.745974, 0.665975

1.770249, -0.298795
0.745921, 0.666035

1.770415, -0.298821
0.745868, 0.666094

1.770582, -0.298847
0.745815, 0.666154

1.770749, -0.298873
0.745761, 0.666213

1.770915, -0.298900
0.745708, 0.666273

1.771082, -0.298926
0.745655, 0.666332

1.771249, -0.298952
0.745602, 0.666392

1.771415, -0.298978
0.745548, 0.666451

1.771582, -0.299005
0.745495, 0.666511

1.771749, -0.299031
0.745442, 0.666570

1.771915, -0.299057
0.745389, 0.666630

1.772082, -0.299083
0.745336, 0.666689

1.772249, -0.299110
0.745282, 0.666749

1.772415, -0.299136
0.745229, 0.666809

1.772582, -0.299162
0.745176, 0.666868

1.772749, -0.299189
0.745123, 0.666928

1.772915, -0.299215
0.745069, 0.666987

1.773082, -0.299241
0.745016, 0.667047

1.773249, -0.299267
0.744963, 0.667106

1.773415, -0.299294
0.744910, 0.667165

1.773582, -0.299320
0.744856, 0.667225

1.773749, -0.299346
0.744803, 0.667284

1.773915, -0.299372
0.744750, 0.667344

1.774082, -0.299399
0.744696, 0.667403

1.774249, -0.299425
0.744643, 0.667463

1.774415, -0.299451
0.744590, 0.667522

1.774582, -0.299477
0.744536, 0.667582

1.774748, -0.299504
0.744483, 0.667641

1.774915, -0.299530
0.744430, 0.667701

1.775082, -0.299556
0.744377, 0.667760

1.775248, -0.299582
0.744323, 0.667820

1.775415, -0.299609
0.744270, 0.667879

1.775582, -0.299635
0.744217, 0.667938

1.775748, -0.299661
0.744163, 0.667998

1.775915, -0.299687
0.744110, 0.668057

1.776082, -0.299714
0.744057, 0.668117

1.776248, -0.299740
0.744003, 0.668176

1.776415, -0.299766
0.743950, 0.668235

1.776581, -0.299792
0.743896, 0.668295

1.776748, -0.299819
0.743843, 0.668354

1.776915, -0.299845
0.743790, 0.668414

1.777081, -0.299871
0.743736, 0.668473

1.777248, -0.299897
0.743683, 0.668532

1.777415, -0.299924
0.743630, 0.668592

1.777581, -0.299950
0.743576, 0.668651

1.777748, -0.299976
0.743523, 0.668711

1.777914, -0.300002
0.743469, 0.668770

1.778081, -0.300029
0.743416, 0.668829

1.778248, -0.300055
0.743363, 0.668889

1.778414, -0.300081
0.743309, 0.668948

1.778581, -0.300107
0.743256, 0.669007

1.778747, -0.300133
0.743202, 0.669067

1.778914, -0.300160
0.743149, 0.669126

1.779081, -0.300186
0.743095, 0.669185

1.779247, -0.300212
0.743042, 0.669245

1.779414, -0.300238
0.742989, 0.669304

1.779580, -0.300265
0.742935, 0.669363

1.779747, -0.300291
0.742882, 0.669423

1.779914, -0.300317
0.742828, 0.669482

1.780080, -0.300343
0.742775, 0.669541

1.780247, -0.300370
0.742721, 0.669601

1.780413, -0.300396
0.742668, 0.669660

1.780580, -0.300422
0.742614, 0.669719

1.780747, -0.300448
0.742561, 0.669779

1.780913, -0.300475
0.742507, 0.669838

1.781080, -0.300501
0.742454, 0.669897

1.781246, -0.300527
0.742400, 0.669956

1.781413, -0.300553
0.742347, 0.670016

1.781580, -0.300580
0.742293, 0.670075

1.781746, -0.300606
0.742240, 0.670134

1.781913, -0.300632
0.742186, 0.670194

1.782079, -0.300658
0.742133, 0.670253

1.782246, -0.300685
0.742079, 0.670312

1.782412, -0.300711
0.742026, 0.670371

1.782579, -0.300737
0.741972, 0.670431

1.782746, -0.300763
0.741919, 0.670490

1.782912, -0.300790
0.741865, 0.670549

1.783079, -0.300816
0.741812, 0.670608

1.783245, -0.300842
0.741758, 0.670667

1.783412, -0.300868
0.741705, 0.670727

1.783578, -0.300895
0.741651, 0.670786

1.783745, -0.300921
0.741597, 0.670845

1.783912, -0.300947
0.741544, 0.670904

1.784078, -0.300973
0.741490, 0.670964

1.784245, -0.300999
0.741437, 0.671023

1.784411, -0.301026
0.741383, 0.671082

1.784578, -0.301052
0.741330, 0.671141

1.784744, -0.301078
0.741276, 0.671200

1.784911, -0.301104
0.741222, 0.671260

1.785078, -0.301131
0.741169, 0.671319

1.785244, -0.301157
0.741115, 0.671378

1.785411, -0.301183
0.741062, 0.671437

1.785577, -0.301209
0.741008, 0.671496

1.785744, -0.301236
0.740954, 0.671555

1.785910, -0.301262
0.740901, 0.671615

1.786077, -0.301288
0.740847, 0.671674

1.786243, -0.301314
0.740793, 0.671733

1.786410, -0.301341
0.740740, 0.671792

1.786576, -0.301367
0.740686, 0.671851

1.786743, -0.301393
0.740632, 0.671910

1.786910, -0.301419
0.740579, 0.671970

1.787076, -0.301445
0.740525, 0.672029

1.787243, -0.301472
0.740471, 0.672088

1.787409, -0.301498
0.740418, 0.672147

1.787576, -0.301524
0.740364, 0.672206

1.787742, -0.301550
0.740310, 0.672265

1.787909, -0.301577
0.740257, 0.672324

1.788075, -0.301603
0.740203, 0.672383

1.788242, -0.301629
0.740149, 0.672442

1.788408, -0.301655
0.740096, 0.672502

1.788575, -0.301682
0.740042, 0.672561

1.788741, -0.301708
0.739988, 0.672620

1.788908, -0.301734
0.739935, 0.672679

1.789074, -0.301760
0.739881, 0.672738

1.789241, -0.301786
0.739827, 0.672797

1.789407, -0.301813
0.739773, 0.672856

1.789574, -0.301839
0.739720, 0.672915

1.789741, -0.301865
0.739666, 0.672974

1.789907, -0.301891
0.739612, 0.673033

1.790074, -0.301918
0.739558, 0.673092

1.790240, -0.301944
0.739505, 0.673151

1.790407, -0.301970
0.739451, 0.673210

1.790573, -0.301996
0.739397, 0.673269

1.790740, -0.302023
0.739343, 0.673329

1.790906, -0.302049
0.739290, 0.673388

1.791073, -0.302075
0.739236, 0.673447

1.791239, -0.302101
0.739182, 0.673506

1.791406, -0.302127
0.739128, 0.673565

1.791572, -0.302154
0.739075, 0.673624

1.791739, -0.302180
0.739021, 0.673683

1.791905, -0.302206
0.738967, 0.673742

1.792072, -0.302232
0.738913, 0.673801

1.792238, -0.302259
0.738859, 0.673860

1.792405, -0.302285
0.738806, 0.673919

1.792571, -0.302311
0.738752, 0.673978

1.792738, -0.302337
0.738698, 0.674037

1.792904, -0.302363
0.738644, 0.674096

1.793071, -0.302390
0.738590, 0.674155

1.793237, -0.302416
0.738536, 0.674214

1.793404, -0.302442
0.738483, 0.674273

1.793570, -0.302468
0.738429, 0.674332

1.793737, -0.302495
0.738375, 0.674390

1.793903, -0.302521
0.738321, 0.674449

1.794070, -0.302547
0.738267, 0.674508

1.794236, -0.302573
0.738213, 0.674567

1.794403, -0.302599
0.738159, 0.674626

1.794569, -0.302626
0.738106, 0.674685

1.794735, -0.302652
0.738052, 0.674744

1.794902, -0.302678
0.737998, 0.674803

1.795068, -0.302704
0.737944, 0.674862

1.795235, -0.302731
0.737890, 0.674921

1.795401, -0.302757
0.737836, 0.674980

1.795568, -0.302783
0.737782, 0.675039

1.795734, -0.302809
0.737728, 0.675098

1.795901, -0.302835
0.737674, 0.675157

1.796067, -0.302862
0.737621, 0.675216

1.796234, -0.302888
0.737567, 0.675274

1.796400, -0.302914
0.737513, 0.675333

1.796567, -0.302940
0.737459, 0.675392

1.796733, -0.302967
0.737405, 0.675451

1.796900, -0.302993
0.737351, 0.675510

1.797066, -0.303019
0.737297, 0.675569

1.797233, -0.303045
0.737243, 0.675628

1.797399, -0.303071
0.737189, 0.675687

1.797565, -0.303098
0.737135, 0.675745

1.797732, -0.303124
0.737081, 0.675804

1.797898, -0.303150
0.737027, 0.675863

1.798065, -0.303176
0.736973, 0.675922

1.798231, -0.303203
0.736919, 0.675981

1.798398, -0.303229
0.736865, 0.676040

1.798564, -0.303255
0.736811, 0.676099

1.798731, -0.303281
0.736757, 0.676157

1.798897, -0.303307
0.736703, 0.676216

1.799063, -0.303334
0.736649, 0.676275

1.799230, -0.303360
0.736595, 0.676334

1.799396, -0.303386
0.736541, 0.676393

1.799563, -0.303412
0.736487, 0.676451

1.799729, -0.303438
0.736433, 0.676510

1.799896, -0.303465
0.736379, 0.676569

1.800062, -0.303491
0.736325, 0.676628

1.800229, -0.303517
0.736271, 0.676687

1.800395, -0.303543
0.736217, 0.676745

1.800561, -0.303570
0.736163, 0.676804

1.800728, -0.303596
0.736109, 0.676863

1.800894, -0.303622
0.736055, 0.676922

1.801061, -0.303648
0.736001, 0.676981

1.801227, -0.303674
0.735947, 0.677039

1.801394, -0.303701
0.735893, 0.677098

1.801560, -0.303727
0.735839, 0.677157

1.801726, -0.303753
0.735785, 0.677216

1.801893, -0.303779
0.735731, 0.677274

1.802059, -0.303805
0.735676, 0.677333

1.802226, -0.303832
0.735622, 0.677392

1.802392, -0.303858
0.735568, 0.677451

1.802559, -0.303884
0.735514, 0.677509

1.802725, -0.303910
0.735460, 0.677568

1.802891, -0.303937
0.735406, 0.677627

1.803058, -0.303963
0.735352, 0.677685

1.803224, -0.303989
0.735298, 0.677744

1.803391, -0.304015
0.735244, 0.677803

1.803557, -0.304041
0.735190, 0.677862

1.803723, -0.304068
0.735135, 0.677920

1.803890, -0.304094
0.735081, 0.677979

1.804056, -0.304120
0.735027, 0.678038

1.804223, -0.304146
0.734973, 0.678096

1.804389, -0.304172
0.734919, 0.678155

1.804555, -0.304199
0.734865, 0.678214

1.804722, -0.304225
0.734810, 0.678272

1.804888, -0.304251
0.734756, 0.678331

1.805055, -0.304277
0.734702, 0.678390

1.805221, -0.304303
0.734648, 0.678448

1.805387, -0.304330
0.734594, 0.678507

1.805554, -0.304356
0.734540, 0.678566

1.805720, -0.304382
0.734485, 0.678624

1.805887, -0.304408
0.734431, 0.678683

1.806053, -0.304434
0.734377, 0.678742

1.806219, -0.304461
0.734323, 0.678800

1.806386, -0.304487
0.734269, 0.678859

1.806552, -0.304513
0.734214, 0.678918

1.806719, -0.304539
0.734160, 0.678976

1.806885, -0.304566
0.734106, 0.679035

1.807051, -0.304592
0.734052, 0.679093

1.807218, -0.304618
0.733998, 0.679152

1.807384, -0.304644
0.733943, 0.679211

1.807550, -0.304670
0.733889, 0.679269

1.807717, -0.304697
0.733835, 0.679328

1.807883, -0.304723
0.733781, 0.679387

1.808050, -0.304749
0.733726, 0.679445

1.808216, -0.304775
0.733672, 0.679504

1.808382, -0.304801
0.733618, 0.679562

1.808549, -0.304828
0.733564, 0.679621

1.808715, -0.304854
0.733509, 0.679679

1.808881, -0.304880
0.733455, 0.679738

1.809048, -0.304906
0.733401, 0.679797

1.809214, -0.304932
0.733346, 0.679855

1.809380, -0.304959
0.733292, 0.679914

1.809547, -0.304985
0.733238, 0.679972

1.809713, -0.305011
0.733184, 0.680031

1.809880, -0.305037
0.733129, 0.680089

1.810046, -0.305063
0.733075, 0.680148

1.810212, -0.305090
0.733021, 0.680206

1.810379, -0.305116
0.732966, 0.680265

1.810545, -0.305142
0.732912, 0.680323

1.810711, -0.305168
0.732858, 0.680382

1.810878, -0.305194
0.732803, 0.680440

1.811044, -0.305221
0.732749, 0.680499

1.811210, -0.305247
0.732695, 0.680558

1.811377, -0.305273
0.732640, 0.680616

1.811543, -0.305299
0.732586, 0.680675

1.811709, -0.305325
0.732532, 0.680733

1.811876, -0.305352
0.732477, 0.680792

1.812042, -0.305378
0.732423, 0.680850

1.812208, -0.305404
0.732369, 0.680908

1.812375, -0.305430
0.732314, 0.680967

1.812541, -0.305456
0.732260, 0.681025

1.812707, -0.305483
0.732205, 0.681084

1.812874, -0.305509
0.732151, 0.681142

1.813040, -0.305535
0.732097, 0.681201

1.813206, -0.305561
0.732042, 0.681259

1.813373, -0.305587
0.731988, 0.681318

1.813539, -0.305614
0.731933, 0.681376

1.813705, -0.305640
0.731879, 0.681435

1.813872, -0.305666
0.731825, 0.681493

1.814038, -0.305692
0.731770, 0.681551

1.814204, -0.305718
0.731716, 0.681610

1.814371, -0.305744
0.731661, 0.681668

1.814537, -0.305771
0.731607, 0.681727

1.814703, -0.305797
0.731552, 0.681785

1.814870, -0.305823
0.731498, 0.681844

1.815036, -0.305849
0.731444, 0.681902

1.815202, -0.305875
0.731389, 0.681960

1.815369, -0.305902
0.731335, 0.682019

1.815535, -0.305928
0.731280, 0.682077

1.815701, -0.305954
0.731226, 0.682136

1.815868, -0.305980
0.731171, 0.682194

1.816034, -0.306006
0.731117, 0.682252

1.816200, -0.306033
0.731062, 0.682311

1.816367, -0.306059
0.731008, 0.682369

1.816533, -0.306085
0.730953, 0.682427

1.816699, -0.306111
0.730899, 0.682486

1.816865, -0.306137
0.730844, 0.682544

1.817032, -0.306164
0.730790, 0.682603

1.817198, -0.306190
0.730735, 0.682661

1.817364, -0.306216
0.730681, 0.682719

1.817531, -0.306242
0.730626, 0.682778

1.817697, -0.306268
0.730572, 0.682836

1.817863, -0.306295
0.730517, 0.682894

1.818030, -0.306321
0.730463, 0.682953

1.818196, -0.306347
0.730408, 0.683011

1.818362, -0.306373
0.730354, 0.683069

1.818528, -0.306399
0.730299, 0.683128

1.818695, -0.306425
0.730244, 0.683186

1.818861, -0.306452
0.730190, 0.683244

1.819027, -0.306478
0.730135, 0.683303

1.819194, -0.306504
0.730081, 0.683361

1.819360, -0.306530
0.730026, 0.683419

1.819526, -0.306556
0.729972, 0.683477

1.819692, -0.306583
0.729917, 0.683536

1.819859, -0.306609
0.729863, 0.683594

1.820025, -0.306635
0.729808, 0.683652

1.820191, -0.306661
0.729753, 0.683711

1.820358, -0.306687
0.729699, 0.683769

1.820524, -0.306714
0.729644, 0.683827

1.820690, -0.306740
0.729590, 0.683885

1.820856, -0.306766
0.729535, 0.683944

1.821023, -0.306792
0.729480, 0.684002

1.821189, -0.306818
0.729426, 0.684060

1.821355, -0.306844
0.729371, 0.684118

1.821521, -0.306871
0.729316, 0.684177

1.821688, -0.306897
0.729262, 0.684235

1.821854, -0.306923
0.729207, 0.684293

1.822020, -0.306949
0.729153, 0.684351

1.822187, -0.306975
0.729098, 0.684409

1.822353, -0.307002
0.729043, 0.684468

1.822519, -0.307028
0.728989, 0.684526

1.822685, -0.307054
0.728934, 0.684584

1.822852, -0.307080
0.728879, 0.684642

1.823018, -0.307106
0.728825, 0.684701

1.823184, -0.307132
0.728770, 0.684759

1.823350, -0.307159
0.728715, 0.684817

1.823517, -0.307185
0.728660, 0.684875

1.823683, -0.307211
0.728606, 0.684933

1.823849, -0.307237
0.728551, 0.684991

1.824015, -0.307263
0.728496, 0.685050

1.824182, -0.307290
0.728442, 0.685108

1.824348, -0.307316
0.728387, 0.685166

1.824514, -0.307342
0.728332, 0.685224

1.824680, -0.307368
0.728278, 0.685282

1.824847, -0.307394
0.728223, 0.685340

1.825013, -0.307420
0.728168, 0.685399

1.825179, -0.307447
0.728113, 0.685457

1.825345, -0.307473
0.728059, 0.685515

1.825512, -0.307499
0.728004, 0.685573

1.825678, -0.307525
0.727949, 0.685631

1.825844, -0.307551
0.727894, 0.685689

1.826010, -0.307578
0.727840, 0.685747

1.826177, -0.307604
0.727785, 0.685805

1.826343, -0.307630
0.727730, 0.685864

1.826509, -0.307656
0.727675, 0.685922

1.826675, -0.307682
0.727621, 0.685980

1.826841, -0.307708
0.727566, 0.686038

1.827008, -0.307735
0.727511, 0.686096

1.827174, -0.307761
0.727456, 0.686154

1.827340, -0.307787
0.727401, 0.686212

1.827506, -0.307813
0.727347, 0.686270

1.827673, -0.307839
0.727292, 0.686328

1.827839, -0.307865
0.727237, 0.686386

1.828005, -0.307892
0.727182, 0.686444

1.828171, -0.307918
0.727127, 0.686503

1.828337, -0.307944
0.727073, 0.686561

1.828504, -0.307970
0.727018, 0.686619

1.828670, -0.307996
0.726963, 0.686677

1.828836, -0.308023
0.726908, 0.686735

1.829002, -0.308049
0.726853, 0.686793

1.829168, -0.308075
0.726798, 0.686851

1.829335, -0.308101
0.726744, 0.686909

1.829501, -0.308127
0.726689, 0.686967

1.829667, -0.308153
0.726634, 0.687025

1.829833, -0.308180
0.726579, 0.687083

1.830000, -0.308206
0.726524, 0.687141

1.830166, -0.308232
0.726469, 0.687199

1.830332, -0.308258
0.726414, 0.687257

1.830498, -0.308284
0.726360, 0.687315

1.830664, -0.308310
0.726305, 0.687373

1.830831, -0.308337
0.726250, 0.687431

1.830997, -0.308363
0.726195, 0.687489

1.831163, -0.308389
0.726140, 0.687547

1.831329, -0.308415
0.726085, 0.687605

1.831495, -0.308441
0.726030, 0.687663

1.831661, -0.308467
0.725975, 0.687721

1.831828, -0.308494
0.725920, 0.687779

1.831994, -0.308520
0.725865, 0.687837

1.832160, -0.308546
0.725810, 0.687895

1.832326, -0.308572
0.725756, 0.687953

1.832492, -0.308598
0.725701, 0.688011

1.832659, -0.308624
0.725646, 0.688069

1.832825, -0.308651
0.725591, 0.688127

1.832991, -0.308677
0.725536, 0.688184

1.833157, -0.308703
0.725481, 0.688242

1.833323, -0.308729
0.725426, 0.688300

1.833489, -0.308755
0.725371, 0.688358

1.833656, -0.308782
0.725316, 0.688416

1.833822, -0.308808
0.725261, 0.688474

1.833988, -0.308834
0.725206, 0.688532

1.834154, -0.308860
0.725151, 0.688590

1.834320, -0.308886
0.725096, 0.688648

1.834487, -0.308912
0.725041, 0.688706

1.834653, -0.308939
0.724986, 0.688764

1.834819, -0.308965
0.724931, 0.688821

1.834985, -0.308991
0.724876, 0.688879

1.835151, -0.309017
0.724821, 0.688937

1.835317, -0.309043
0.724766, 0.688995

1.835484, -0.309069
0.724711, 0.689053

1.835650, -0.309096
0.724656, 0.689111

1.835816, -0.309122
0.724601, 0.689169

1.835982, -0.309148
0.724546, 0.689227

1.836148, -0.309174
0.724491, 0.689284

1.836314, -0.309200
0.724436, 0.689342

1.836480, -0.309226
0.724381, 0.689400

1.836647, -0.309252
0.724326, 0.689458

1.836813, -0.309279
0.724271, 0.689516

1.836979, -0.309305
0.724216, 0.689574

1.837145, -0.309331
0.724160, 0.689631

1.837311, -0.309357
0.724105, 0.689689

1.837477, -0.309383
0.724050, 0.689747

1.837644, -0.309409
0.723995, 0.689805

1.837810, -0.309436
0.723940, 0.689863

1.837976, -0.309462
0.723885, 0.689921

1.838142, -0.309488
0.723830, 0.689978

1.838308, -0.309514
0.723775, 0.690036

1.838474, -0.309540
0.723720, 0.690094

1.838640, -0.309566
0.723665, 0.690152

1.838806, -0.309593
0.723610, 0.690210

1.838973, -0.309619
0.723554, 0.690267

1.839139, -0.309645
0.723499, 0.690325

1.839305, -0.309671
0.723444, 0.690383

1.839471, -0.309697
0.723389, 0.690441

1.839637, -0.309723
0.723334, 0.690498

1.839803, -0.309750
0.723279, 0.690556

1.839969, -0.309776
0.723224, 0.690614

1.840136, -0.309802
0.723169, 0.690672

1.840302, -0.309828
0.723113, 0.690729

1.840468, -0.309854
0.723058, 0.690787

1.840634, -0.309880
0.723003, 0.690845

1.840800, -0.309907
0.722948, 0.690903

1.840966, -0.309933
0.722893, 0.690960

1.841132, -0.309959
0.722838, 0.691018

1.841298, -0.309985
0.722782, 0.691076

1.841464, -0.310011
0.722727, 0.691133

1.841631, -0.310037
0.722672, 0.691191

1.841797, -0.310063
0.722617, 0.691249

1.841963, -0.310090
0.722562, 0.691307

1.842129, -0.310116
0.722506, 0.691364

1.842295, -0.310142
0.722451, 0.691422

1.842461, -0.310168
0.722396, 0.691480

1.842627, -0.310194
0.722341, 0.691537

1.842793, -0.310220
0.722286, 0.691595

1.842959, -0.310247
0.722230, 0.691653

1.843126, -0.310273
0.722175, 0.691710

1.843292, -0.310299
0.722120, 0.691768

1.843458, -0.310325
0.722065, 0.691826

1.843624, -0.310351
0.722009, 0.691883

1.843790, -0.310377
0.721954, 0.691941

1.843956, -0.310403
0.721899, 0.691999

1.844122, -0.310430
0.721844, 0.692056

1.844288, -0.310456
0.721788, 0.692114

1.844454, -0.310482
0.721733, 0.692172

1.844620, -0.310508
0.721678, 0.692229

1.844787, -0.310534
0.721623, 0.692287

1.844953, -0.310560
0.721567, 0.692344

1.845119, -0.310587
0.721512, 0.692402

1.845285, -0.310613
0.721457, 0.692460

1.845451, -0.310639
0.721401, 0.692517

1.845617, -0.310665
0.721346, 0.692575

1.845783, -0.310691
0.721291, 0.692632

1.845949, -0.310717
0.721235, 0.692690

1.846115, -0.310743
0.721180, 0.692748

1.846281, -0.310770
0.721125, 0.692805

1.846447, -0.310796
0.721069, 0.692863

1.846613, -0.310822
0.721014, 0.692920

1.846780, -0.310848
0.720959, 0.692978

1.846946, -0.310874
0.720903, 0.693035

1.847112, -0.310900
0.720848, 0.693093

1.847278, -0.310927
0.720793, 0.693151

1.847444, -0.310953
0.720737, 0.693208

1.847610, -0.310979
0.720682, 0.693266

1.847776, -0.311005
0.720627, 0.693323

1.847942, -0.311031
0.720571, 0.693381

1.848108, -0.311057
0.720516, 0.693438

1.848274, -0.311083
0.720461, 0.693496

1.848440, -0.311110
0.720405, 0.693553

1.848606, -0.311136
0.720350, 0.693611

1.848772, -0.311162
0.720294, 0.693668

1.848938, -0.311188
0.720239, 0.693726

1.849104, -0.311214
0.720184, 0.693783

1.849271, -0.311240
0.720128, 0.693841

1.849437, -0.311266
0.720073, 0.693898

1.849603, -0.311293
0.720017, 0.693956

1.849769, -0.311319
0.719962, 0.694013

1.849935, -0.311345
0.719907, 0.694071

1.850101, -0.311371
0.719851, 0.694128

1.850267, -0.311397
0.719796, 0.694186

1.850433, -0.311423
0.719740, 0.694243

1.850599, -0.311449
0.719685, 0.694301

1.850765, -0.311476
0.719629, 0.694358

1.850931, -0.311502
0.719574, 0.694416

1.851097, -0.311528
0.719519, 0.694473

1.851263, -0.311554
0.719463, 0.694531

1.851429, -0.311580
0.719408, 0.694588

1.851595, -0.311606
0.719352, 0.694646

1.851761, -0.311632
0.719297, 0.694703

1.851927, -0.311659
0.719241, 0.694760

1.852093, -0.311685
0.719186, 0.694818

1.852259, -0.311711
0.719130, 0.694875

1.852425, -0.311737
0.719075, 0.694933

1.852591, -0.311763
0.719019, 0.694990

1.852757, -0.311789
0.718964, 0.695048

1.852923, -0.311815
0.718908, 0.695105

1.853090, -0.311842
0.718853, 0.695162

1.853256, -0.311868
0.718797, 0.695220

1.853422, -0.311894
0.718742, 0.695277

1.853588, -0.311920
0.718686, 0.695335

1.853754, -0.311946
0.718631, 0.695392

1.853920, -0.311972
0.718575, 0.695449

1.854086, -0.311998
0.718520, 0.695507

1.854252, -0.312025
0.718464, 0.695564

1.854418, -0.312051
0.718409, 0.695621

1.854584, -0.312077
0.718353, 0.695679

1.854750, -0.312103
0.718297, 0.695736

1.854916, -0.312129
0.718242, 0.695793

1.855082, -0.312155
0.718186, 0.695851

1.855248, -0.312181
0.718131, 0.695908

1.855414, -0.312208
0.718075, 0.695966

1.855580, -0.312234
0.718020, 0.696023

1.855746, -0.312260
0.717964, 0.696080

1.855912, -0.312286
0.717908, 0.696138

1.856078, -0.312312
0.717853, 0.696195

1.856244, -0.312338
0.717797, 0.696252

1.856410, -0.312364
0.717742, 0.696309

1.856576, -0.312391
0.717686, 0.696367

1.856742, -0.312417
0.717630, 0.696424

1.856908, -0.312443
0.717575, 0.696481

1.857074, -0.312469
0.717519, 0.696539

1.857240, -0.312495
0.717464, 0.696596

1.857406, -0.312521
0.717408, 0.696653

1.857572, -0.312547
0.717352, 0.696711

1.857738, -0.312573
0.717297, 0.696768

1.857904, -0.312600
0.717241, 0.696825

1.858070, -0.312626
0.717185, 0.696882

1.858236, -0.312652
0.717130, 0.696940

1.858402, -0.312678
0.717074, 0.696997

1.858568, -0.312704
0.717018, 0.697054

1.858734, -0.312730
0.716963, 0.697111

1.858900, -0.312756
0.716907, 0.697169

1.859066, -0.312783
0.716851, 0.697226

1.859232, -0.312809
0.716796, 0.697283

1.859398, -0.312835
0.716740, 0.697340

1.859564, -0.312861
0.716684, 0.697398

1.859730, -0.312887
0.716629, 0.697455

1.859896, -0.312913
0.716573, 0.697512

1.860062, -0.312939
0.716517, 0.697569

1.860228, -0.312965
0.716462, 0.697626

1.860394, -0.312992
0.716406, 0.697684

1.860560, -0.313018
0.716350, 0.697741

1.860726, -0.313044
0.716294, 0.697798

1.860891, -0.313070
0.716239, 0.697855

1.861057, -0.313096
0.716183, 0.697912

1.861223, -0.313122
0.716127, 0.697970

1.861389, -0.313148
0.716072, 0.698027

1.861555, -0.313175
0.716016, 0.698084

1.861721, -0.313201
0.715960, 0.698141

1.861887, -0.313227
0.715904, 0.698198

1.862053, -0.313253
0.715849, 0.698256

1.862219, -0.313279
0.715793, 0.698313

1.862385, -0.313305
0.715737, 0.698370

1.862551, -0.313331
0.715681, 0.698427

1.862717, -0.313357
0.715626, 0.698484

1.862883, -0.313384
0.715570, 0.698541

1.863049, -0.313410
0.715514, 0.698598

1.863215, -0.313436
0.715458, 0.698656

1.863381, -0.313462
0.715402, 0.698713

1.863547, -0.313488
0.715347, 0.698770

1.863713, -0.313514
0.715291, 0.698827

1.863879, -0.313540
0.715235, 0.698884

1.864045, -0.313566
0.715179, 0.698941

1.864211, -0.313593
0.715123, 0.698998

1.864377, -0.313619
0.715068, 0.699055

1.864543, -0.313645
0.715012, 0.699112

1.864708, -0.313671
0.714956, 0.699170

1.864874, -0.313697
0.714900, 0.699227

1.865040, -0.313723
0.714844, 0.699284

1.865206, -0.313749
0.714788, 0.699341

1.865372, -0.313775
0.714733, 0.699398

1.865538, -0.313802
0.714677, 0.699455

1.865704, -0.313828
0.714621, 0.699512

1.865870, -0.313854
0.714565, 0.699569

1.866036, -0.313880
0.714509, 0.699626

1.866202, -0.313906
0.714453, 0.699683

1.866368, -0.313932
0.714397, 0.699740

1.866534, -0.313958
0.714342, 0.699797

1.866700, -0.313984
0.714286, 0.699854

1.866866, -0.314011
0.714230, 0.699911

1.867032, -0.314037
0.714174, 0.699968

1.867197, -0.314063
0.714118, 0.700025

1.867363, -0.314089
0.714062, 0.700082

1.867529, -0.314115
0.714006, 0.700139

1.867695, -0.314141
0.713950, 0.700196

1.867861, -0.314167
0.713894, 0.700253

1.868027, -0.314193
0.713838, 0.700310

1.868193, -0.314220
0.713782, 0.700367

1.868359, -0.314246
0.713727, 0.700424

1.868525, -0.314272
0.713671, 0.700481

1.868691, -0.314298
0.713615, 0.700538

1.868857, -0.314324
0.713559, 0.700595

1.869023, -0.314350
0.713503, 0.700652

1.869188, -0.314376
0.713447, 0.700709

1.869354, -0.314402
0.713391, 0.700766

1.869520, -0.314429
0.713335, 0.700823

1.869686, -0.314455
0.713279, 0.700880

1.869852, -0.314481
0.713223, 0.700937

1.870018, -0.314507
0.713167, 0.700994

1.870184, -0.314533
0.713111, 0.701051

1.870350, -0.314559
0.713055, 0.701108

1.870516, -0.314585
0.712999, 0.701165

1.870682, -0.314611
0.712943, 0.701222

1.870847, -0.314637
0.712887, 0.701279

1.871013, -0.314664
0.712831, 0.701336

1.871179, -0.314690
0.712775, 0.701393

1.871345, -0.314716
0.712719, 0.701450

1.871511, -0.314742
0.712663, 0.701506

1.871677, -0.314768
0.712607, 0.701563

1.871843, -0.314794
0.712551, 0.701620

1.872009, -0.314820
0.712495, 0.701677

1.872175, -0.314846
0.712439, 0.701734

1.872340, -0.314873
0.712383, 0.701791

1.872506, -0.314899
0.712327, 0.701848

1.872672, -0.314925
0.712271, 0.701905

1.872838, -0.314951
0.712215, 0.701962

1.873004, -0.314977
0.712159, 0.702018

1.873170, -0.315003
0.712103, 0.702075

1.873336, -0.315029
0.712047, 0.702132

1.873502, -0.315055
0.711991, 0.702189

1.873668, -0.315081
0.711934, 0.702246

1.873833, -0.315108
0.711878, 0.702303

1.873999, -0.315134
0.711822, 0.702360

1.874165, -0.315160
0.711766, 0.702416

1.874331, -0.315186
0.711710, 0.702473

1.874497, -0.315212
0.711654, 0.702530

1.874663, -0.315238
0.711598, 0.702587

1.874829, -0.315264
0.711542, 0.702644

1.874995, -0.315290
0.711486, 0.702701

1.875160, -0.315316
0.711430, 0.702757

1.875326, -0.315343
0.711373, 0.702814

1.875492, -0.315369
0.711317, 0.702871

1.875658, -0.315395
0.711261, 0.702928

1.875824, -0.315421
0.711205, 0.702985

1.875990, -0.315447
0.711149, 0.703041

1.876156, -0.315473
0.711093, 0.703098

1.876321, -0.315499
0.711037, 0.703155

1.876487, -0.315525
0.710981, 0.703212

1.876653, -0.315551
0.710924, 0.703268

1.876819, -0.315578
0.710868, 0.703325

1.876985, -0.315604
0.710812, 0.703382

1.877151, -0.315630
0.710756, 0.703439

1.877317, -0.315656
0.710700, 0.703495

1.877482, -0.315682
0.710644, 0.703552

1.877648, -0.315708
0.710587, 0.703609

1.877814, -0.315734
0.710531, 0.703666

1.877980, -0.315760
0.710475, 0.703722

1.878146, -0.315786
0.710419, 0.703779

1.878312, -0.315813
0.710363, 0.703836

1.878477, -0.315839
0.710306, 0.703893

1.878643, -0.315865
0.710250, 0.703949

1.878809, -0.315891
0.710194, 0.704006

1.878975, -0.315917
0.710138, 0.704063

1.879141, -0.315943
0.710082, 0.704119

1.879307, -0.315969
0.710025, 0.704176

1.879472, -0.315995
0.709969, 0.704233

1.879638, -0.316021
0.709913, 0.704290

1.879804, -0.316048
0.709857, 0.704346

1.879970, -0.316074
0.709800, 0.704403

1.880136, -0.316100
0.709744, 0.704460

1.880302, -0.316126
0.709688, 0.704516

1.880467, -0.316152
0.709632, 0.704573

1.880633, -0.316178
0.709575, 0.704630

1.880799, -0.316204
0.709519, 0.704686

1.880965, -0.316230
0.709463, 0.704743

1.881131, -0.316256
0.709407, 0.704800

1.881297, -0.316283
0.709350, 0.704856

1.881462, -0.316309
0.709294, 0.704913

1.881628, -0.316335
0.709238, 0.704969

1.881794, -0.316361
0.709181, 0.705026

1.881960, -0.316387
0.709125, 0.705083

1.882126, -0.316413
0.709069, 0.705139

1.882291, -0.316439
0.709012, 0.705196

1.882457, -0.316465
0.708956, 0.705253

1.882623, -0.316491
0.708900, 0.705309

1.882789, -0.316517
0.708843, 0.705366

1.882955, -0.316544
0.708787, 0.705422

1.883121, -0.316570
0.708731, 0.705479

1.883286, -0.316596
0.708675, 0.705536

1.883452, -0.316622
0.708618, 0.705592

1.883618, -0.316648
0.708562, 0.705649

1.883784, -0.316674
0.708505, 0.705705

1.883950, -0.316700
0.708449, 0.705762

1.884115, -0.316726
0.708393, 0.705818

1.884281, -0.316752
0.708336, 0.705875

1.884447, -0.316778
0.708280, 0.705932

1.884613, -0.316805
0.708224, 0.705988

1.884779, -0.316831
0.708167, 0.706045

1.884944, -0.316857
0.708111, 0.706101

1.885110, -0.316883
0.708055, 0.706158

1.885276, -0.316909
0.707998, 0.706214

1.885442, -0.316935
0.707942, 0.706271

1.885607, -0.316961
0.707885, 0.706327

1.885773, -0.316987
0.707829, 0.706384

1.885939, -0.317013
0.707773, 0.706440

1.886105, -0.317039
0.707716, 0.706497

1.886271, -0.317066
0.707660, 0.706553

1.886436, -0.317092
0.707603, 0.706610

1.886602, -0.317118
0.707547, 0.706666

1.886768, -0.317144
0.707490, 0.706723

1.886934, -0.317170
0.707434, 0.706779

1.887100, -0.317196
0.707378, 0.706836

1.887265, -0.317222
0.707321, 0.706892

1.887431, -0.317248
0.707265, 0.706949

1.887597, -0.317274
0.707208, 0.707005

1.887763, -0.317300
0.707152, 0.707062

1.887928, -0.317327
0.707095, 0.707118

1.888094, -0.317353
0.707039, 0.707175

1.888260, -0.317379
0.706982, 0.707231

1.888426, -0.317405
0.706926, 0.707288

1.888591, -0.317431
0.706869, 0.707344

1.888757, -0.317457
0.706813, 0.707401

1.888923, -0.317483
0.706756, 0.707457

1.889089, -0.317509
0.706700, 0.707513

1.889255, -0.317535
0.706643, 0.707570

1.889420, -0.317561
0.706587, 0.707626

1.889586, -0.317587
0.706530, 0.707683

1.889752, -0.317614
0.706474, 0.707739

1.889918, -0.317640
0.706417, 0.707796

1.890083, -0.317666
0.706361, 0.707852

1.890249, -0.317692
0.706304, 0.707908

1.890415, -0.317718
0.706248, 0.707965

1.890581, -0.317744
0.706191, 0.708021

1.890746, -0.317770
0.706135, 0.708077

1.890912, -0.317796
0.706078, 0.708134

1.891078, -0.317822
0.706022, 0.708190

1.891244, -0.317848
0.705965, 0.708247

1.891409, -0.317874
0.705909, 0.708303

1.891575, -0.317901
0.705852, 0.708359

1.891741, -0.317927
0.705795, 0.708416

1.891907, -0.317953
0.705739, 0.708472

1.892072, -0.317979
0.705682, 0.708528

1.892238, -0.318005
0.705626, 0.708585

1.892404, -0.318031
0.705569, 0.708641

1.892570, -0.318057
0.705513, 0.708697

1.892735, -0.318083
0.705456, 0.708754

1.892901, -0.318109
0.705399, 0.708810

1.893067, -0.318135
0.705343, 0.708866

1.893232, -0.318161
0.705286, 0.708923

1.893398, -0.318188
0.705230, 0.708979

1.893564, -0.318214
0.705173, 0.709035

1.893730, -0.318240
0.705116, 0.709092

1.893895, -0.318266
0.705060, 0.709148

1.894061, -0.318292
0.705003, 0.709204

1.894227, -0.318318
0.704946, 0.709261

1.894393, -0.318344
0.704890, 0.709317

1.894558, -0.318370
0.704833, 0.709373

1.894724, -0.318396
0.704776, 0.709429

1.894890, -0.318422
0.704720, 0.709486

1.895056, -0.318448
0.704663, 0.709542

1.895221, -0.318475
0.704606, 0.709598

1.895387, -0.318501
0.704550, 0.709655

1.895553, -0.318527
0.704493, 0.709711

1.895718, -0.318553
0.704436, 0.709767

1.895884, -0.318579
0.704380, 0.709823

1.896050, -0.318605
0.704323, 0.709880

1.896216, -0.318631
0.704266, 0.709936

1.896381, -0.318657
0.704210, 0.709992

1.896547, -0.318683
0.704153, 0.710048

1.896713, -0.318709
0.704096, 0.710104

1.896878, -0.318735
0.704040, 0.710161

1.897044, -0.318761
0.703983, 0.710217

1.897210, -0.318788
0.703926, 0.710273

1.897375, -0.318814
0.703870, 0.710329

1.897541, -0.318840
0.703813, 0.710386

1.897707, -0.318866
0.703756, 0.710442

1.897873, -0.318892
0.703699, 0.710498

1.898038, -0.318918
0.703643, 0.710554

1.898204, -0.318944
0.703586, 0.710610

1.898370, -0.318970
0.703529, 0.710666

1.898535, -0.318996
0.703472, 0.710723

1.898701, -0.319022
0.703416, 0.710779

1.898867, -0.319048
0.703359, 0.710835

1.899032, -0.319074
0.703302, 0.710891

1.899198, -0.319101
0.703245, 0.710947

1.899364, -0.319127
0.703189, 0.711003

1.899530, -0.319153
0.703132, 0.711060

1.899695, -0.319179
0.703075, 0.711116

1.899861, -0.319205
0.703018, 0.711172

1.900027, -0.319231
0.702961, 0.711228

1.900192, -0.319257
0.702905, 0.711284

1.900358, -0.319283
0.702848, 0.711340

1.900524, -0.319309
0.702791, 0.711396

1.900689, -0.319335
0.702734, 0.711452

1.900855, -0.319361
0.702677, 0.711509

1.901021, -0.319387
0.702621, 0.711565

1.901186, -0.319414
0.702564, 0.711621

1.901352, -0.319440
0.702507, 0.711677

1.901518, -0.319466
0.702450, 0.711733

1.901683, -0.319492
0.702393, 0.711789

1.901849, -0.319518
0.702336, 0.711845

1.902015, -0.319544
0.702280, 0.711901

1.902180, -0.319570
0.702223, 0.711957

1.902346, -0.319596
0.702166, 0.712013

1.902512, -0.319622
0.702109, 0.712069

1.902677, -0.319648
0.702052, 0.712126

1.902843, -0.319674
0.701995, 0.712182

1.903009, -0.319700
0.701938, 0.712238

1.903174, -0.319726
0.701882, 0.712294

1.903340, -0.319753
0.701825, 0.712350

1.903506, -0.319779
0.701768, 0.712406

1.903671, -0.319805
0.701711, 0.712462

1.903837, -0.319831
0.701654, 0.712518

1.904003, -0.319857
0.701597, 0.712574

1.904168, -0.319883
0.701540, 0.712630

1.904334, -0.319909
0.701483, 0.712686

1.904500, -0.319935
0.701426, 0.712742

1.904665, -0.319961
0.701369, 0.712798

1.904831, -0.319987
0.701313, 0.712854

1.904997, -0.320013
0.701256, 0.712910

1.905162, -0.320039
0.701199, 0.712966

1.905328, -0.320065
0.701142, 0.713022

1.905494, -0.320092
0.701085, 0.713078

1.905659, -0.320118
0.701028, 0.713134

1.905825, -0.320144
0.700971, 0.713190

1.905991, -0.320170
0.700914, 0.713246

1.906156, -0.320196
0.700857, 0.713302

1.906322, -0.320222
0.700800, 0.713358

1.906487, -0.320248
0.700743, 0.713414

1.906653, -0.320274
0.700686, 0.713470

1.906819, -0.320300
0.700629, 0.713526

1.906984, -0.320326
0.700572, 0.713582

1.907150, -0.320352
0.700515, 0.713637

1.907316, -0.320378
0.700458, 0.713693

1.907481, -0.320404
0.700401, 0.713749

1.907647, -0.320430
0.700344, 0.713805

1.907813, -0.320457
0.700287, 0.713861

1.907978, -0.320483
0.700230, 0.713917

1.908144, -0.320509
0.700173, 0.713973

1.908309, -0.320535
0.700116, 0.714029

1.908475, -0.320561
0.700059, 0.714085

1.908641, -0.320587
0.700002, 0.714141

1.908806, -0.320613
0.699945, 0.714197

1.908972, -0.320639
0.699888, 0.714253

1.909138, -0.320665
0.699831, 0.714308

1.909303, -0.320691
0.699774, 0.714364

1.909469, -0.320717
0.699717, 0.714420

1.909634, -0.320743
0.699660, 0.714476

1.909800, -0.320769
0.699603, 0.714532

1.909966, -0.320795
0.699546, 0.714588

1.910131, -0.320821
0.699489, 0.714644

1.910297, -0.320848
0.699432, 0.714699

1.910462, -0.320874
0.699375, 0.714755

1.910628, -0.320900
0.699318, 0.714811

1.910794, -0.320926
0.699260, 0.714867

1.910959, -0.320952
0.699203, 0.714923

1.911125, -0.320978
0.699146, 0.714979

1.911290, -0.321004
0.699089, 0.715034

1.911456, -0.321030
0.699032, 0.715090

1.911622, -0.321056
0.698975, 0.715146

1.911787, -0.321082
0.698918, 0.715202

1.911953, -0.321108
0.698861, 0.715258

1.912118, -0.321134
0.698804, 0.715314

1.912284, -0.321160
0.698747, 0.715369

1.912450, -0.321186
0.698689, 0.715425

1.912615, -0.321212
0.698632, 0.715481

1.912781, -0.321239
0.698575, 0.715537

1.912946, -0.321265
0.698518, 0.715592

1.913112, -0.321291
0.698461, 0.715648

1.913278, -0.321317
0.698404, 0.715704

1.913443, -0.321343
0.698347, 0.715760

1.913609, -0.321369
0.698289, 0.715816

1.913774, -0.321395
0.698232, 0.715871

1.913940, -0.321421
0.698175, 0.715927

1.914106, -0.321447
0.698118, 0.715983

1.914271, -0.321473
0.698061, 0.716039

1.914437, -0.321499
0.698004, 0.716094

1.914602, -0.321525
0.697946, 0.716150

1.914768, -0.321551
0.697889, 0.716206

1.914934, -0.321577
0.697832, 0.716261

1.915099, -0.321603
0.697775, 0.716317

1.915265, -0.321629
0.697718, 0.716373

1.915430, -0.321656
0.697660, 0.716429

1.915596, -0.321682
0.697603, 0.716484

1.915761, -0.321708
0.697546, 0.716540

1.915927, -0.321734
0.697489, 0.716596

1.916093, -0.321760
0.697432, 0.716651

1.916258, -0.321786
0.697374, 0.716707

1.916424, -0.321812
0.697317, 0.716763

1.916589, -0.321838
0.697260, 0.716818

1.916755, -0.321864
0.697203, 0.716874

1.916920, -0.321890
0.697145, 0.716930

1.917086, -0.321916
0.697088, 0.716985

1.917252, -0.321942
0.697031, 0.717041

1.917417, -0.321968
0.696974, 0.717097

1.917583, -0.321994
0.696916, 0.717152

1.917748, -0.322020
0.696859, 0.717208

1.917914, -0.322046
0.696802, 0.717264

1.918079, -0.322073
0.696745, 0.717319

1.918245, -0.322099
0.696687, 0.717375

1.918410, -0.322125
0.696630, 0.717431

1.918576, -0.322151
0.696573, 0.717486

1.918742, -0.322177
0.696515, 0.717542

1.918907, -0.322203
0.696458, 0.717598

1.919073, -0.322229
0.696401, 0.717653

1.919238, -0.322255
0.696343, 0.717709

1.919404, -0.322281
0.696286, 0.717764

1.919569, -0.322307
0.696229, 0.717820

1.919735, -0.322333
0.696171, 0.717876

1.919900, -0.322359
0.696114, 0.717931

1.920066, -0.322385
0.696057, 0.717987

1.920231, -0.322411
0.696000, 0.718042

1.920397, -0.322437
0.695942, 0.718098

1.920563, -0.322463
0.695885, 0.718153

1.920728, -0.322489
0.695827, 0.718209

1.920894, -0.322515
0.695770, 0.718265

1.921059, -0.322542
0.695713, 0.718320

1.921225, -0.322568
0.695655, 0.718376

1.921390, -0.322594
0.695598, 0.718431

1.921556, -0.322620
0.695541, 0.718487

1.921721, -0.322646
0.695483, 0.718542

1.921887, -0.322672
0.695426, 0.718598

1.922052, -0.322698
0.695369, 0.718653

1.922218, -0.322724
0.695311, 0.718709

1.922383, -0.322750
0.695254, 0.718764

1.922549, -0.322776
0.695196, 0.718820

1.922715, -0.322802
0.695139, 0.718875

1.922880, -0.322828
0.695082, 0.718931

1.923046, -0.322854
0.695024, 0.718986

1.923211, -0.322880
0.694967, 0.719042

1.923377, -0.322906
0.694909, 0.719097

1.923542, -0.322932
0.694852, 0.719153

1.923708, -0.322958
0.694794, 0.719208

1.923873, -0.322984
0.694737, 0.719264

1.924039, -0.323010
0.694680, 0.719319

1.924204, -0.323037
0.694622, 0.719375

1.924370, -0.323063
0.694565, 0.719430

1.924535, -0.323089
0.694507, 0.719486

1.924701, -0.323115
0.694450, 0.719541

1.924866, -0.323141
0.694392, 0.719597

1.925032, -0.323167
0.694335, 0.719652

1.925197, -0.323193
0.694277, 0.719707

1.925363, -0.323219
0.694220, 0.719763

1.925528, -0.323245
0.694162, 0.719818

1.925694, -0.323271
0.694105, 0.719874

1.925859, -0.323297
0.694048, 0.719929

1.926025, -0.323323
0.693990, 0.719985

1.926190, -0.323349
0.693933, 0.720040

1.926356, -0.323375
0.693875, 0.720095

1.926521, -0.323401
0.693818, 0.720151

1.926687, -0.323427
0.693760, 0.720206

1.926852, -0.323453
0.693703, 0.720262

1.927018, -0.323479
0.693645, 0.720317

1.927183, -0.323505
0.693587, 0.720372

1.927349, -0.323531
0.693530, 0.720428

1.927514, -0.323557
0.693472, 0.720483

1.927680, -0.323584
0.693415, 0.720539

1.927845, -0.323610
0.693357, 0.720594

1.928011, -0.323636
0.693300, 0.720649

1.928176, -0.323662
0.693242, 0.720705

1.928342, -0.323688
0.693185, 0.720760

1.928507, -0.323714
0.693127, 0.720815

1.928673, -0.323740
0.693070, 0.720871

1.928838, -0.323766
0.693012, 0.720926

1.929004, -0.323792
0.692954, 0.720981

1.929169, -0.323818
0.692897, 0.721037

1.929335, -0.323844
0.692839, 0.721092

1.929500, -0.323870
0.692782, 0.721147

1.929666, -0.323896
0.692724, 0.721203

1.929831, -0.323922
0.692667, 0.721258

1.929997, -0.323948
0.692609, 0.721313

1.930162, -0.323974
0.692551, 0.721369

1.930327, -0.324000
0.692494, 0.721424

1.930493, -0.324026
0.692436, 0.721479

1.930658, -0.324052
0.692379, 0.721534

1.930824, -0.324078
0.692321, 0.721590

1.930989, -0.324104
0.692263, 0.721645

1.931155, -0.324130
0.692206, 0.721700

1.931320, -0.324156
0.692148, 0.721756

1.931486, -0.324183
0.692090, 0.721811

1.931651, -0.324209
0.692033, 0.721866

1.931817, -0.324235
0.691975, 0.721921

1.931982, -0.324261
0.691917, 0.721977

1.932148, -0.324287
0.691860, 0.722032

1.932313, -0.324313
0.691802, 0.722087

1.932479, -0.324339
0.691744, 0.722142

1.932644, -0.324365
0.691687, 0.722198

1.932809, -0.324391
0.691629, 0.722253

1.932975, -0.324417
0.691571, 0.722308

1.933140, -0.324443
0.691514, 0.722363

1.933306, -0.324469
0.691456, 0.722418

1.933471, -0.324495
0.691398, 0.722474

1.933637, -0.324521
0.691341, 0.722529

1.933802, -0.324547
0.691283, 0.722584

1.933968, -0.324573
0.691225, 0.722639

1.934133, -0.324599
0.691168, 0.722694

1.934298, -0.324625
0.691110, 0.722750

1.934464, -0.324651
0.691052, 0.722805

1.934629, -0.324677
0.690994, 0.722860

1.934795, -0.324703
0.690937, 0.722915

1.934960, -0.324729
0.690879, 0.722970

1.935126, -0.324755
0.690821, 0.723026

1.935291, -0.324781
0.690764, 0.723081

1.935457, -0.324807
0.690706, 0.723136

1.935622, -0.324833
0.690648, 0.723191

1.935787, -0.324860
0.690590, 0.723246

1.935953, -0.324886
0.690533, 0.723301

1.936118, -0.324912
0.690475, 0.723356

1.936284, -0.324938
0.690417, 0.723412

1.936449, -0.324964
0.690359, 0.723467

1.936615, -0.324990
0.690302, 0.723522

1.936780, -0.325016
0.690244, 0.723577

1.936945, -0.325042
0.690186, 0.723632

1.937111, -0.325068
0.690128, 0.723687

1.937276, -0.325094
0.690070, 0.723742

1.937442, -0.325120
0.690013, 0.723797

1.937607, -0.325146
0.689955, 0.723852

1.937773, -0.325172
0.689897, 0.723908

1.937938, -0.325198
0.689839, 0.723963

1.938103, -0.325224
0.689781, 0.724018

1.938269, -0.325250
0.689724, 0.724073

1.938434, -0.325276
0.689666, 0.724128

1.938600, -0.325302
0.689608, 0.724183

1.938765, -0.325328
0.689550, 0.724238

1.938931, -0.325354
0.689492, 0.724293

1.939096, -0.325380
0.689434, 0.724348

1.939261, -0.325406
0.689377, 0.724403

1.939427, -0.325432
0.689319, 0.724458

1.939592, -0.325458
0.689261, 0.724513

1.939758, -0.325484
0.689203, 0.724568

1.939923, -0.325510
0.689145, 0.724623

1.940088, -0.325536
0.689087, 0.724678

1.940254, -0.325562
0.689029, 0.724733

1.940419, -0.325588
0.688972, 0.724788

1.940585, -0.325614
0.688914, 0.724843

1.940750, -0.325641
0.688856, 0.724898

1.940915, -0.325667
0.688798, 0.724953

1.941081, -0.325693
0.688740, 0.725008

1.941246, -0.325719
0.688682, 0.725063

1.941412, -0.325745
0.688624, 0.725118

1.941577, -0.325771
0.688566, 0.725173

1.941742, -0.325797
0.688508, 0.725228

1.941908, -0.325823
0.688450, 0.725283

1.942073, -0.325849
0.688393, 0.725338

1.942239, -0.325875
0.688335, 0.725393

1.942404, -0.325901
0.688277, 0.725448

1.942569, -0.325927
0.688219, 0.725503

1.942735, -0.325953
0.688161, 0.725558

1.942900, -0.325979
0.688103, 0.725613

1.943065, -0.326005
0.688045, 0.725668

1.943231, -0.326031
0.687987, 0.725723

1.943396, -0.326057
0.687929, 0.725778

1.943562, -0.326083
0.687871, 0.725833

1.943727, -0.326109
0.687813, 0.725888

1.943892, -0.326135
0.687755, 0.725943

1.944058, -0.326161
0.687697, 0.725998

1.944223, -0.326187
0.687639, 0.726053

1.944389, -0.326213
0.687581, 0.726107

1.944554, -0.326239
0.687523, 0.726162

1.944719, -0.326265
0.687465, 0.726217

1.944885, -0.326291
0.687407, 0.726272

1.945050, -0.326317
0.687349, 0.726327

1.945215, -0.326343
0.687291, 0.726382

1.945381, -0.326369
0.687233, 0.726437

1.945546, -0.326395
0.687175, 0.726492

1.945712, -0.326421
0.687117, 0.726547

1.945877, -0.326447
0.687059, 0.726601

1.946042, -0.326473
0.687001, 0.726656

1.946208, -0.326499
0.686943, 0.726711

1.946373, -0.326525
0.686885, 0.726766

1.946538, -0.326551
0.686827, 0.726821

1.946704, -0.326577
0.686769, 0.726876

1.946869, -0.326604
0.686711, 0.726930

1.947034, -0.326630
0.686653, 0.726985

1.947200, -0.326656
0.686595, 0.727040

1.947365, -0.326682
0.686537, 0.727095

1.947530, -0.326708
0.686479, 0.727150

1.947696, -0.326734
0.686421, 0.727205

1.947861, -0.326760
0.686363, 0.727259

1.948027, -0.326786
0.686305, 0.727314

1.948192, -0.326812
0.686247, 0.727369

1.948357, -0.326838
0.686188, 0.727424

1.948523, -0.326864
0.686130, 0.727479

1.948688, -0.326890
0.686072, 0.727533

1.948853, -0.326916
0.686014, 0.727588

1.949019, -0.326942
0.685956, 0.727643

1.949184, -0.326968
0.685898, 0.727698

1.949349, -0.326994
0.685840, 0.727752

1.949515, -0.327020
0.685782, 0.727807

1.949680, -0.327046
0.685724, 0.727862

1.949845, -0.327072
0.685666, 0.727917

1.950011, -0.327098
0.685607, 0.727971

1.950176, -0.327124
0.685549, 0.728026

1.950341, -0.327150
0.685491, 0.728081

1.950507, -0.327176
0.685433, 0.728136

1.950672, -0.327202
0.685375, 0.728190

1.950837, -0.327228
0.685317, 0.728245

1.951003, -0.327254
0.685259, 0.728300

1.951168, -0.327280
0.685200, 0.728355

1.951333, -0.327306
0.685142, 0.728409

1.951499, -0.327332
0.685084, 0.728464

1.951664, -0.327358
0.685026, 0.728519

1.951829, -0.327384
0.684968, 0.728573

1.951995, -0.327410
0.684910, 0.728628

1.952160, -0.327436
0.684851, 0.728683

1.952325, -0.327462
0.684793, 0.728737

1.952491, -0.327488
0.684735, 0.728792

1.952656, -0.327514
0.684677, 0.728847

1.952821, -0.327540
0.684619, 0.728901

1.952987, -0.327566
0.684560, 0.728956

1.953152, -0.327592
0.684502, 0.729011

1.953317, -0.327618
0.684444, 0.729065

1.953483, -0.327644
0.684386, 0.729120

1.953648, -0.327670
0.684328, 0.729175

1.953813, -0.327696
0.684269, 0.729229

1.953978, -0.327722
0.684211, 0.729284

1.954144, -0.327748
0.684153, 0.729339

1.954309, -0.327774
0.684095, 0.729393

1.954474, -0.327800
0.684036, 0.729448

1.954640, -0.327826
0.683978, 0.729503

1.954805, -0.327852
0.683920, 0.729557

1.954970, -0.327878
0.683862, 0.729612

1.955136, -0.327904
0.683803, 0.729666

1.955301, -0.327930
0.683745, 0.729721

1.955466, -0.327956
0.683687, 0.729776

1.955632, -0.327982
0.683628, 0.729830

1.955797, -0.328008
0.683570, 0.729885

1.955962, -0.328034
0.683512, 0.729939

1.956127, -0.328060
0.683454, 0.729994

1.956293, -0.328086
0.683395, 0.730048

1.956458, -0.328112
0.683337, 0.730103

1.956623, -0.328139
0.683279, 0.730158

1.956789, -0.328165
0.683220, 0.730212

1.956954, -0.328191
0.683162, 0.730267

1.957119, -0.328217
0.683104, 0.730321

1.957284, -0.328243
0.683046, 0.730376

1.957450, -0.328269
0.682987, 0.730430

1.957615, -0.328295
0.682929, 0.730485

1.957780, -0.328321
0.682871, 0.730539

1.957946, -0.328347
0.682812, 0.730594

1.958111, -0.328373
0.682754, 0.730648

1.958276, -0.328399
0.682695, 0.730703

1.958441, -0.328425
0.682637, 0.730758

1.958607, -0.328451
0.682579, 0.730812

1.958772, -0.328477
0.682520, 0.730867

1.958937, -0.328503
0.682462, 0.730921

1.959103, -0.328529
0.682404, 0.730976

1.959268, -0.328555
0.682345, 0.731030

1.959433, -0.328581
0.682287, 0.731084

1.959598, -0.328607
0.682229, 0.731139

1.959764, -0.328633
0.682170, 0.731193

1.959929, -0.328659
0.682112, 0.731248

1.960094, -0.328685
0.682053, 0.731302

1.960259, -0.328711
0.681995, 0.731357

1.960425, -0.328737
0.681937, 0.731411

1.960590, -0.328763
0.681878, 0.731466

1.960755, -0.328789
0.681820, 0.731520

1.960921, -0.328815
0.681761, 0.731575

1.961086, -0.328841
0.681703, 0.731629

1.961251, -0.328867
0.681645, 0.731683

1.961416, -0.328893
0.681586, 0.731738

1.961582, -0.328919
0.681528, 0.731792

1.961747, -0.328945
0.681469, 0.731847

1.961912, -0.328971
0.681411, 0.731901

1.962077, -0.328997
0.681352, 0.731956

1.962243, -0.329023
0.681294, 0.732010

1.962408, -0.329049
0.681235, 0.732064

1.962573, -0.329075
0.681177, 0.732119

1.962738, -0.329101
0.681119, 0.732173

1.962904, -0.329127
0.681060, 0.732228

1.963069, -0.329153
0.681002, 0.732282

1.963234, -0.329179
0.680943, 0.732336

1.963399, -0.329205
0.680885, 0.732391

1.963565, -0.329231
0.680826, 0.732445

1.963730, -0.329257
0.680768, 0.732499

1.963895, -0.329283
0.680709, 0.732554

1.964060, -0.329309
0.680651, 0.732608

1.964226, -0.329335
0.680592, 0.732662

1.964391, -0.329361
0.680534, 0.732717

1.964556, -0.329387
0.680475, 0.732771

1.964721, -0.329413
0.680417, 0.732825

1.964887, -0.329439
0.680358, 0.732880

1.965052, -0.329465
0.680300, 0.732934

1.965217, -0.329491
0.680241, 0.732988

1.965382, -0.329517
0.680183, 0.733043

1.965548, -0.329543
0.680124, 0.733097

1.965713, -0.329569
0.680065, 0.733151

1.965878, -0.329595
0.680007, 0.733206

1.966043, -0.329621
0.679948, 0.733260

1.966208, -0.329647
0.679890, 0.733314

1.966374, -0.329673
0.679831, 0.733369

1.966539, -0.329699
0.679773, 0.733423

1.966704, -0.329725
0.679714, 0.733477

1.966869, -0.329751
0.679656, 0.733531

1.967035, -0.329777
0.679597, 0.733586

1.967200, -0.329803
0.679538, 0.733640

1.967365, -0.329829
0.679480, 0.733694

1.967530, -0.329855
0.679421, 0.733748

1.967695, -0.329881
0.679363, 0.733803

1.967861, -0.329907
0.679304, 0.733857

1.968026, -0.329933
0.679245, 0.733911

1.968191, -0.329959
0.679187, 0.733965

1.968356, -0.329985
0.679128, 0.734020

1.968522, -0.330011
0.679070, 0.734074

1.968687, -0.330037
0.679011, 0.734128

1.968852, -0.330063
0.678952, 0.734182

1.969017, -0.330089
0.678894, 0.734237

1.969182, -0.330115
0.678835, 0.734291

1.969348, -0.330141
0.678776, 0.734345

1.969513, -0.330167
0.678718, 0.734399

1.969678, -0.330193
0.678659, 0.734453

1.969843, -0.330219
0.678601, 0.734508

1.970008, -0.330245
0.678542, 0.734562

1.970174, -0.330271
0.678483, 0.734616

1.970339, -0.330297
0.678425, 0.734670

1.970504, -0.330323
0.678366, 0.734724

1.970669, -0.330349
0.678307, 0.734778

1.970834, -0.330375
0.678249, 0.734833

1.971000, -0.330401
0.678190, 0.734887

1.971165, -0.330427
0.678131, 0.734941

1.971330, -0.330453
0.678073, 0.734995

1.971495, -0.330479
0.678014, 0.735049

1.971660, -0.330505
0.677955, 0.735103

1.971826, -0.330531
0.677896, 0.735157

1.971991, -0.330557
0.677838, 0.735212

1.972156, -0.330583
0.677779, 0.735266

1.972321, -0.330609
0.677720, 0.735320

1.972486, -0.330635
0.677662, 0.735374

1.972652, -0.330661
0.677603, 0.735428

1.972817, -0.330687
0.677544, 0.735482

1.972982, -0.330713
0.677485, 0.735536

1.973147, -0.330739
0.677427, 0.735590

1.973312, -0.330765
0.677368, 0.735644

1.973477, -0.330791
0.677309, 0.735699

1.973643, -0.330817
0.677250, 0.735753

1.973808, -0.330843
0.677192, 0.735807

1.973973, -0.330869
0.677133, 0.735861

1.974138, -0.330895
0.677074, 0.735915

1.974303, -0.330921
0.677015, 0.735969

1.974468, -0.330947
0.676957, 0.736023

1.974634, -0.330973
0.676898, 0.736077

1.974799, -0.330999
0.676839, 0.736131

1.974964, -0.331025
0.676780, 0.736185

1.975129, -0.331051
0.676721, 0.736239

1.975294, -0.331077
0.676663, 0.736293

1.975460, -0.331103
0.676604, 0.736347

1.975625, -0.331128
0.676545, 0.736401

1.975790, -0.331154
0.676486, 0.736455

1.975955, -0.331180
0.676427, 0.736509

1.976120, -0.331206
0.676369, 0.736563

1.976285, -0.331232
0.676310, 0.736617

1.976451, -0.331258
0.676251, 0.736671

1.976616, -0.331284
0.676192, 0.736725

1.976781, -0.331310
0.676133, 0.736779

1.976946, -0.331336
0.676075, 0.736833

1.977111, -0.331362
0.676016, 0.736887

1.977276, -0.331388
0.675957, 0.736941

1.977441, -0.331414
0.675898, 0.736995

1.977607, -0.331440
0.675839, 0.737049

1.977772, -0.331466
0.675780, 0.737103

1.977937, -0.331492
0.675721, 0.737157

1.978102, -0.331518
0.675663, 0.737211

1.978267, -0.331544
0.675604, 0.737265

1.978432, -0.331570
0.675545, 0.737319

1.978598, -0.331596
0.675486, 0.737373

1.978763, -0.331622
0.675427, 0.737427

1.978928, -0.331648
0.675368, 0.737481

1.979093, -0.331674
0.675309, 0.737535

1.979258, -0.331700
0.675250, 0.737589

1.979423, -0.331726
0.675192, 0.737642

1.979588, -0.331752
0.675133, 0.737696

1.979754, -0.331778
0.675074, 0.737750

1.979919, -0.331804
0.675015, 0.737804

1.980084, -0.331830
0.674956, 0.737858

1.980249, -0.331856
0.674897, 0.737912

1.980414, -0.331882
0.674838, 0.737966

1.980579, -0.331908
0.674779, 0.738020

1.980744, -0.331934
0.674720, 0.738074

1.980909, -0.331960
0.674661, 0.738128

1.981075, -0.331986
0.674602, 0.738181

1.981240, -0.332012
0.674543, 0.738235

1.981405, -0.332038
0.674484, 0.738289

1.981570, -0.332064
0.674425, 0.738343

1.981735, -0.332090
0.674366, 0.738397

1.981900, -0.332116
0.674307, 0.738451

1.982065, -0.332142
0.674249, 0.738505

1.982230, -0.332168
0.674190, 0.738558

1.982396, -0.332194
0.674131, 0.738612

1.982561, -0.332220
0.674072, 0.738666

1.982726, -0.332246
0.674013, 0.738720

1.982891, -0.332272
0.673954, 0.738774

1.983056, -0.332298
0.673895, 0.738827

1.983221, -0.332324
0.673836, 0.738881

1.983386, -0.332350
0.673777, 0.738935

1.983551, -0.332376
0.673718, 0.738989

1.983717, -0.332402
0.673659, 0.739043

1.983882, -0.332428
0.673600, 0.739096

1.984047, -0.332454
0.673541, 0.739150

1.984212, -0.332480
0.673482, 0.739204

1.984377, -0.332506
0.673423, 0.739258

1.984542, -0.332532
0.673363, 0.739312

1.984707, -0.332558
0.673304, 0.739365

1.984872, -0.332584
0.673245, 0.739419

1.985037, -0.332610
0.673186, 0.739473

1.985203, -0.332636
0.673127, 0.739527

1.985368, -0.332661
0.673068, 0.739580

1.985533, -0.332687
0.673009, 0.739634

1.985698, -0.332713
0.672950, 0.739688

1.985863, -0.332739
0.672891, 0.739742

1.986028, -0.332765
0.672832, 0.739795

1.986193, -0.332791
0.672773, 0.739849

1.986358, -0.332817
0.672714, 0.739903

1.986523, -0.332843
0.672655, 0.739956

1.986688, -0.332869
0.672596, 0.740010

1.986853, -0.332895
0.672537, 0.740064

1.987019, -0.332921
0.672477, 0.740118

1.987184, -0.332947
0.672418, 0.740171

1.987349, -0.332973
0.672359, 0.740225

1.987514, -0.332999
0.672300, 0.740279

1.987679, -0.333025
0.672241, 0.740332

1.987844, -0.333051
0.672182, 0.740386

1.988009, -0.333077
0.672123, 0.740440

1.988174, -0.333103
0.672064, 0.740493

1.988339, -0.333129
0.672005, 0.740547

1.988504, -0.333155
0.671945, 0.740601

1.988669, -0.333181
0.671886, 0.740654

1.988835, -0.333207
0.671827, 0.740708

1.989000, -0.333233
0.671768, 0.740762

1.989165, -0.333259
0.671709, 0.740815

1.989330, -0.333285
0.671650, 0.740869

1.989495, -0.333311
0.671591, 0.740923

1.989660, -0.333337
0.671531, 0.740976

1.989825, -0.333363
0.671472, 0.741030

1.989990, -0.333389
0.671413, 0.741083

1.990155, -0.333415
0.671354, 0.741137

1.990320, -0.333441
0.671295, 0.741191

1.990485, -0.333467
0.671235, 0.741244

1.990650, -0.333493
0.671176, 0.741298

1.990815, -0.333519
0.671117, 0.741351

1.990980, -0.333545
0.671058, 0.741405

1.991146, -0.333571
0.670999, 0.741459

1.991311, -0.333597
0.670939, 0.741512

1.991476, -0.333623
0.670880, 0.741566

1.991641, -0.333648
0.670821, 0.741619

1.991806, -0.333674
0.670762, 0.741673

1.991971, -0.333700
0.670703, 0.741726

1.992136, -0.333726
0.670643, 0.741780

1.992301, -0.333752
0.670584, 0.741833

1.992466, -0.333778
0.670525, 0.741887

1.992631, -0.333804
0.670466, 0.741941

1.992796, -0.333830
0.670406, 0.741994

1.992961, -0.333856
0.670347, 0.742048

1.993126, -0.333882
0.670288, 0.742101

1.993291, -0.333908
0.670229, 0.742155

1.993456, -0.333934
0.670169, 0.742208

1.993621, -0.333960
0.670110, 0.742262

1.993786, -0.333986
0.670051, 0.742315

1.993951, -0.334012
0.669992, 0.742369

1.994117, -0.334038
0.669932, 0.742422

1.994282, -0.334064
0.669873, 0.742476

1.994447, -0.334090
0.669814, 0.742529

1.994612, -0.334116
0.669754, 0.742583

1.994777, -0.334142
0.669695, 0.742636

1.994942, -0.334168
0.669636, 0.742690

1.995107, -0.334194
0.669576, 0.742743

1.995272, -0.334220
0.669517, 0.742797

1.995437, -0.334246
0.669458, 0.742850

1.995602, -0.334272
0.669399, 0.742903

1.995767, -0.334298
0.669339, 0.742957

1.995932, -0.334324
0.669280, 0.743010

1.996097, -0.334350
0.669221, 0.743064

1.996262, -0.334376
0.669161, 0.743117

1.996427, -0.334402
0.669102, 0.743171

1.996592, -0.334428
0.669043, 0.743224

1.996757, -0.334453
0.668983, 0.743278

1.996922, -0.334479
0.668924, 0.743331

1.997087, -0.334505
0.668864, 0.743384

1.997252, -0.334531
0.668805, 0.743438

1.997417, -0.334557
0.668746, 0.743491

1.997582, -0.334583
0.668686, 0.743545

1.997747, -0.334609
0.668627, 0.743598

1.997912, -0.334635
0.668568, 0.743651

1.998077, -0.334661
0.668508, 0.743705

1.998242, -0.334687
0.668449, 0.743758

1.998407, -0.334713
0.668389, 0.743811

1.998572, -0.334739
0.668330, 0.743865

1.998737, -0.334765
0.668271, 0.743918

1.998902, -0.334791
0.668211, 0.743972

1.999067, -0.334817
0.668152, 0.744025

1.999232, -0.334843
0.668092, 0.744078

1.999397, -0.334869
0.668033, 0.744132

1.999562, -0.334895
0.667974, 0.744185

1.999727, -0.334921
0.667914, 0.744238

1.999892, -0.334947
0.667855, 0.744292

2.000057, -0.334973
0.667795, 0.744345

2.000222, -0.334999
0.667736, 0.744398

2.000387, -0.335025
0.667676, 0.744452

2.000552, -0.335051
0.667617, 0.744505

2.000717, -0.335077
0.667558, 0.744558

2.000882, -0.335103
0.667498, 0.744612

2.001047, -0.335128
0.667439, 0.744665

2.001212, -0.335154
0.667379, 0.744718

2.001377, -0.335180
0.667320, 0.744771

2.001542, -0.335206
0.667260, 0.744825

2.001707, -0.335232
0.667201, 0.744878

2.001872, -0.335258
0.667141, 0.744931

2.002037, -0.335284
0.667082, 0.744985

2.002202, -0.335310
0.667022, 0.745038

2.002367, -0.335336
0.666963, 0.745091

2.002532, -0.335362
0.666903, 0.745144

2.002697, -0.335388
0.666844, 0.745198

2.002862, -0.335414
0.666784, 0.745251

2.003027, -0.335440
0.666725, 0.745304

2.003192, -0.335466
0.666665, 0.745357

2.003357, -0.335492
0.666606, 0.745410

2.003522, -0.335518
0.666546, 0.745464

2.003687, -0.335544
0.666487, 0.745517

2.003852, -0.335570
0.666427, 0.745570

2.004017, -0.335596
0.666368, 0.745623

2.004182, -0.335622
0.666308, 0.745677

2.004347, -0.335648
0.666249, 0.745730

2.004512, -0.335674
0.666189, 0.745783

2.004677, -0.335700
0.666129, 0.745836

2.004842, -0.335726
0.666070, 0.745889

2.005007, -0.335751
0.666010, 0.745943

2.005172, -0.335777
0.665951, 0.745996

2.005337, -0.335803
0.665891, 0.746049

2.005502, -0.335829
0.665832, 0.746102

2.005667, -0.335855
0.665772, 0.746155

2.005832, -0.335881
0.665712, 0.746208

2.005997, -0.335907
0.665653, 0.746262

2.006162, -0.335933
0.665593, 0.746315

2.006327, -0.335959
0.665534, 0.746368

2.006492, -0.335985
0.665474, 0.746421

2.006657, -0.336011
0.665414, 0.746474

2.006822, -0.336037
0.665355, 0.746527

2.006987, -0.336063
0.665295, 0.746580

2.007152, -0.336089
0.665236, 0.746634

2.007317, -0.336115
0.665176, 0.746687

2.007482, -0.336141
0.665116, 0.746740

2.007647, -0.336167
0.665057, 0.746793

2.007812, -0.336193
0.664997, 0.746846

2.007977, -0.336219
0.664937, 0.746899

2.008141, -0.336245
0.664878, 0.746952

2.008306, -0.336271
0.664818, 0.747005

2.008471, -0.336296
0.664759, 0.747058

2.008636, -0.336322
0.664699, 0.747111

2.008801, -0.336348
0.664639, 0.747164

2.008966, -0.336374
0.664580, 0.747218

2.009131, -0.336400
0.664520, 0.747271

2.009296, -0.336426
0.664460, 0.747324

2.009461, -0.336452
0.664401, 0.747377

2.009626, -0.336478
0.664341, 0.747430

2.009791, -0.336504
0.664281, 0.747483

2.009956, -0.336530
0.664221, 0.747536

2.010121, -0.336556
0.664162, 0.747589

2.010286, -0.336582
0.664102, 0.747642

2.010451, -0.336608
0.664042, 0.747695

2.010616, -0.336634
0.663983, 0.747748

2.010781, -0.336660
0.663923, 0.747801

2.010946, -0.336686
0.663863, 0.747854

2.011111, -0.336712
0.663804, 0.747907

2.011275, -0.336738
0.663744, 0.747960

2.011440, -0.336764
0.663684, 0.748013

2.011605, -0.336790
0.663624, 0.748066

2.011770, -0.336815
0.663565, 0.748119

2.011935, -0.336841
0.663505, 0.748172

2.012100, -0.336867
0.663445, 0.748225

2.012265, -0.336893
0.663385, 0.748278

2.012430, -0.336919
0.663326, 0.748331

2.012595, -0.336945
0.663266, 0.748384

2.012760, -0.336971
0.663206, 0.748437

2.012925, -0.336997
0.663146, 0.748490

2.013090, -0.337023
0.663087, 0.748543

2.013255, -0.337049
0.663027, 0.748596

2.013420, -0.337075
0.662967, 0.748649

2.013584, -0.337101
0.662907, 0.748702

2.013749, -0.337127
0.662847, 0.748754

2.013914, -0.337153
0.662788, 0.748807

2.014079, -0.337179
0.662728, 0.748860

2.014244, -0.337205
0.662668, 0.748913

2.014409, -0.337231
0.662608, 0.748966

2.014574, -0.337257
0.662548, 0.749019

2.014739, -0.337282
0.662489, 0.749072

2.014904, -0.337308
0.662429, 0.749125

2.015069, -0.337334
0.662369, 0.749178

2.015234, -0.337360
0.662309, 0.749231

2.015398, -0.337386
0.662249, 0.749284

2.015563, -0.337412
0.662189, 0.749336

2.015728, -0.337438
0.662130, 0.749389

2.015893, -0.337464
0.662070, 0.749442

2.016058, -0.337490
0.662010, 0.749495

2.016223, -0.337516
0.661950, 0.749548

2.016388, -0.337542
0.661890, 0.749601

2.016553, -0.337568
0.661830, 0.749654

2.016718, -0.337594
0.661771, 0.749706

2.016883, -0.337620
0.661711, 0.749759

2.017048, -0.337646
0.661651, 0.749812

2.017212, -0.337672
0.661591, 0.749865

2.017377, -0.337698
0.661531, 0.749918

2.017542, -0.337723
0.661471, 0.749971

2.017707, -0.337749
0.661411, 0.750023

2.017872, -0.337775
0.661351, 0.750076

2.018037, -0.337801
0.661291, 0.750129

2.018202, -0.337827
0.661232, 0.750182

2.018367, -0.337853
0.661172, 0.750235

2.018532, -0.337879
0.661112, 0.750287

2.018696, -0.337905
0.661052, 0.750340

2.018861, -0.337931
0.660992, 0.750393

2.019026, -0.337957
0.660932, 0.750446

2.019191, -0.337983
0.660872, 0.750499

2.019356, -0.338009
0.660812, 0.750551

2.019521, -0.338035
0.660752, 0.750604

2.019686, -0.338061
0.660692, 0.750657

2.019851, -0.338087
0.660632, 0.750710

2.020016, -0.338113
0.660572, 0.750762

2.020180, -0.338139
0.660512, 0.750815

2.020345, -0.338164
0.660453, 0.750868

2.020510, -0.338190
0.660393, 0.750921

2.020675, -0.338216
0.660333, 0.750973

2.020840, -0.338242
0.660273, 0.751026

2.021005, -0.338268
0.660213, 0.751079

2.021170, -0.338294
0.660153, 0.751131

2.021335, -0.338320
0.660093, 0.751184

2.021499, -0.338346
0.660033, 0.751237

2.021664, -0.338372
0.659973, 0.751290

2.021829, -0.338398
0.659913, 0.751342

2.021994, -0.338424
0.659853, 0.751395

2.022159, -0.338450
0.659793, 0.751448

2.022324, -0.338476
0.659733, 0.751500

2.022489, -0.338502
0.659673, 0.751553

2.022653, -0.338528
0.659613, 0.751606

2.022818, -0.338554
0.659553, 0.751658

2.022983, -0.338579
0.659493, 0.751711

2.023148, -0.338605
0.659433, 0.751764

2.023313, -0.338631
0.659373, 0.751816

2.023478, -0.338657
0.659313, 0.751869

2.023643, -0.338683
0.659253, 0.751922

2.023807, -0.338709
0.659192, 0.751974

2.023972, -0.338735
0.659132, 0.752027

2.024137, -0.338761
0.659072, 0.752080

2.024302, -0.338787
0.659012, 0.752132

2.024467, -0.338813
0.658952, 0.752185

2.024632, -0.338839
0.658892, 0.752237

2.024797, -0.338865
0.658832, 0.752290

2.024961, -0.338891
0.658772, 0.752343

2.025126, -0.338917
0.658712, 0.752395

2.025291, -0.338943
0.658652, 0.752448

2.025456, -0.338968
0.658592, 0.752500

2.025621, -0.338994
0.658532, 0.752553

2.025786, -0.339020
0.658472, 0.752606

2.025950, -0.339046
0.658412, 0.752658

2.026115, -0.339072
0.658351, 0.752711

2.026280, -0.339098
0.658291, 0.752763

2.026445, -0.339124
0.658231, 0.752816

2.026610, -0.339150
0.658171, 0.752868

2.026775, -0.339176
0.658111, 0.752921

2.026940, -0.339202
0.658051, 0.752974

2.027104, -0.339228
0.657991, 0.753026

2.027269, -0.339254
0.657931, 0.753079

2.027434, -0.339280
0.657870, 0.753131

2.027599, -0.339306
0.657810, 0.753184

2.027764, -0.339331
0.657750, 0.753236

2.027928, -0.339357
0.657690, 0.753289

2.028093, -0.339383
0.657630, 0.753341

2.028258, -0.339409
0.657570, 0.753394

2.028423, -0.339435
0.657510, 0.753446

2.028588, -0.339461
0.657449, 0.753499

2.028753, -0.339487
0.657389, 0.753551

2.028917, -0.339513
0.657329, 0.753604

2.029082, -0.339539
0.657269, 0.753656

2.029247, -0.339565
0.657209, 0.753709

2.029412, -0.339591
0.657148, 0.753761

2.029577, -0.339617
0.657088, 0.753814

2.029742, -0.339643
0.657028, 0.753866

2.029906, -0.339669
0.656968, 0.753919

2.030071, -0.339694
0.656908, 0.753971

2.030236, -0.339720
0.656847, 0.754023

2.030401, -0.339746
0.656787, 0.754076

2.030566, -0.339772
0.656727, 0.754128

2.030730, -0.339798
0.656667, 0.754181

2.030895, -0.339824
0.656607, 0.754233

2.031060, -0.339850
0.656546, 0.754286

2.031225, -0.339876
0.656486, 0.754338

2.031390, -0.339902
0.656426, 0.754390

2.031554, -0.339928
0.656366, 0.754443

2.031719, -0.339954
0.656305, 0.754495

2.031884, -0.339980
0.656245, 0.754548

2.032049, -0.340006
0.656185, 0.754600

2.032214, -0.340032
0.656125, 0.754653

2.032379, -0.340057
0.656064, 0.754705

2.032543, -0.340083
0.656004, 0.754757

2.032708, -0.340109
0.655944, 0.754810

2.032873, -0.340135
0.655884, 0.754862

2.033038, -0.340161
0.655823, 0.754914

2.033202, -0.340187
0.655763, 0.754967

2.033367, -0.340213
0.655703, 0.755019

2.033532, -0.340239
0.655642, 0.755072

2.033697, -0.340265
0.655582, 0.755124

2.033862, -0.340291
0.655522, 0.755176

2.034026, -0.340317
0.655462, 0.755229

2.034191, -0.340343
0.655401, 0.755281

2.034356, -0.340369
0.655341, 0.755333

2.034521, -0.340394
0.655281, 0.755386

2.034686, -0.340420
0.655220, 0.755438

2.034850, -0.340446
0.655160, 0.755490

2.035015, -0.340472
0.655100, 0.755542

2.035180, -0.340498
0.655039, 0.755595

2.035345, -0.340524
0.654979, 0.755647

2.035510, -0.340550
0.654919, 0.755699

2.035674, -0.340576
0.654858, 0.755752

2.035839, -0.340602
0.654798, 0.755804

2.036004, -0.340628
0.654738, 0.755856

2.036169, -0.340654
0.654677, 0.755909

2.036333, -0.340680
0.654617, 0.755961

2.036498, -0.340705
0.654557, 0.756013

2.036663, -0.340731
0.654496, 0.756065

2.036828, -0.340757
0.654436, 0.756118

2.036993, -0.340783
0.654375, 0.756170

2.037157, -0.340809
0.654315, 0.756222

2.037322, -0.340835
0.654255, 0.756274

2.037487, -0.340861
0.654194, 0.756327

2.037652, -0.340887
0.654134, 0.756379

2.037816, -0.340913
0.654073, 0.756431

2.037981, -0.340939
0.654013, 0.756483

2.038146, -0.340965
0.653953, 0.756536

2.038311, -0.340991
0.653892, 0.756588

2.038475, -0.341017
0.653832, 0.756640

2.038640, -0.341042
0.653771, 0.756692

2.038805, -0.341068
0.653711, 0.756744

2.038970, -0.341094
0.653651, 0.756797

2.039134, -0.341120
0.653590, 0.756849

2.039299, -0.341146
0.653530, 0.756901

2.039464, -0.341172
0.653469, 0.756953

2.039629, -0.341198
0.653409, 0.757005

2.039794, -0.341224
0.653348, 0.757057

2.039958, -0.341250
0.653288, 0.757110

2.040123, -0.341276
0.653227, 0.757162

2.040288, -0.341302
0.653167, 0.757214

2.040453, -0.341328
0.653106, 0.757266

2.040617, -0.341353
0.653046, 0.757318

2.040782, -0.341379
0.652986, 0.757370

2.040947, -0.341405
0.652925, 0.757423

2.041112, -0.341431
0.652865, 0.757475

2.041276, -0.341457
0.652804, 0.757527

2.041441, -0.341483
0.652744, 0.757579

2.041606, -0.341509
0.652683, 0.757631

2.041770, -0.341535
0.652623, 0.757683

2.041935, -0.341561
0.652562, 0.757735

2.042100, -0.341587
0.652502, 0.757787

2.042265, -0.341613
0.652441, 0.757839

2.042429, -0.341638
0.652381, 0.757892

2.042594, -0.341664
0.652320, 0.757944

2.042759, -0.341690
0.652259, 0.757996

2.042924, -0.341716
0.652199, 0.758048

2.043088, -0.341742
0.652138, 0.758100

2.043253, -0.341768
0.652078, 0.758152

2.043418, -0.341794
0.652017, 0.758204

2.043583, -0.341820
0.651957, 0.758256

2.043747, -0.341846
0.651896, 0.758308

2.043912, -0.341872
0.651836, 0.758360

2.044077, -0.341898
0.651775, 0.758412

2.044242, -0.341924
0.651715, 0.758464

2.044406, -0.341949
0.651654, 0.758516

2.044571, -0.341975
0.651593, 0.758568

2.044736, -0.342001
0.651533, 0.758620

2.044900, -0.342027
0.651472, 0.758672

2.045065, -0.342053
0.651412, 0.758724

2.045230, -0.342079
0.651351, 0.758776

2.045395, -0.342105
0.651291, 0.758828

2.045559, -0.342131
0.651230, 0.758880

2.045724, -0.342157
0.651169, 0.758932

2.045889, -0.342183
0.651109, 0.758984

2.046053, -0.342209
0.651048, 0.759036

2.046218, -0.342234
0.650988, 0.759088

2.046383, -0.342260
0.650927, 0.759140

2.046548, -0.342286
0.650866, 0.759192

2.046712, -0.342312
0.650806, 0.759244

2.046877, -0.342338
0.650745, 0.759296

2.047042, -0.342364
0.650684, 0.759348

2.047206, -0.342390
0.650624, 0.759400

2.047371, -0.342416
0.650563, 0.759452

2.047536, -0.342442
0.650502, 0.759504

2.047701, -0.342468
0.650442, 0.759556

2.047865, -0.342494
0.650381, 0.759608

2.048030, -0.342519
0.650321, 0.759660

2.048195, -0.342545
0.650260, 0.759712

2.048359, -0.342571
0.650199, 0.759764

2.048524, -0.342597
0.650139, 0.759816

2.048689, -0.342623
0.650078, 0.759868

2.048853, -0.342649
0.650017, 0.759920

2.049018, -0.342675
0.649956, 0.759971

2.049183, -0.342701
0.649896, 0.760023

2.049348, -0.342727
0.649835, 0.760075

2.049512, -0.342753
0.649774, 0.760127

2.049677, -0.342778
0.649714, 0.760179

2.049842, -0.342804
0.649653, 0.760231

2.050006, -0.342830
0.649592, 0.760283

2.050171, -0.342856
0.649532, 0.760335

2.050336, -0.342882
0.649471, 0.760386

2.050500, -0.342908
0.649410, 0.760438

2.050665, -0.342934
0.649349, 0.760490

2.050830, -0.342960
0.649289, 0.760542

2.050994, -0.342986
0.649228, 0.760594

2.051159, -0.343012
0.649167, 0.760646

2.051324, -0.343038
0.649106, 0.760698

2.051489, -0.343063
0.649046, 0.760749

2.051653, -0.343089
0.648985, 0.760801

2.051818, -0.343115
0.648924, 0.760853

2.051983, -0.343141
0.648863, 0.760905

2.052147, -0.343167
0.648803, 0.760957

2.052312, -0.343193
0.648742, 0.761008

2.052477, -0.343219
0.648681, 0.761060

2.052641, -0.343245
0.648620, 0.761112

2.052806, -0.343271
0.648560, 0.761164

2.052971, -0.343297
0.648499, 0.761216

2.053135, -0.343322
0.648438, 0.761267

2.053300, -0.343348
0.648377, 0.761319

2.053465, -0.343374
0.648316, 0.761371

2.053629, -0.343400
0.648256, 0.761423

2.053794, -0.343426
0.648195, 0.761474

2.053959, -0.343452
0.648134, 0.761526

2.054123, -0.343478
0.648073, 0.761578

2.054288, -0.343504
0.648012, 0.761630

2.054453, -0.343530
0.647952, 0.761681

2.054617, -0.343556
0.647891, 0.761733

2.054782, -0.343581
0.647830, 0.761785

2.054947, -0.343607
0.647769, 0.761837

2.055111, -0.343633
0.647708, 0.761888

2.055276, -0.343659
0.647647, 0.761940

2.055441, -0.343685
0.647587, 0.761992

2.055605, -0.343711
0.647526, 0.762044

2.055770, -0.343737
0.647465, 0.762095

2.055935, -0.343763
0.647404, 0.762147

2.056099, -0.343789
0.647343, 0.762199

2.056264, -0.343815
0.647282, 0.762250

2.056429, -0.343840
0.647221, 0.762302

2.056593, -0.343866
0.647161, 0.762354

2.056758, -0.343892
0.647100, 0.762405

2.056923, -0.343918
0.647039, 0.762457

2.057087, -0.343944
0.646978, 0.762509

2.057252, -0.343970
0.646917, 0.762560

2.057416, -0.343996
0.646856, 0.762612

2.057581, -0.344022
0.646795, 0.762664

2.057746, -0.344048
0.646734, 0.762715

2.057910, -0.344074
0.646673, 0.762767

2.058075, -0.344099
0.646613, 0.762819

2.058240, -0.344125
0.646552, 0.762870

2.058404, -0.344151
0.646491, 0.762922

2.058569, -0.344177
0.646430, 0.762973

2.058734, -0.344203
0.646369, 0.763025

2.058898, -0.344229
0.646308, 0.763077

2.059063, -0.344255
0.646247, 0.763128

2.059228, -0.344281
0.646186, 0.763180

2.059392, -0.344307
0.646125, 0.763231

2.059557, -0.344333
0.646064, 0.763283

2.059721, -0.344358
0.646003, 0.763335

2.059886, -0.344384
0.645942, 0.763386

2.060051, -0.344410
0.645881, 0.763438

2.060215, -0.344436
0.645820, 0.763489

2.060380, -0.344462
0.645759, 0.763541

2.060545, -0.344488
0.645698, 0.763593

2.060709, -0.344514
0.645637, 0.763644

2.060874, -0.344540
0.645576, 0.763696

2.061038, -0.344566
0.645515, 0.763747

2.061203, -0.344591
0.645455, 0.763799

2.061368, -0.344617
0.645394, 0.763850

2.061532, -0.344643
0.645333, 0.763902

2.061697, -0.344669
0.645272, 0.763953

2.061862, -0.344695
0.645211, 0.764005

2.062026, -0.344721
0.645150, 0.764056

2.062191, -0.344747
0.645088, 0.764108

2.062355, -0.344773
0.645027, 0.764159

2.062520, -0.344799
0.644966, 0.764211

2.062685, -0.344824
0.644905, 0.764262

2.062849, -0.344850
0.644844, 0.764314

2.063014, -0.344876
0.644783, 0.764365

2.063178, -0.344902
0.644722, 0.764417

2.063343, -0.344928
0.644661, 0.764468

2.063508, -0.344954
0.644600, 0.764520

2.063672, -0.344980
0.644539, 0.764571

2.063837, -0.345006
0.644478, 0.764623

2.064001, -0.345032
0.644417, 0.764674

2.064166, -0.345057
0.644356, 0.764726

2.064331, -0.345083
0.644295, 0.764777

2.064495, -0.345109
0.644234, 0.764829

2.064660, -0.345135
0.644173, 0.764880

2.064825, -0.345161
0.644112, 0.764931

2.064989, -0.345187
0.644051, 0.764983

2.065154, -0.345213
0.643990, 0.765034

2.065318, -0.345239
0.643928, 0.765086

2.065483, -0.345265
0.643867, 0.765137

2.065648, -0.345291
0.643806, 0.765189

2.065812, -0.345316
0.643745, 0.765240

2.065977, -0.345342
0.643684, 0.765291

2.066141, -0.345368
0.643623, 0.765343

2.066306, -0.345394
0.643562, 0.765394

2.066470, -0.345420
0.643501, 0.765446

2.066635, -0.345446
0.643440, 0.765497

2.066800, -0.345472
0.643378, 0.765548

2.066964, -0.345498
0.643317, 0.765600

2.067129, -0.345523
0.643256, 0.765651

2.067293, -0.345549
0.643195, 0.765702

2.067458, -0.345575
0.643134, 0.765754

2.067623, -0.345601
0.643073, 0.765805

2.067787, -0.345627
0.643012, 0.765856

2.067952, -0.345653
0.642950, 0.765908

2.068116, -0.345679
0.642889, 0.765959

2.068281, -0.345705
0.642828, 0.766010

2.068445, -0.345731
0.642767, 0.766062

2.068610, -0.345756
0.642706, 0.766113

2.068775, -0.345782
0.642645, 0.766164

2.068939, -0.345808
0.642583, 0.766216

2.069104, -0.345834
0.642522, 0.766267

2.069268, -0.345860
0.642461, 0.766318

2.069433, -0.345886
0.642400, 0.766370

2.069598, -0.345912
0.642339, 0.766421

2.069762, -0.345938
0.642277, 0.766472

2.069927, -0.345964
0.642216, 0.766524

2.070091, -0.345989
0.642155, 0.766575

2.070256, -0.346015
0.642094, 0.766626

2.070420, -0.346041
0.642033, 0.766677

2.070585, -0.346067
0.641971, 0.766729

2.070750, -0.346093
0.641910, 0.766780

2.070914, -0.346119
0.641849, 0.766831

2.071079, -0.346145
0.641788, 0.766882

2.071243, -0.346171
0.641726, 0.766934

2.071408, -0.346196
0.641665, 0.766985

2.071572, -0.346222
0.641604, 0.767036

2.071737, -0.346248
0.641543, 0.767087

2.071901, -0.346274
0.641481, 0.767139

2.072066, -0.346300
0.641420, 0.767190

2.072231, -0.346326
0.641359, 0.767241

2.072395, -0.346352
0.641298, 0.767292

2.072560, -0.346378
0.641236, 0.767343

2.072724, -0.346404
0.641175, 0.767395

2.072889, -0.346429
0.641114, 0.767446

2.073053, -0.346455
0.641053, 0.767497

2.073218, -0.346481
0.640991, 0.767548

2.073382, -0.346507
0.640930, 0.767599

2.073547, -0.346533
0.640869, 0.767651

2.073712, -0.346559
0.640807, 0.767702

2.073876, -0.346585
0.640746, 0.767753

2.074041, -0.346611
0.640685, 0.767804

2.074205, -0.346636
0.640623, 0.767855

2.074370, -0.346662
0.640562, 0.767906

2.074534, -0.346688
0.640501, 0.767957

2.074699, -0.346714
0.640440, 0.768009

2.074863, -0.346740
0.640378, 0.768060

2.075028, -0.346766
0.640317, 0.768111

2.075192, -0.346792
0.640256, 0.768162

2.075357, -0.346818
0.640194, 0.768213

2.075521, -0.346843
0.640133, 0.768264

2.075686, -0.346869
0.640071, 0.768315

2.075851, -0.346895
0.640010, 0.768366

2.076015, -0.346921
0.639949, 0.768418

2.076180, -0.346947
0.639887, 0.768469

2.076344, -0.346973
0.639826, 0.768520

2.076509, -0.346999
0.639765, 0.768571

2.076673, -0.347025
0.639703, 0.768622

2.076838, -0.347051
0.639642, 0.768673

2.077002, -0.347076
0.639581, 0.768724

2.077167, -0.347102
0.639519, 0.768775

2.077331, -0.347128
0.639458, 0.768826

2.077496, -0.347154
0.639396, 0.768877

2.077660, -0.347180
0.639335, 0.768928

2.077825, -0.347206
0.639274, 0.768979

2.077989, -0.347232
0.639212, 0.769030

2.078154, -0.347258
0.639151, 0.769081

2.078318, -0.347283
0.639089, 0.769132

2.078483, -0.347309
0.639028, 0.769184

2.078647, -0.347335
0.638967, 0.769235

2.078812, -0.347361
0.638905, 0.769286

2.078977, -0.347387
0.638844, 0.769337

2.079141, -0.347413
0.638782, 0.769388

2.079306, -0.347439
0.638721, 0.769439

2.079470, -0.347465
0.638659, 0.769490

2.079635, -0.347490
0.638598, 0.769541

2.079799, -0.347516
0.638536, 0.769592

2.079964, -0.347542
0.638475, 0.769643

2.080128, -0.347568
0.638414, 0.769694

2.080293, -0.347594
0.638352, 0.769745

2.080457, -0.347620
0.638291, 0.769795

2.080622, -0.347646
0.638229, 0.769846

2.080786, -0.347671
0.638168, 0.769897

2.080951, -0.347697
0.638106, 0.769948

2.081115, -0.347723
0.638045, 0.769999

2.081280, -0.347749
0.637983, 0.770050

2.081444, -0.347775
0.637922, 0.770101

2.081609, -0.347801
0.637860, 0.770152

2.081773, -0.347827
0.637799, 0.770203

2.081938, -0.347853
0.637737, 0.770254

2.082102, -0.347878
0.637676, 0.770305

2.082267, -0.347904
0.637614, 0.770356

2.082431, -0.347930
0.637553, 0.770407

2.082596, -0.347956
0.637491, 0.770458

2.082760, -0.347982
0.637430, 0.770509

2.082925, -0.348008
0.637368, 0.770559

2.083089, -0.348034
0.637307, 0.770610

2.083254, -0.348060
0.637245, 0.770661

2.083418, -0.348085
0.637183, 0.770712

2.083583, -0.348111
0.637122, 0.770763

2.083747, -0.348137
0.637060, 0.770814

2.083912, -0.348163
0.636999, 0.770865

2.084076, -0.348189
0.636937, 0.770916

2.084241, -0.348215
0.636876, 0.770966

2.084405, -0.348241
0.636814, 0.771017

2.084569, -0.348267
0.636753, 0.771068

2.084734, -0.348292
0.636691, 0.771119

2.084898, -0.348318
0.636629, 0.771170

2.085063, -0.348344
0.636568, 0.771221

2.085227, -0.348370
0.636506, 0.771272

2.085392, -0.348396
0.636445, 0.771322

2.085556, -0.348422
0.636383, 0.771373

2.085721, -0.348448
0.636322, 0.771424

2.085885, -0.348473
0.636260, 0.771475

2.086050, -0.348499
0.636198, 0.771526

2.086214, -0.348525
0.636137, 0.771576

2.086379, -0.348551
0.636075, 0.771627

2.086543, -0.348577
0.636013, 0.771678

2.086708, -0.348603
0.635952, 0.771729

2.086872, -0.348629
0.635890, 0.771780

2.087037, -0.348655
0.635829, 0.771830

2.087201, -0.348680
0.635767, 0.771881

2.087366, -0.348706
0.635705, 0.771932

2.087530, -0.348732
0.635644, 0.771983

2.087694, -0.348758
0.635582, 0.772033

2.087859, -0.348784
0.635520, 0.772084

2.088023, -0.348810
0.635459, 0.772135

2.088188, -0.348836
0.635397, 0.772186

2.088352, -0.348861
0.635335, 0.772236

2.088517, -0.348887
0.635274, 0.772287

2.088681, -0.348913
0.635212, 0.772338

2.088846, -0.348939
0.635150, 0.772388

2.089010, -0.348965
0.635089, 0.772439

2.089175, -0.348991
0.635027, 0.772490

2.089339, -0.349017
0.634965, 0.772541

2.089504, -0.349042
0.634904, 0.772591

2.089668, -0.349068
0.634842, 0.772642

2.089832, -0.349094
0.634780, 0.772693

2.089997, -0.349120
0.634719, 0.772743

2.090161, -0.349146
0.634657, 0.772794

2.090326, -0.349172
0.634595, 0.772845

2.090490, -0.349198
0.634533, 0.772895

2.090655, -0.349224
0.634472, 0.772946

2.090819, -0.349249
0.634410, 0.772997

2.090984, -0.349275
0.634348, 0.773047

2.091148, -0.349301
0.634287, 0.773098

2.091312, -0.349327
0.634225, 0.773149

2.091477, -0.349353
0.634163, 0.773199

2.091641, -0.349379
0.634101, 0.773250

2.091806, -0.349405
0.634040, 0.773301

2.091970, -0.349430
0.633978, 0.773351

2.092135, -0.349456
0.633916, 0.773402

2.092299, -0.349482
0.633854, 0.773452

2.092464, -0.349508
0.633793, 0.773503

2.092628, -0.349534
0.633731, 0.773554

2.092792, -0.349560
0.633669, 0.773604

2.092957, -0.349586
0.633607, 0.773655

2.093121, -0.349611
0.633545, 0.773705

2.093286, -0.349637
0.633484, 0.773756

2.093450, -0.349663
0.633422, 0.773807

2.093615, -0.349689
0.633360, 0.773857

2.093779, -0.349715
0.633298, 0.773908

2.093943, -0.349741
0.633236, 0.773958

2.094108, -0.349767
0.633175, 0.774009

2.094272, -0.349792
0.633113, 0.774059

2.094437, -0.349818
0.633051, 0.774110

2.094601, -0.349844
0.632989, 0.774161

2.094766, -0.349870
0.632927, 0.774211

2.094930, -0.349896
0.632866, 0.774262

2.095094, -0.349922
0.632804, 0.774312

2.095259, -0.349948
0.632742, 0.774363

2.095423, -0.349973
0.632680, 0.774413

2.095588, -0.349999
0.632618, 0.774464

2.095752, -0.350025
0.632556, 0.774514

2.095916, -0.350051
0.632495, 0.774565

2.096081, -0.350077
0.632433, 0.774615

2.096245, -0.350103
0.632371, 0.774666

2.096410, -0.350129
0.632309, 0.774716

2.096574, -0.350154
0.632247, 0.774767

2.096738, -0.350180
0.632185, 0.774817

2.096903, -0.350206
0.632123, 0.774868

2.097067, -0.350232
0.632062, 0.774918

2.097232, -0.350258
0.632000, 0.774969

2.097396, -0.350284
0.631938, 0.775019

2.097561, -0.350310
0.631876, 0.775070

2.097725, -0.350335
0.631814, 0.775120

2.097889, -0.350361
0.631752, 0.775170

2.098054, -0.350387
0.631690, 0.775221

2.098218, -0.350413
0.631628, 0.775271

2.098383, -0.350439
0.631566, 0.775322

2.098547, -0.350465
0.631504, 0.775372

2.098711, -0.350491
0.631443, 0.775423

2.098876, -0.350516
0.631381, 0.775473

2.099040, -0.350542
0.631319, 0.775523

2.099205, -0.350568
0.631257, 0.775574

2.099369, -0.350594
0.631195, 0.775624

2.099533, -0.350620
0.631133, 0.775675

2.099698, -0.350646
0.631071, 0.775725

2.099862, -0.350672
0.631009, 0.775775

2.100027, -0.350697
0.630947, 0.775826

2.100191, -0.350723
0.630885, 0.775876

2.100355, -0.350749
0.630823, 0.775927

2.100520, -0.350775
0.630761, 0.775977

2.100684, -0.350801
0.630699, 0.776027

2.100848, -0.350827
0.630637, 0.776078

2.101013, -0.350853
0.630575, 0.776128

2.101177, -0.350878
0.630513, 0.776178

2.101342, -0.350904
0.630451, 0.776229

2.101506, -0.350930
0.630389, 0.776279

2.101670, -0.350956
0.630327, 0.776329

2.101835, -0.350982
0.630265, 0.776380

2.101999, -0.351008
0.630203, 0.776430

2.102164, -0.351033
0.630141, 0.776480

2.102328, -0.351059
0.630079, 0.776531

2.102492, -0.351085
0.630017, 0.776581

2.102657, -0.351111
0.629955, 0.776631

2.102821, -0.351137
0.629893, 0.776682

2.102985, -0.351163
0.629831, 0.776732

2.103150, -0.351189
0.629769, 0.776782

2.103314, -0.351214
0.629707, 0.776833

2.103478, -0.351240
0.629645, 0.776883

2.103643, -0.351266
0.629583, 0.776933

2.103807, -0.351292
0.629521, 0.776983

2.103972, -0.351318
0.629459, 0.777034

2.104136, -0.351344
0.629397, 0.777084

2.104300, -0.351370
0.629335, 0.777134

2.104465, -0.351395
0.629273, 0.777184

2.104629, -0.351421
0.629211, 0.777235

2.104793, -0.351447
0.629149, 0.777285

2.104958, -0.351473
0.629087, 0.777335

2.105122, -0.351499
0.629025, 0.777385

2.105287, -0.351525
0.628963, 0.777436

2.105451, -0.351550
0.628901, 0.777486

2.105615, -0.351576
0.628838, 0.777536

2.105780, -0.351602
0.628776, 0.777586

2.105944, -0.351628
0.628714, 0.777636

2.106108, -0.351654
0.628652, 0.777687

2.106273, -0.351680
0.628590, 0.777737

2.106437, -0.351706
0.628528, 0.777787

2.106601, -0.351731
0.628466, 0.777837

2.106766, -0.351757
0.628404, 0.777887

2.106930, -0.351783
0.628342, 0.777938

2.107094, -0.351809
0.628280, 0.777988

2.107259, -0.351835
0.628217, 0.778038

2.107423, -0.351861
0.628155, 0.778088

2.107587, -0.351886
0.628093, 0.778138

2.107752, -0.351912
0.628031, 0.778188

2.107916, -0.351938
0.627969, 0.778238

2.108080, -0.351964
0.627907, 0.778289

2.108245, -0.351990
0.627845, 0.778339

2.108409, -0.352016
0.627782, 0.778389

2.108574, -0.352042
0.627720, 0.778439

2.108738, -0.352067
0.627658, 0.778489

2.108902, -0.352093
0.627596, 0.778539

2.109067, -0.352119
0.627534, 0.778589

2.109231, -0.352145
0.627472, 0.778639

2.109395, -0.352171
0.627409, 0.778690

2.109560, -0.352197
0.627347, 0.778740

2.109724, -0.352222
0.627285, 0.778790

2.109888, -0.352248
0.627223, 0.778840

2.110053, -0.352274
0.627161, 0.778890

2.110217, -0.352300
0.627098, 0.778940

2.110381, -0.352326
0.627036, 0.778990

2.110546, -0.352352
0.626974, 0.779040

2.110710, -0.352377
0.626912, 0.779090

2.110874, -0.352403
0.626850, 0.779140

2.111039, -0.352429
0.626787, 0.779190

2.111203, -0.352455
0.626725, 0.779240

2.111367, -0.352481
0.626663, 0.779290

2.111531, -0.352507
0.626601, 0.779340

2.111696, -0.352533
0.626538, 0.779390

2.111860, -0.352558
0.626476, 0.779441

2.112024, -0.352584
0.626414, 0.779491

2.112189, -0.352610
0.626352, 0.779541

2.112353, -0.352636
0.626290, 0.779591

2.112517, -0.352662
0.626227, 0.779641

2.112682, -0.352688
0.626165, 0.779691

2.112846, -0.352713
0.626103, 0.779741

2.113010, -0.352739
0.626040, 0.779791

2.113175, -0.352765
0.625978, 0.779841

2.113339, -0.352791
0.625916, 0.779891

2.113503, -0.352817
0.625854, 0.779941

2.113668, -0.352843
0.625791, 0.779990

2.113832, -0.352868
0.625729, 0.780040

2.113996, -0.352894
0.625667, 0.780090

2.114161, -0.352920
0.625605, 0.780140

2.114325, -0.352946
0.625542, 0.780190

2.114489, -0.352972
0.625480, 0.780240

2.114653, -0.352998
0.625418, 0.780290

2.114818, -0.353023
0.625355, 0.780340

2.114982, -0.353049
0.625293, 0.780390

2.115146, -0.353075
0.625231, 0.780440

2.115311, -0.353101
0.625168, 0.780490

2.115475, -0.353127
0.625106, 0.780540

2.115639, -0.353153
0.625044, 0.780590

2.115804, -0.353178
0.624981, 0.780640

2.115968, -0.353204
0.624919, 0.780690

2.116132, -0.353230
0.624857, 0.780739

2.116296, -0.353256
0.624794, 0.780789

2.116461, -0.353282
0.624732, 0.780839

2.116625, -0.353308
0.624670, 0.780889

2.116789, -0.353333
0.624607, 0.780939

2.116954, -0.353359
0.624545, 0.780989

2.117118, -0.353385
0.624483, 0.781039

2.117282, -0.353411
0.624420, 0.781089

2.117447, -0.353437
0.624358, 0.781138

2.117611, -0.353463
0.624295, 0.781188

2.117775, -0.353488
0.624233, 0.781238

2.117939, -0.353514
0.624171, 0.781288

2.118104, -0.353540
0.624108, 0.781338

2.118268, -0.353566
0.624046, 0.781388

2.118432, -0.353592
0.623983, 0.781438

2.118597, -0.353618
0.623921, 0.781487

2.118761, -0.353643
0.623859, 0.781537

2.118925, -0.353669
0.623796, 0.781587

2.119089, -0.353695
0.623734, 0.781637

2.119254, -0.353721
0.623671, 0.781687

2.119418, -0.353747
0.623609, 0.781736

2.119582, -0.353773
0.623547, 0.781786

2.119746, -0.353798
0.623484, 0.781836

2.119911, -0.353824
0.623422, 0.781886

2.120075, -0.353850
0.623359, 0.781936

2.120239, -0.353876
0.623297, 0.781985

2.120404, -0.353902
0.623234, 0.782035

2.120568, -0.353928
0.623172, 0.782085

2.120732, -0.353953
0.623110, 0.782135

2.120896, -0.353979
0.623047, 0.782184

2.121061, -0.354005
0.622985, 0.782234

2.121225, -0.354031
0.622922, 0.782284

2.121389, -0.354057
0.622860, 0.782334

2.121553, -0.354083
0.622797, 0.782383

2.121718, -0.354108
0.622735, 0.782433

2.121882, -0.354134
0.622672, 0.782483

2.122046, -0.354160
0.622610, 0.782532

2.122211, -0.354186
0.622547, 0.782582

2.122375, -0.354212
0.622485, 0.782632

2.122539, -0.354238
0.622422, 0.782682

2.122703, -0.354263
0.622360, 0.782731

2.122868, -0.354289
0.622297, 0.782781

2.123032, -0.354315
0.622235, 0.782831

2.123196, -0.354341
0.622172, 0.782880

2.123360, -0.354367
0.622110, 0.782930

2.123525, -0.354393
0.622047, 0.782980

2.123689, -0.354418
0.621985, 0.783029

2.123853, -0.354444
0.621922, 0.783079

2.124017, -0.354470
0.621860, 0.783129

2.124182, -0.354496
0.621797, 0.783178

2.124346, -0.354522
0.621735, 0.783228

2.124510, -0.354548
0.621672, 0.783278

2.124674, -0.354573
0.621609, 0.783327

2.124839, -0.354599
0.621547, 0.783377

2.125003, -0.354625
0.621484, 0.783427

2.125167, -0.354651
0.621422, 0.783476

2.125331, -0.354677
0.621359, 0.783526

2.125496, -0.354703
0.621297, 0.783575

2.125660, -0.354728
0.621234, 0.783625

2.125824, -0.354754
0.621172, 0.783675

2.125988, -0.354780
0.621109, 0.783724

2.126153, -0.354806
0.621046, 0.783774

2.126317, -0.354832
0.620984, 0.783823

2.126481, -0.354857
0.620921, 0.783873

2.126645, -0.354883
0.620859, 0.783923

2.126809, -0.354909
0.620796, 0.783972

2.126974, -0.354935
0.620733, 0.784022

2.127138, -0.354961
0.620671, 0.784071

2.127302, -0.354987
0.620608, 0.784121

2.127466, -0.355012
0.620546, 0.784170

2.127631, -0.355038
0.620483, 0.784220

2.127795, -0.355064
0.620420, 0.784269

2.127959, -0.355090
0.620358, 0.784319

2.128123, -0.355116
0.620295, 0.784369

2.128288, -0.355142
0.620232, 0.784418

2.128452, -0.355167
0.620170, 0.784468

2.128616, -0.355193
0.620107, 0.784517

2.128780, -0.355219
0.620045, 0.784567

2.128944, -0.355245
0.619982, 0.784616

2.129109, -0.355271
0.619919, 0.784666

2.129273, -0.355297
0.619857, 0.784715

2.129437, -0.355322
0.619794, 0.784765

2.129601, -0.355348
0.619731, 0.784814

2.129766, -0.355374
0.619669, 0.784864

2.129930, -0.355400
0.619606, 0.784913

2.130094, -0.355426
0.619543, 0.784963

2.130258, -0.355451
0.619481, 0.785012

2.130422, -0.355477
0.619418, 0.785061

2.130587, -0.355503
0.619355, 0.785111

2.130751, -0.355529
0.619292, 0.785160

2.130915, -0.355555
0.619230, 0.785210

2.131079, -0.355581
0.619167, 0.785259

2.131243, -0.355606
0.619104, 0.785309

2.131408, -0.355632
0.619042, 0.785358

2.131572, -0.355658
0.618979, 0.785408

2.131736, -0.355684
0.618916, 0.785457

2.131900, -0.355710
0.618853, 0.785506

2.132065, -0.355735
0.618791, 0.785556

2.132229, -0.355761
0.618728, 0.785605

2.132393, -0.355787
0.618665, 0.785655

2.132557, -0.355813
0.618603, 0.785704

2.132721, -0.355839
0.618540, 0.785753

2.132886, -0.355865
0.618477, 0.785803

2.133050, -0.355890
0.618414, 0.785852

2.133214, -0.355916
0.618352, 0.785902

2.133378, -0.355942
0.618289, 0.785951

2.133542, -0.355968
0.618226, 0.786000

2.133707, -0.355994
0.618163, 0.786050

2.133871, -0.356019
0.618101, 0.786099

2.134035, -0.356045
0.618038, 0.786148

2.134199, -0.356071
0.617975, 0.786198

2.134363, -0.356097
0.617912, 0.786247

2.134527, -0.356123
0.617849, 0.786296

2.134692, -0.356149
0.617787, 0.786346

2.134856, -0.356174
0.617724, 0.786395

2.135020, -0.356200
0.617661, 0.786444

2.135184, -0.356226
0.617598, 0.786494

2.135348, -0.356252
0.617535, 0.786543

2.135513, -0.356278
0.617473, 0.786592

2.135677, -0.356303
0.617410, 0.786642

2.135841, -0.356329
0.617347, 0.786691

2.136005, -0.356355
0.617284, 0.786740

2.136169, -0.356381
0.617221, 0.786790

2.136334, -0.356407
0.617159, 0.786839

2.136498, -0.356433
0.617096, 0.786888

2.136662, -0.356458
0.617033, 0.786937

2.136826, -0.356484
0.616970, 0.786987

2.136990, -0.356510
0.616907, 0.787036

2.137154, -0.356536
0.616844, 0.787085

2.137319, -0.356562
0.616781, 0.787134

2.137483, -0.356587
0.616719, 0.787184

2.137647, -0.356613
0.616656, 0.787233

2.137811, -0.356639
0.616593, 0.787282

2.137975, -0.356665
0.616530, 0.787331

2.138139, -0.356691
0.616467, 0.787381

2.138304, -0.356717
0.616404, 0.787430

2.138468, -0.356742
0.616341, 0.787479

2.138632, -0.356768
0.616278, 0.787528

2.138796, -0.356794
0.616216, 0.787577

2.138960, -0.356820
0.616153, 0.787627

2.139124, -0.356846
0.616090, 0.787676

2.139289, -0.356871
0.616027, 0.787725

2.139453, -0.356897
0.615964, 0.787774

2.139617, -0.356923
0.615901, 0.787823

2.139781, -0.356949
0.615838, 0.787873

2.139945, -0.356975
0.615775, 0.787922

2.140109, -0.357000
0.615712, 0.787971

2.140274, -0.357026
0.615649, 0.788020

2.140438, -0.357052
0.615587, 0.788069

2.140602, -0.357078
0.615524, 0.788118

2.140766, -0.357104
0.615461, 0.788168

2.140930, -0.357130
0.615398, 0.788217

2.141094, -0.357155
0.615335, 0.788266

2.141259, -0.357181
0.615272, 0.788315

2.141423, -0.357207
0.615209, 0.788364

2.141587, -0.357233
0.615146, 0.788413

2.141751, -0.357259
0.615083, 0.788462

2.141915, -0.357284
0.615020, 0.788511

2.142079, -0.357310
0.614957, 0.788561

2.142243, -0.357336
0.614894, 0.788610

2.142408, -0.357362
0.614831, 0.788659

2.142572, -0.357388
0.614768, 0.788708

2.142736, -0.357413
0.614705, 0.788757

2.142900, -0.357439
0.614642, 0.788806

2.143064, -0.357465
0.614579, 0.788855

2.143228, -0.357491
0.614516, 0.788904

2.143392, -0.357517
0.614453, 0.788953

2.143557, -0.357542
0.614390, 0.789002

2.143721, -0.357568
0.614327, 0.789051

2.143885, -0.357594
0.614264, 0.789100

2.144049, -0.357620
0.614201, 0.789150

2.144213, -0.357646
0.614138, 0.789199

2.144377, -0.357672
0.614075, 0.789248

2.144541, -0.357697
0.614012, 0.789297

2.144706, -0.357723
0.613949, 0.789346

2.144870, -0.357749
0.613886, 0.789395

2.145034, -0.357775
0.613823, 0.789444

2.145198, -0.357801
0.613760, 0.789493

2.145362, -0.357826
0.613697, 0.789542

2.145526, -0.357852
0.613634, 0.789591

2.145690, -0.357878
0.613571, 0.789640

2.145854, -0.357904
0.613508, 0.789689

2.146019, -0.357930
0.613445, 0.789738

2.146183, -0.357955
0.613382, 0.789787

2.146347, -0.357981
0.613319, 0.789836

2.146511, -0.358007
0.613256, 0.789885

2.146675, -0.358033
0.613192, 0.789934

2.146839, -0.358059
0.613129, 0.789983

2.147003, -0.358084
0.613066, 0.790031

2.147167, -0.358110
0.613003, 0.790080

2.147332, -0.358136
0.612940, 0.790129

2.147496, -0.358162
0.612877, 0.790178

2.147660, -0.358188
0.612814, 0.790227

2.147824, -0.358213
0.612751, 0.790276

2.147988, -0.358239
0.612688, 0.790325

2.148152, -0.358265
0.612625, 0.790374

2.148316, -0.358291
0.612561, 0.790423

2.148480, -0.358317
0.612498, 0.790472

2.148644, -0.358342
0.612435, 0.790521

2.148809, -0.358368
0.612372, 0.790570

2.148973, -0.358394
0.612309, 0.790619

2.149137, -0.358420
0.612246, 0.790667

2.149301, -0.358446
0.612183, 0.790716

2.149465, -0.358471
0.612120, 0.790765

2.149629, -0.358497
0.612056, 0.790814

2.149793, -0.358523
0.611993, 0.790863

2.149957, -0.358549
0.611930, 0.790912

2.150121, -0.358575
0.611867, 0.790961

2.150286, -0.358600
0.611804, 0.791010

2.150450, -0.358626
0.611741, 0.791058

2.150614, -0.358652
0.611677, 0.791107

2.150778, -0.358678
0.611614, 0.791156

2.150942, -0.358704
0.611551, 0.791205

2.151106, -0.358730
0.611488, 0.791254

2.151270, -0.358755
0.611425, 0.791303

2.151434, -0.358781
0.611362, 0.791351

2.151598, -0.358807
0.611298, 0.791400

2.151762, -0.358833
0.611235, 0.791449

2.151926, -0.358859
0.611172, 0.791498

2.152091, -0.358884
0.611109, 0.791547

2.152255, -0.358910
0.611046, 0.791595

2.152419, -0.358936
0.610982, 0.791644

2.152583, -0.358962
0.610919, 0.791693

2.152747, -0.358988
0.610856, 0.791742

2.152911, -0.359013
0.610793, 0.791791

2.153075, -0.359039
0.610729, 0.791839

2.153239, -0.359065
0.610666, 0.791888

2.153403, -0.359091
0.610603, 0.791937

2.153567, -0.359117
0.610540, 0.791986

2.153731, -0.359142
0.610477, 0.792034

2.153896, -0.359168
0.610413, 0.792083

2.154060, -0.359194
0.610350, 0.792132

2.154224, -0.359220
0.610287, 0.792181

2.154388, -0.359245
0.610223, 0.792229

2.154552, -0.359271
0.610160, 0.792278

2.154716, -0.359297
0.610097, 0.792327

2.154880, -0.359323
0.610034, 0.792375

2.155044, -0.359349
0.609970, 0.792424

2.155208, -0.359374
0.609907, 0.792473

2.155372, -0.359400
0.609844, 0.792522

2.155536, -0.359426
0.609781, 0.792570

2.155700, -0.359452
0.609717, 0.792619

2.155864, -0.359478
0.609654, 0.792668

2.156029, -0.359503
0.609591, 0.792716

2.156193, -0.359529
0.609527, 0.792765

2.156357, -0.359555
0.609464, 0.792814

2.156521, -0.359581
0.609401, 0.792862

2.156685, -0.359607
0.609337, 0.792911

2.156849, -0.359632
0.609274, 0.792960

2.157013, -0.359658
0.609211, 0.793008

2.157177, -0.359684
0.609148, 0.793057

2.157341, -0.359710
0.609084, 0.793106

2.157505, -0.359736
0.609021, 0.793154

2.157669, -0.359761
0.608958, 0.793203

2.157833, -0.359787
0.608894, 0.793251

2.157997, -0.359813
0.608831, 0.793300

2.158161, -0.359839
0.608767, 0.793349

2.158325, -0.359865
0.608704, 0.793397

2.158489, -0.359890
0.608641, 0.793446

2.158654, -0.359916
0.608577, 0.793495

2.158818, -0.359942
0.608514, 0.793543

2.158982, -0.359968
0.608451, 0.793592

2.159146, -0.359994
0.608387, 0.793640

2.159310, -0.360019
0.608324, 0.793689

2.159474, -0.360045
0.608261, 0.793737

2.159638, -0.360071
0.608197, 0.793786

2.159802, -0.360097
0.608134, 0.793835

2.159966, -0.360123
0.608070, 0.793883

2.160130, -0.360148
0.608007, 0.793932

2.160294, -0.360174
0.607944, 0.793980

2.160458, -0.360200
0.607880, 0.794029

2.160622, -0.360226
0.607817, 0.794077

2.160786, -0.360252
0.607753, 0.794126

2.160950, -0.360277
0.607690, 0.794174

2.161114, -0.360303
0.607627, 0.794223

2.161278, -0.360329
0.607563, 0.794271

2.161442, -0.360355
0.607500, 0.794320

2.161606, -0.360380
0.607436, 0.794368

2.161770, -0.360406
0.607373, 0.794417

2.161934, -0.360432
0.607309, 0.794465

2.162098, -0.360458
0.607246, 0.794514

2.162263, -0.360484
0.607183, 0.794562

2.162427, -0.360509
0.607119, 0.794611

2.162591, -0.360535
0.607056, 0.794659

2.162755, -0.360561
0.606992, 0.794708

2.162919, -0.360587
0.606929, 0.794756

2.163083, -0.360613
0.606865, 0.794805

2.163247, -0.360638
0.606802, 0.794853

2.163411, -0.360664
0.606738, 0.794902

2.163575, -0.360690
0.606675, 0.794950

2.163739, -0.360716
0.606611, 0.794999

2.163903, -0.360742
0.606548, 0.795047

2.164067, -0.360767
0.606484, 0.795095

2.164231, -0.360793
0.606421, 0.795144

2.164395, -0.360819
0.606357, 0.795192

2.164559, -0.360845
0.606294, 0.795241

2.164723, -0.360870
0.606230, 0.795289

2.164887, -0.360896
0.606167, 0.795337

2.165051, -0.360922
0.606103, 0.795386

2.165215, -0.360948
0.606040, 0.795434

2.165379, -0.360974
0.605976, 0.795483

2.165543, -0.360999
0.605913, 0.795531

2.165707, -0.361025
0.605849, 0.795579

2.165871, -0.361051
0.605786, 0.795628

2.166035, -0.361077
0.605722, 0.795676

2.166199, -0.361103
0.605659, 0.795725

2.166363, -0.361128
0.605595, 0.795773

2.166527, -0.361154
0.605532, 0.795821

2.166691, -0.361180
0.605468, 0.795870

2.166855, -0.361206
0.605405, 0.795918

2.167019, -0.361231
0.605341, 0.795966

2.167183, -0.361257
0.605277, 0.796015

2.167347, -0.361283
0.605214, 0.796063

2.167511, -0.361309
0.605150, 0.796111

2.167675, -0.361335
0.605087, 0.796160

2.167839, -0.361360
0.605023, 0.796208

2.168003, -0.361386
0.604960, 0.796256

2.168167, -0.361412
0.604896, 0.796305

2.168331, -0.361438
0.604832, 0.796353

2.168495, -0.361464
0.604769, 0.796401

2.168659, -0.361489
0.604705, 0.796449

2.168823, -0.361515
0.604642, 0.796498

2.168987, -0.361541
0.604578, 0.796546

2.169151, -0.361567
0.604514, 0.796594

2.169315, -0.361592
0.604451, 0.796643

2.169479, -0.361618
0.604387, 0.796691

2.169643, -0.361644
0.604324, 0.796739

2.169807, -0.361670
0.604260, 0.796787

2.169971, -0.361696
0.604196, 0.796836

2.170135, -0.361721
0.604133, 0.796884

2.170299, -0.361747
0.604069, 0.796932

2.170463, -0.361773
0.604005, 0.796980

2.170627, -0.361799
0.603942, 0.797028

2.170791, -0.361825
0.603878, 0.797077

2.170955, -0.361850
0.603814, 0.797125

2.171119, -0.361876
0.603751, 0.797173

2.171283, -0.361902
0.603687, 0.797221

2.171447, -0.361928
0.603623, 0.797270

2.171611, -0.361953
0.603560, 0.797318

2.171775, -0.361979
0.603496, 0.797366

2.171939, -0.362005
0.603432, 0.797414

2.172103, -0.362031
0.603369, 0.797462

2.172267, -0.362057
0.603305, 0.797510

2.172431, -0.362082
0.603241, 0.797559

2.172595, -0.362108
0.603178, 0.797607

2.172759, -0.362134
0.603114, 0.797655

2.172923, -0.362160
0.603050, 0.797703

2.173087, -0.362185
0.602987, 0.797751

2.173251, -0.362211
0.602923, 0.797799

2.173415, -0.362237
0.602859, 0.797848

2.173579, -0.362263
0.602796, 0.797896

2.173743, -0.362289
0.602732, 0.797944

2.173907, -0.362314
0.602668, 0.797992

2.174071, -0.362340
0.602604, 0.798040

2.174235, -0.362366
0.602541, 0.798088

2.174399, -0.362392
0.602477, 0.798136

2.174563, -0.362417
0.602413, 0.798184

2.174727, -0.362443
0.602349, 0.798233

2.174891, -0.362469
0.602286, 0.798281

2.175054, -0.362495
0.602222, 0.798329

2.175218, -0.362521
0.602158, 0.798377

2.175382, -0.362546
0.602094, 0.798425

2.175546, -0.362572
0.602031, 0.798473

2.175710, -0.362598
0.601967, 0.798521

2.175874, -0.362624
0.601903, 0.798569

2.176038, -0.362649
0.601839, 0.798617

2.176202, -0.362675
0.601776, 0.798665

2.176366, -0.362701
0.601712, 0.798713

2.176530, -0.362727
0.601648, 0.798761

2.176694, -0.362753
0.601584, 0.798809

2.176858, -0.362778
0.601520, 0.798857

2.177022, -0.362804
0.601457, 0.798905

2.177186, -0.362830
0.601393, 0.798953

2.177350, -0.362856
0.601329, 0.799001

2.177514, -0.362881
0.601265, 0.799049

2.177678, -0.362907
0.601202, 0.799097

2.177842, -0.362933
0.601138, 0.799145

2.178006, -0.362959
0.601074, 0.799193

2.178170, -0.362985
0.601010, 0.799241

2.178334, -0.363010
0.600946, 0.799289

2.178498, -0.363036
0.600882, 0.799337

2.178661, -0.363062
0.600819, 0.799385

2.178825, -0.363088
0.600755, 0.799433

2.178989, -0.363113
0.600691, 0.799481

2.179153, -0.363139
0.600627, 0.799529

2.179317, -0.363165
0.600563, 0.799577

2.179481, -0.363191
0.600499, 0.799625

2.179645, -0.363217
0.600436, 0.799673

2.179809, -0.363242
0.600372, 0.799721

2.179973, -0.363268
0.600308, 0.799769

2.180137, -0.363294
0.600244, 0.799817

2.180301, -0.363320
0.600180, 0.799865

2.180465, -0.363345
0.600116, 0.799913

2.180629, -0.363371
0.600052, 0.799961

2.180793, -0.363397
0.599988, 0.800009

2.180957, -0.363423
0.599925, 0.800057

2.181121, -0.363448
0.599861, 0.800104

2.181284, -0.363474
0.599797, 0.800152

2.181448, -0.363500
0.599733, 0.800200

2.181612, -0.363526
0.599669, 0.800248

2.181776, -0.363552
0.599605, 0.800296

2.181940, -0.363577
0.599541, 0.800344

2.182104, -0.363603
0.599477, 0.800392

2.182268, -0.363629
0.599413, 0.800440

2.182432, -0.363655
0.599349, 0.800488

2.182596, -0.363680
0.599286, 0.800535

2.182760, -0.363706
0.599222, 0.800583

2.182924, -0.363732
0.599158, 0.800631

2.183088, -0.363758
0.599094, 0.800679

2.183252, -0.363784
0.599030, 0.800727

2.183415, -0.363809
0.598966, 0.800775

2.183579, -0.363835
0.598902, 0.800822

2.183743, -0.363861
0.598838, 0.800870

2.183907, -0.363887
0.598774, 0.800918

2.184071, -0.363912
0.598710, 0.800966

2.184235, -0.363938
0.598646, 0.801014

2.184399, -0.363964
0.598582, 0.801061

2.184563, -0.363990
0.598518, 0.801109

2.184727, -0.364015
0.598454, 0.801157

2.184891, -0.364041
0.598390, 0.801205

2.185055, -0.364067
0.598326, 0.801253

2.185219, -0.364093
0.598262, 0.801300

2.185382, -0.364119
0.598198, 0.801348

2.185546, -0.364144
0.598134, 0.801396

2.185710, -0.364170
0.598070, 0.801444

2.185874, -0.364196
0.598006, 0.801491

2.186038, -0.364222
0.597942, 0.801539

2.186202, -0.364247
0.597878, 0.801587

2.186366, -0.364273
0.597814, 0.801635

2.186530, -0.364299
0.597750, 0.801682

2.186694, -0.364325
0.597686, 0.801730

2.186858, -0.364350
0.597622, 0.801778

2.187021, -0.364376
0.597558, 0.801826

2.187185, -0.364402
0.597494, 0.801873

2.187349, -0.364428
0.597430, 0.801921

2.187513, -0.364453
0.597366, 0.801969

2.187677, -0.364479
0.597302, 0.802016

2.187841, -0.364505
0.597238, 0.802064

2.188005, -0.364531
0.597174, 0.802112

2.188169, -0.364557
0.597110, 0.802159

2.188333, -0.364582
0.597046, 0.802207

2.188497, -0.364608
0.596982, 0.802255

2.188660, -0.364634
0.596918, 0.802302

2.188824, -0.364660
0.596854, 0.802350

2.188988, -0.364685
0.596790, 0.802398

2.189152, -0.364711
0.596726, 0.802445

2.189316, -0.364737
0.596661, 0.802493

2.189480, -0.364763
0.596597, 0.802541

2.189644, -0.364788
0.596533, 0.802588

2.189808, -0.364814
0.596469, 0.802636

2.189972, -0.364840
0.596405, 0.802684

2.190135, -0.364866
0.596341, 0.802731

2.190299, -0.364891
0.596277, 0.802779

2.190463, -0.364917
0.596213, 0.802826

2.190627, -0.364943
0.596149, 0.802874

2.190791, -0.364969
0.596085, 0.802922

2.190955, -0.364995
0.596020, 0.802969

2.191119, -0.365020
0.595956, 0.803017

2.191283, -0.365046
0.595892, 0.803064

2.191446, -0.365072
0.595828, 0.803112

2.191610, -0.365098
0.595764, 0.803160

2.191774, -0.365123
0.595700, 0.803207

2.191938, -0.365149
0.595636, 0.803255

2.192102, -0.365175
0.595572, 0.803302

2.192266, -0.365201
0.595507, 0.803350

2.192430, -0.365226
0.595443, 0.803397

2.192594, -0.365252
0.595379, 0.803445

2.192757, -0.365278
0.595315, 0.803492

2.192921, -0.365304
0.595251, 0.803540

2.193085, -0.365329
0.595187, 0.803588

2.193249, -0.365355
0.595122, 0.803635

2.193413, -0.365381
0.595058, 0.803683

2.193577, -0.365407
0.594994, 0.803730

2.193741, -0.365433
0.594930, 0.803778

2.193904, -0.365458
0.594866, 0.803825

2.194068, -0.365484
0.594802, 0.803873

2.194232, -0.365510
0.594737, 0.803920

2.194396, -0.365536
0.594673, 0.803968

2.194560, -0.365561
0.594609, 0.804015

2.194724, -0.365587
0.594545, 0.804063

2.194888, -0.365613
0.594481, 0.804110

2.195051, -0.365639
0.594416, 0.804157

2.195215, -0.365664
0.594352, 0.804205

2.195379, -0.365690
0.594288, 0.804252

2.195543, -0.365716
0.594224, 0.804300

2.195707, -0.365742
0.594159, 0.804347

2.195871, -0.365767
0.594095, 0.804395

2.196035, -0.365793
0.594031, 0.804442

2.196198, -0.365819
0.593967, 0.804490

2.196362, -0.365845
0.593902, 0.804537

2.196526, -0.365870
0.593838, 0.804584

2.196690, -0.365896
0.593774, 0.804632

2.196854, -0.365922
0.593710, 0.804679

2.197018, -0.365948
0.593645, 0.804727

2.197182, -0.365973
0.593581, 0.804774

2.197345, -0.365999
0.593517, 0.804821

2.197509, -0.366025
0.593453, 0.804869

2.197673, -0.366051
0.593388, 0.804916

2.197837, -0.366076
0.593324, 0.804964

2.198001, -0.366102
0.593260, 0.805011

2.198165, -0.366128
0.593196, 0.805058

2.198328, -0.366154
0.593131, 0.805106

2.198492, -0.366179
0.593067, 0.805153

2.198656, -0.366205
0.593003, 0.805200

2.198820, -0.366231
0.592938, 0.805248

2.198984, -0.366257
0.592874, 0.805295

2.199148, -0.366283
0.592810, 0.805342

2.199311, -0.366308
0.592746, 0.805390

2.199475, -0.366334
0.592681, 0.805437

2.199639, -0.366360
0.592617, 0.805484

2.199803, -0.366386
0.592553, 0.805532

2.199967, -0.366411
0.592488, 0.805579

2.200131, -0.366437
0.592424, 0.805626

2.200294, -0.366463
0.592360, 0.805674

2.200458, -0.366489
0.592295, 0.805721

2.200622, -0.366514
0.592231, 0.805768

2.200786, -0.366540
0.592167, 0.805816

2.200950, -0.366566
0.592102, 0.805863

2.201114, -0.366592
0.592038, 0.805910

2.201277, -0.366617
0.591974, 0.805957

2.201441, -0.366643
0.591909, 0.806005

2.201605, -0.366669
0.591845, 0.806052

2.201769, -0.366695
0.591780, 0.806099

2.201933, -0.366720
0.591716, 0.806146

2.202096, -0.366746
0.591652, 0.806194

2.202260, -0.366772
0.591587, 0.806241

2.202424, -0.366798
0.591523, 0.806288

2.202588, -0.366823
0.591459, 0.806335

2.202752, -0.366849
0.591394, 0.806383

2.202916, -0.366875
0.591330, 0.806430

2.203079, -0.366901
0.591265, 0.806477

2.203243, -0.366926
0.591201, 0.806524

2.203407, -0.366952
0.591137, 0.806571

2.203571, -0.366978
0.591072, 0.806619

2.203735, -0.367004
0.591008, 0.806666

2.203898, -0.367029
0.590943, 0.806713

2.204062, -0.367055
0.590879, 0.806760

2.204226, -0.367081
0.590814, 0.806807

2.204390, -0.367107
0.590750, 0.806855

2.204554, -0.367132
0.590686, 0.806902

2.204717, -0.367158
0.590621, 0.806949

2.204881, -0.367184
0.590557, 0.806996

2.205045, -0.367210
0.590492, 0.807043

2.205209, -0.367235
0.590428, 0.807090

2.205373, -0.367261
0.590363, 0.807138

2.205536, -0.367287
0.590299, 0.807185

2.205700, -0.367313
0.590235, 0.807232

2.205864, -0.367338
0.590170, 0.807279

2.206028, -0.367364
0.590106, 0.807326

2.206192, -0.367390
0.590041, 0.807373

2.206355, -0.367416
0.589977, 0.807420

2.206519, -0.367441
0.589912, 0.807467

2.206683, -0.367467
0.589848, 0.807515

2.206847, -0.367493
0.589783, 0.807562

2.207011, -0.367519
0.589719, 0.807609

2.207174, -0.367544
0.589654, 0.807656

2.207338, -0.367570
0.589590, 0.807703

2.207502, -0.367596
0.589525, 0.807750

2.207666, -0.367622
0.589461, 0.807797

2.207830, -0.367647
0.589396, 0.807844

2.207993, -0.367673
0.589332, 0.807891

2.208157, -0.367699
0.589267, 0.807938

2.208321, -0.367725
0.589203, 0.807985

2.208485, -0.367750
0.589138, 0.808032

2.208648, -0.367776
0.589074, 0.808079

2.208812, -0.367802
0.589009, 0.808126

2.208976, -0.367828
0.588945, 0.808173

2.209140, -0.367853
0.588880, 0.808220

2.209304, -0.367879
0.588816, 0.808267

2.209467, -0.367905
0.588751, 0.808314

2.209631, -0.367931
0.588686, 0.808361

2.209795, -0.367956
0.588622, 0.808408

2.209959, -0.367982
0.588557, 0.808455

2.210122, -0.368008
0.588493, 0.808502

2.210286, -0.368034
0.588428, 0.808549

2.210450, -0.368059
0.588364, 0.808596

2.210614, -0.368085
0.588299, 0.808643

2.210778, -0.368111
0.588234, 0.808690

2.210941, -0.368137
0.588170, 0.808737

2.211105, -0.368162
0.588105, 0.808784

2.211269, -0.368188
0.588041, 0.808831

2.211433, -0.368214
0.587976, 0.808878

2.211596, -0.368239
0.587912, 0.808925

2.211760, -0.368265
0.587847, 0.808972

2.211924, -0.368291
0.587782, 0.809019

2.212088, -0.368317
0.587718, 0.809066

2.212251, -0.368342
0.587653, 0.809113

2.212415, -0.368368
0.587589, 0.809160

2.212579, -0.368394
0.587524, 0.809207

2.212743, -0.368420
0.587459, 0.809254

2.212906, -0.368445
0.587395, 0.809301

2.213070, -0.368471
0.587330, 0.809348

2.213234, -0.368497
0.587265, 0.809394

2.213398, -0.368523
0.587201, 0.809441

2.213562, -0.368548
0.587136, 0.809488

2.213725, -0.368574
0.587072, 0.809535

2.213889, -0.368600
0.587007, 0.809582

2.214053, -0.368626
0.586942, 0.809629

2.214217, -0.368651
0.586878, 0.809676

2.214380, -0.368677
0.586813, 0.809723

2.214544, -0.368703
0.586748, 0.809769

2.214708, -0.368729
0.586684, 0.809816

2.214872, -0.368754
0.586619, 0.809863

2.215035, -0.368780
0.586554, 0.809910

2.215199, -0.368806
0.586490, 0.809957

2.215363, -0.368832
0.586425, 0.810004

2.215527, -0.368857
0.586360, 0.810050

2.215690, -0.368883
0.586296, 0.810097

2.215854, -0.368909
0.586231, 0.810144

2.216018, -0.368935
0.586166, 0.810191

2.216181, -0.368960
0.586101, 0.810238

2.216345, -0.368986
0.586037, 0.810284

2.216509, -0.369012
0.585972, 0.810331

2.216673, -0.369037
0.585907, 0.810378

2.216836, -0.369063
0.585843, 0.810425

2.217000, -0.369089
0.585778, 0.810472

2.217164, -0.369115
0.585713, 0.810518

2.217328, -0.369140
0.585649, 0.810565

2.217491, -0.369166
0.585584, 0.810612

2.217655, -0.369192
0.585519, 0.810659

2.217819, -0.369218
0.585454, 0.810705

2.217983, -0.369243
0.585390, 0.810752

2.218146, -0.369269
0.585325, 0.810799

2.218310, -0.369295
0.585260, 0.810846

2.218474, -0.369321
0.585195, 0.810892

2.218638, -0.369346
0.585131, 0.810939

2.218801, -0.369372
0.585066, 0.810986

2.218965, -0.369398
0.585001, 0.811033

2.219129, -0.369424
0.584936, 0.811079

2.219292, -0.369449
0.584872, 0.811126

2.219456, -0.369475
0.584807, 0.811173

2.219620, -0.369501
0.584742, 0.811219

2.219784, -0.369526
0.584677, 0.811266

2.219947, -0.369552
0.584612, 0.811313

2.220111, -0.369578
0.584548, 0.811359

2.220275, -0.369604
0.584483, 0.811406

2.220439, -0.369629
0.584418, 0.811453

2.220602, -0.369655
0.584353, 0.811499

2.220766, -0.369681
0.584288, 0.811546

2.220930, -0.369707
0.584224, 0.811593

2.221093, -0.369732
0.584159, 0.811639

2.221257, -0.369758
0.584094, 0.811686

2.221421, -0.369784
0.584029, 0.811733

2.221585, -0.369810
0.583964, 0.811779

2.221748, -0.369835
0.583900, 0.811826

2.221912, -0.369861
0.583835, 0.811873

2.222076, -0.369887
0.583770, 0.811919

2.222239, -0.369913
0.583705, 0.811966

2.222403, -0.369938
0.583640, 0.812012

2.222567, -0.369964
0.583575, 0.812059

2.222731, -0.369990
0.583511, 0.812106

2.222894, -0.370015
0.583446, 0.812152

2.223058, -0.370041
0.583381, 0.812199

2.223222, -0.370067
0.583316, 0.812245

2.223385, -0.370093
0.583251, 0.812292

2.223549, -0.370118
0.583186, 0.812338

2.223713, -0.370144
0.583121, 0.812385

2.223876, -0.370170
0.583057, 0.812432

2.224040, -0.370196
0.582992, 0.812478

2.224204, -0.370221
0.582927, 0.812525

2.224368, -0.370247
0.582862, 0.812571

2.224531, -0.370273
0.582797, 0.812618

2.224695, -0.370299
0.582732, 0.812664

2.224859, -0.370324
0.582667, 0.812711

2.225022, -0.370350
0.582602, 0.812757

2.225186, -0.370376
0.582537, 0.812804

2.225350, -0.370401
0.582473, 0.812850

2.225513, -0.370427
0.582408, 0.812897

2.225677, -0.370453
0.582343, 0.812943

2.225841, -0.370479
0.582278, 0.812990

2.226004, -0.370504
0.582213, 0.813036

2.226168, -0.370530
0.582148, 0.813083

2.226332, -0.370556
0.582083, 0.813129

2.226496, -0.370582
0.582018, 0.813176

2.226659, -0.370607
0.581953, 0.813222

2.226823, -0.370633
0.581888, 0.813269

2.226987, -0.370659
0.581823, 0.813315

2.227150, -0.370684
0.581758, 0.813362

2.227314, -0.370710
0.581693, 0.813408

2.227478, -0.370736
0.581628, 0.813455

2.227641, -0.370762
0.581563, 0.813501

2.227805, -0.370787
0.581499, 0.813547

2.227969, -0.370813
0.581434, 0.813594

2.228132, -0.370839
0.581369, 0.813640

2.228296, -0.370865
0.581304, 0.813687

2.228460, -0.370890
0.581239, 0.813733

2.228623, -0.370916
0.581174, 0.813780

2.228787, -0.370942
0.581109, 0.813826

2.228951, -0.370967
0.581044, 0.813872

2.229114, -0.370993
0.580979, 0.813919

2.229278, -0.371019
0.580914, 0.813965

2.229442, -0.371045
0.580849, 0.814012

2.229605, -0.371070
0.580784, 0.814058

2.229769, -0.371096
0.580719, 0.814104

2.229933, -0.371122
0.580654, 0.814151

2.230096, -0.371148
0.580589, 0.814197

2.230260, -0.371173
0.580524, 0.814243

2.230424, -0.371199
0.580459, 0.814290

2.230587, -0.371225
0.580394, 0.814336

2.230751, -0.371250
0.580329, 0.814382

2.230915, -0.371276
0.580264, 0.814429

2.231078, -0.371302
0.580199, 0.814475

2.231242, -0.371328
0.580133, 0.814521

2.231406, -0.371353
0.580068, 0.814568

2.231569, -0.371379
0.580003, 0.814614

2.231733, -0.371405
0.579938, 0.814660

2.231897, -0.371431
0.579873, 0.814707

2.232060, -0.371456
0.579808, 0.814753

2.232224, -0.371482
0.579743, 0.814799

2.232388, -0.371508
0.579678, 0.814846

2.232551, -0.371533
0.579613, 0.814892

2.232715, -0.371559
0.579548, 0.814938

2.232879, -0.371585
0.579483, 0.814984

2.233042, -0.371611
0.579418, 0.815031

2.233206, -0.371636
0.579353, 0.815077

2.233370, -0.371662
0.579288, 0.815123

2.233533, -0.371688
0.579223, 0.815169

2.233697, -0.371714
0.579157, 0.815216

2.233861, -0.371739
0.579092, 0.815262

2.234024, -0.371765
0.579027, 0.815308

2.234188, -0.371791
0.578962, 0.815354

2.234352, -0.371816
0.578897, 0.815401

2.234515, -0.371842
0.578832, 0.815447

2.234679, -0.371868
0.578767, 0.815493

2.234843, -0.371894
0.578702, 0.815539

2.235006, -0.371919
0.578637, 0.815586

2.235170, -0.371945
0.578571, 0.815632

2.235333, -0.371971
0.578506, 0.815678

2.235497, -0.371996
0.578441, 0.815724

2.235661, -0.372022
0.578376, 0.815770

2.235824, -0.372048
0.578311, 0.815816

2.235988, -0.372074
0.578246, 0.815863

2.236152, -0.372099
0.578181, 0.815909

2.236315, -0.372125
0.578115, 0.815955

2.236479, -0.372151
0.578050, 0.816001

2.236643, -0.372177
0.577985, 0.816047

2.236806, -0.372202
0.577920, 0.816093

2.236970, -0.372228
0.577855, 0.816140

2.237133, -0.372254
0.577790, 0.816186

2.237297, -0.372279
0.577724, 0.816232

2.237461, -0.372305
0.577659, 0.816278

2.237624, -0.372331
0.577594, 0.816324

2.237788, -0.372357
0.577529, 0.816370

2.237952, -0.372382
0.577464, 0.816416

2.238115, -0.372408
0.577399, 0.816462

2.238279, -0.372434
0.577333, 0.816509

2.238442, -0.372459
0.577268, 0.816555

2.238606, -0.372485
0.577203, 0.816601

2.238770, -0.372511
0.577138, 0.816647

2.238933, -0.372537
0.577073, 0.816693

2.239097, -0.372562
0.577007, 0.816739

2.239261, -0.372588
0.576942, 0.816785

2.239424, -0.372614
0.576877, 0.816831

2.239588, -0.372639
0.576812, 0.816877

2.239751, -0.372665
0.576746, 0.816923

2.239915, -0.372691
0.576681, 0.816969

2.240079, -0.372717
0.576616, 0.817015

2.240242, -0.372742
0.576551, 0.817061

2.240406, -0.372768
0.576485, 0.817107

2.240570, -0.372794
0.576420, 0.817153

2.240733, -0.372820
0.576355, 0.817199

2.240897, -0.372845
0.576290, 0.817246

2.241060, -0.372871
0.576224, 0.817292

2.241224, -0.372897
0.576159, 0.817338

2.241388, -0.372922
0.576094, 0.817384

2.241551, -0.372948
0.576029, 0.817430

2.241715, -0.372974
0.575963, 0.817476

2.241878, -0.373000
0.575898, 0.817522

2.242042, -0.373025
0.575833, 0.817567

2.242206, -0.373051
0.575767, 0.817613

2.242369, -0.373077
0.575702, 0.817659

2.242533, -0.373102
0.575637, 0.817705

2.242696, -0.373128
0.575572, 0.817751

2.242860, -0.373154
0.575506, 0.817797

2.243024, -0.373180
0.575441, 0.817843

2.243187, -0.373205
0.575376, 0.817889

2.243351, -0.373231
0.575310, 0.817935

2.243514, -0.373257
0.575245, 0.817981

2.243678, -0.373282
0.575180, 0.818027

2.243842, -0.373308
0.575114, 0.818073

2.244005, -0.373334
0.575049, 0.818119

2.244169, -0.373360
0.574984, 0.818165

2.244332, -0.373385
0.574918, 0.818211

2.244496, -0.373411
0.574853, 0.818257

2.244660, -0.373437
0.574788, 0.818303

2.244823, -0.373462
0.574722, 0.818348

2.244987, -0.373488
0.574657, 0.818394

2.245150, -0.373514
0.574592, 0.818440

2.245314, -0.373540
0.574526, 0.818486

2.245478, -0.373565
0.574461, 0.818532

2.245641, -0.373591
0.574396, 0.818578

2.245805, -0.373617
0.574330, 0.818624

2.245968, -0.373642
0.574265, 0.818670

2.246132, -0.373668
0.574200, 0.818715

2.246296, -0.373694
0.574134, 0.818761

2.246459, -0.373720
0.574069, 0.818807

2.246623, -0.373745
0.574003, 0.818853

2.246786, -0.373771
0.573938, 0.818899

2.246950, -0.373797
0.573873, 0.818945

2.247113, -0.373822
0.573807, 0.818990

2.247277, -0.373848
0.573742, 0.819036

2.247441, -0.373874
0.573676, 0.819082

2.247604, -0.373900
0.573611, 0.819128

2.247768, -0.373925
0.573546, 0.819174

2.247931, -0.373951
0.573480, 0.819219

2.248095, -0.373977
0.573415, 0.819265

2.248259, -0.374002
0.573349, 0.819311

2.248422, -0.374028
0.573284, 0.819357

2.248586, -0.374054
0.573219, 0.819403

2.248749, -0.374079
0.573153, 0.819448

2.248913, -0.374105
0.573088, 0.819494

2.249076, -0.374131
0.573022, 0.819540

2.249240, -0.374157
0.572957, 0.819586

2.249404, -0.374182
0.572891, 0.819631

2.249567, -0.374208
0.572826, 0.819677

2.249731, -0.374234
0.572760, 0.819723

2.249894, -0.374259
0.572695, 0.819769

2.250058, -0.374285
0.572629, 0.819814

2.250221, -0.374311
0.572564, 0.819860

2.250385, -0.374337
0.572499, 0.819906

2.250548, -0.374362
0.572433, 0.819951

2.250712, -0.374388
0.572368, 0.819997

2.250876, -0.374414
0.572302, 0.820043

2.251039, -0.374439
0.572237, 0.820089

2.251203, -0.374465
0.572171, 0.820134

2.251366, -0.374491
0.572106, 0.820180

2.251530, -0.374517
0.572040, 0.820226

2.251693, -0.374542
0.571975, 0.820271

2.251857, -0.374568
0.571909, 0.820317

2.252021, -0.374594
0.571844, 0.820363

2.252184, -0.374619
0.571778, 0.820408

2.252348, -0.374645
0.571713, 0.820454

2.252511, -0.374671
0.571647, 0.820500

2.252675, -0.374696
0.571582, 0.820545

2.252838, -0.374722
0.571516, 0.820591

2.253002, -0.374748
0.571451, 0.820636

2.253165, -0.374774
0.571385, 0.820682

2.253329, -0.374799
0.571319, 0.820728

2.253492, -0.374825
0.571254, 0.820773

2.253656, -0.374851
0.571188, 0.820819

2.253820, -0.374876
0.571123, 0.820865

2.253983, -0.374902
0.571057, 0.820910

2.254147, -0.374928
0.570992, 0.820956

2.254310, -0.374954
0.570926, 0.821001

2.254474, -0.374979
0.570861, 0.821047

2.254637, -0.375005
0.570795, 0.821093

2.254801, -0.375031
0.570730, 0.821138

2.254964, -0.375056
0.570664, 0.821184

2.255128, -0.375082
0.570598, 0.821229

2.255291, -0.375108
0.570533, 0.821275

2.255455, -0.375133
0.570467, 0.821320

2.255619, -0.375159
0.570402, 0.821366

2.255782, -0.375185
0.570336, 0.821411

2.255946, -0.375211
0.570270, 0.821457

2.256109, -0.375236
0.570205, 0.821503

2.256273, -0.375262
0.570139, 0.821548

2.256436, -0.375288
0.570074, 0.821594

2.256600, -0.375313
0.570008, 0.821639

2.256763, -0.375339
0.569942, 0.821685

2.256927, -0.375365
0.569877, 0.821730

2.257090, -0.375391
0.569811, 0.821776

2.257254, -0.375416
0.569746, 0.821821

2.257417, -0.375442
0.569680, 0.821867

2.257581, -0.375468
0.569614, 0.821912

2.257744, -0.375493
0.569549, 0.821958

2.257908, -0.375519
0.569483, 0.822003

2.258071, -0.375545
0.569417, 0.822049

2.258235, -0.375570
0.569352, 0.822094

2.258399, -0.375596
0.569286, 0.822139

2.258562, -0.375622
0.569220, 0.822185

2.258726, -0.375648
0.569155, 0.822230

2.258889, -0.375673
0.569089, 0.822276

2.259053, -0.375699
0.569024, 0.822321

2.259216, -0.375725
0.568958, 0.822367

2.259380, -0.375750
0.568892, 0.822412

2.259543, -0.375776
0.568827, 0.822458

2.259707, -0.375802
0.568761, 0.822503

2.259870, -0.375827
0.568695, 0.822548

2.260034, -0.375853
0.568629, 0.822594

2.260197, -0.375879
0.568564, 0.822639

2.260361, -0.375905
0.568498, 0.822685

2.260524, -0.375930
0.568432, 0.822730

2.260688, -0.375956
0.568367, 0.822775

2.260851, -0.375982
0.568301, 0.822821

2.261015, -0.376007
0.568235, 0.822866

2.261178, -0.376033
0.568170, 0.822911

2.261342, -0.376059
0.568104, 0.822957

2.261505, -0.376084
0.568038, 0.823002

2.261669, -0.376110
0.567972, 0.823048

2.261832, -0.376136
0.567907, 0.823093

2.261996, -0.376162
0.567841, 0.823138

2.262159, -0.376187
0.567775, 0.823184

2.262323, -0.376213
0.567710, 0.823229

2.262486, -0.376239
0.567644, 0.823274

2.262650, -0.376264
0.567578, 0.823320

2.262813, -0.376290
0.567512, 0.823365

2.262977, -0.376316
0.567447, 0.823410

2.263140, -0.376341
0.567381, 0.823456

2.263304, -0.376367
0.567315, 0.823501

2.263467, -0.376393
0.567249, 0.823546

2.263631, -0.376419
0.567184, 0.823591

2.263794, -0.376444
0.567118, 0.823637

2.263958, -0.376470
0.567052, 0.823682

2.264121, -0.376496
0.566986, 0.823727

2.264285, -0.376521
0.566920, 0.823773

2.264448, -0.376547
0.566855, 0.823818

2.264612, -0.376573
0.566789, 0.823863

2.264775, -0.376598
0.566723, 0.823908

2.264939, -0.376624
0.566657, 0.823954

2.265102, -0.376650
0.566591, 0.823999

2.265266, -0.376675
0.566526, 0.824044

2.265429, -0.376701
0.566460, 0.824089

2.265593, -0.376727
0.566394, 0.824135

2.265756, -0.376753
0.566328, 0.824180

2.265920, -0.376778
0.566262, 0.824225

2.266083, -0.376804
0.566197, 0.824270

2.266247, -0.376830
0.566131, 0.824315

2.266410, -0.376855
0.566065, 0.824361

2.266574, -0.376881
0.565999, 0.824406

2.266737, -0.376907
0.565933, 0.824451

2.266901, -0.376932
0.565868, 0.824496

2.267064, -0.376958
0.565802, 0.824541

2.267228, -0.376984
0.565736, 0.824587

2.267391, -0.377010
0.565670, 0.824632

2.267554, -0.377035
0.565604, 0.824677

2.267718, -0.377061
0.565538, 0.824722

2.267881, -0.377087
0.565472, 0.824767

2.268045, -0.377112
0.565407, 0.824812

2.268208, -0.377138
0.565341, 0.824858

2.268372, -0.377164
0.565275, 0.824903

2.268535, -0.377189
0.565209, 0.824948

2.268699, -0.377215
0.565143, 0.824993

2.268862, -0.377241
0.565077, 0.825038

2.269026, -0.377266
0.565011, 0.825083

2.269189, -0.377292
0.564945, 0.825128

2.269353, -0.377318
0.564880, 0.825173

2.269516, -0.377344
0.564814, 0.825218

2.269680, -0.377369
0.564748, 0.825264

2.269843, -0.377395
0.564682, 0.825309

2.270007, -0.377421
0.564616, 0.825354

2.270170, -0.377446
0.564550, 0.825399

2.270333, -0.377472
0.564484, 0.825444

2.270497, -0.377498
0.564418, 0.825489

2.270660, -0.377523
0.564352, 0.825534

2.270824, -0.377549
0.564286, 0.825579

2.270987, -0.377575
0.564220, 0.825624

2.271151, -0.377600
0.564155, 0.825669

2.271314, -0.377626
0.564089, 0.825714

2.271478, -0.377652
0.564023, 0.825759

2.271641, -0.377678
0.563957, 0.825804

2.271805, -0.377703
0.563891, 0.825849

2.271968, -0.377729
0.563825, 0.825894

2.272132, -0.377755
0.563759, 0.825939

2.272295, -0.377780
0.563693, 0.825984

2.272458, -0.377806
0.563627, 0.826029

2.272622, -0.377832
0.563561, 0.826074

2.272785, -0.377857
0.563495, 0.826119

2.272949, -0.377883
0.563429, 0.826164

2.273112, -0.377909
0.563363, 0.826209

2.273276, -0.377934
0.563297, 0.826254

2.273439, -0.377960
0.563231, 0.826299

2.273603, -0.377986
0.563165, 0.826344

2.273766, -0.378011
0.563099, 0.826389

2.273929, -0.378037
0.563033, 0.826434

2.274093, -0.378063
0.562967, 0.826479

2.274256, -0.378089
0.562901, 0.826524

2.274420, -0.378114
0.562835, 0.826569

2.274583, -0.378140
0.562769, 0.826614

2.274747, -0.378166
0.562703, 0.826659

2.274910, -0.378191
0.562637, 0.826704

2.275074, -0.378217
0.562571, 0.826749

2.275237, -0.378243
0.562505, 0.826794

2.275400, -0.378268
0.562439, 0.826839

2.275564, -0.378294
0.562373, 0.826884

2.275727, -0.378320
0.562307, 0.826929

2.275891, -0.378345
0.562241, 0.826973

2.276054, -0.378371
0.562175, 0.827018

2.276218, -0.378397
0.562109, 0.827063

2.276381, -0.378422
0.562043, 0.827108

2.276544, -0.378448
0.561977, 0.827153

2.276708, -0.378474
0.561911, 0.827198

2.276871, -0.378500
0.561845, 0.827243

2.277035, -0.378525
0.561779, 0.827288

2.277198, -0.378551
0.561713, 0.827332

2.277362, -0.378577
0.561647, 0.827377

2.277525, -0.378602
0.561581, 0.827422

2.277688, -0.378628
0.561514, 0.827467

2.277852, -0.378654
0.561448, 0.827512

2.278015, -0.378679
0.561382, 0.827557

2.278179, -0.378705
0.561316, 0.827601

2.278342, -0.378731
0.561250, 0.827646

2.278506, -0.378756
0.561184, 0.827691

2.278669, -0.378782
0.561118, 0.827736

2.278832, -0.378808
0.561052, 0.827781

2.278996, -0.378833
0.560986, 0.827825

2.279159, -0.378859
0.560920, 0.827870

2.279323, -0.378885
0.560854, 0.827915

2.279486, -0.378910
0.560787, 0.827960

2.279649, -0.378936
0.560721, 0.828005

2.279813, -0.378962
0.560655, 0.828049

2.279976, -0.378988
0.560589, 0.828094

2.280140, -0.379013
0.560523, 0.828139

2.280303, -0.379039
0.560457, 0.828184

2.280467, -0.379065
0.560391, 0.828228

2.280630, -0.379090
0.560325, 0.828273

2.280793, -0.379116
0.560258, 0.828318

2.280957, -0.379142
0.560192, 0.828363

2.281120, -0.379167
0.560126, 0.828407

2.281284, -0.379193
0.560060, 0.828452

2.281447, -0.379219
0.559994, 0.828497

2.281610, -0.379244
0.559928, 0.828542

2.281774, -0.379270
0.559861, 0.828586

2.281937, -0.379296
0.559795, 0.828631

2.282101, -0.379321
0.559729, 0.828676

2.282264, -0.379347
0.559663, 0.828720

2.282427, -0.379373
0.559597, 0.828765

2.282591, -0.379398
0.559531, 0.828810

2.282754, -0.379424
0.559464, 0.828854

2.282918, -0.379450
0.559398, 0.828899

2.283081, -0.379475
0.559332, 0.828944

2.283244, -0.379501
0.559266, 0.828988

2.283408, -0.379527
0.559200, 0.829033

2.283571, -0.379552
0.559133, 0.829078

2.283735, -0.379578
0.559067, 0.829122

2.283898, -0.379604
0.559001, 0.829167

2.284061, -0.379630
0.558935, 0.829212

2.284225, -0.379655
0.558869, 0.829256

2.284388, -0.379681
0.558802, 0.829301

2.284552, -0.379707
0.558736, 0.829345

2.284715, -0.379732
0.558670, 0.829390

2.284878, -0.379758
0.558604, 0.829435

2.285042, -0.379784
0.558537, 0.829479

2.285205, -0.379809
0.558471, 0.829524

2.285369, -0.379835
0.558405, 0.829568

2.285532, -0.379861
0.558339, 0.829613

2.285695, -0.379886
0.558273, 0.829658

2.285859, -0.379912
0.558206, 0.829702

2.286022, -0.379938
0.558140, 0.829747

2.286185, -0.379963
0.558074, 0.829791

2.286349, -0.379989
0.558007, 0.829836

2.286512, -0.380015
0.557941, 0.829880

2.286676, -0.380040
0.557875, 0.829925

2.286839, -0.380066
0.557809, 0.829970

2.287002, -0.380092
0.557742, 0.830014

2.287166, -0.380117
0.557676, 0.830059

2.287329, -0.380143
0.557610, 0.830103

2.287492, -0.380169
0.557544, 0.830148

2.287656, -0.380194
0.557477, 0.830192

2.287819, -0.380220
0.557411, 0.830237

2.287983, -0.380246
0.557345, 0.830281

2.288146, -0.380271
0.557278, 0.830326

2.288309, -0.380297
0.557212, 0.830370

2.288473, -0.380323
0.557146, 0.830415

2.288636, -0.380348
0.557079, 0.830459

2.288799, -0.380374
0.557013, 0.830504

2.288963, -0.380400
0.556947, 0.830548

2.289126, -0.380426
0.556881, 0.830593

2.289290, -0.380451
0.556814, 0.830637

2.289453, -0.380477
0.556748, 0.830682

2.289616, -0.380503
0.556682, 0.830726

2.289780, -0.380528
0.556615, 0.830770

2.289943, -0.380554
0.556549, 0.830815

2.290106, -0.380580
0.556482, 0.830859

2.290270, -0.380605
0.556416, 0.830904

2.290433, -0.380631
0.556350, 0.830948

2.290596, -0.380657
0.556283, 0.830993

2.290760, -0.380682
0.556217, 0.831037

2.290923, -0.380708
0.556151, 0.831081

2.291087, -0.380734
0.556084, 0.831126

2.291250, -0.380759
0.556018, 0.831170

2.291413, -0.380785
0.555952, 0.831215

2.291577, -0.380811
0.555885, 0.831259

2.291740, -0.380836
0.555819, 0.831303

2.291903, -0.380862
0.555752, 0.831348

2.292067, -0.380888
0.555686, 0.831392

2.292230, -0.380913
0.555620, 0.831437

2.292393, -0.380939
0.555553, 0.831481

2.292557, -0.380965
0.555487, 0.831525

2.292720, -0.380990
0.555421, 0.831570

2.292883, -0.381016
0.555354, 0.831614

2.293047, -0.381042
0.555288, 0.831658

2.293210, -0.381067
0.555221, 0.831703

2.293373, -0.381093
0.555155, 0.831747

2.293537, -0.381119
0.555088, 0.831791

2.293700, -0.381144
0.555022, 0.831836

2.293864, -0.381170
0.554956, 0.831880

2.294027, -0.381196
0.554889, 0.831924

2.294190, -0.381221
0.554823, 0.831969

2.294354, -0.381247
0.554756, 0.832013

2.294517, -0.381273
0.554690, 0.832057

2.294680, -0.381298
0.554623, 0.832101

2.294844, -0.381324
0.554557, 0.832146

2.295007, -0.381350
0.554491, 0.832190

2.295170, -0.381375
0.554424, 0.832234

2.295334, -0.381401
0.554358, 0.832279

2.295497, -0.381427
0.554291, 0.832323

2.295660, -0.381452
0.554225, 0.832367

2.295824, -0.381478
0.554158, 0.832411

2.295987, -0.381504
0.554092, 0.832456

2.296150, -0.381529
0.554025, 0.832500

2.296314, -0.381555
0.553959, 0.832544

2.296477, -0.381581
0.553892, 0.832588

2.296640, -0.381606
0.553826, 0.832633

2.296804, -0.381632
0.553759, 0.832677

2.296967, -0.381658
0.553693, 0.832721

2.297130, -0.381683
0.553626, 0.832765

2.297294, -0.381709
0.553560, 0.832809

2.297457, -0.381735
0.553493, 0.832854

2.297620, -0.381760
0.553427, 0.832898

2.297784, -0.381786
0.553360, 0.832942

2.297947, -0.381812
0.553294, 0.832986

2.298110, -0.381837
0.553227, 0.833030

2.298274, -0.381863
0.553161, 0.833074

2.298437, -0.381889
0.553094, 0.833119

2.298600, -0.381914
0.553028, 0.833163

2.298763, -0.381940
0.552961, 0.833207

2.298927, -0.381966
0.552895, 0.833251

2.299090, -0.381991
0.552828, 0.833295

2.299253, -0.382017
0.552762, 0.833339

2.299417, -0.382043
0.552695, 0.833384

2.299580, -0.382068
0.552629, 0.833428

2.299743, -0.382094
0.552562, 0.833472

2.299907, -0.382120
0.552495, 0.833516

2.300070, -0.382145
0.552429, 0.833560

2.300233, -0.382171
0.552362, 0.833604

2.300397, -0.382197
0.552296, 0.833648

2.300560, -0.382222
0.552229, 0.833692

2.300723, -0.382248
0.552163, 0.833736

2.300887, -0.382274
0.552096, 0.833781

2.301050, -0.382299
0.552029, 0.833825

2.301213, -0.382325
0.551963, 0.833869

2.301376, -0.382351
0.551896, 0.833913

2.301540, -0.382376
0.551830, 0.833957

2.301703, -0.382402
0.551763, 0.834001

2.301866, -0.382428
0.551696, 0.834045

2.302030, -0.382453
0.551630, 0.834089

2.302193, -0.382479
0.551563, 0.834133

2.302356, -0.382505
0.551497, 0.834177

2.302520, -0.382530
0.551430, 0.834221

2.302683, -0.382556
0.551363, 0.834265

2.302846, -0.382582
0.551297, 0.834309

2.303010, -0.382607
0.551230, 0.834353

2.303173, -0.382633
0.551164, 0.834397

2.303336, -0.382659
0.551097, 0.834441

2.303499, -0.382684
0.551030, 0.834485

2.303663, -0.382710
0.550964, 0.834529

2.303826, -0.382736
0.550897, 0.834573

2.303989, -0.382761
0.550830, 0.834617

2.304153, -0.382787
0.550764, 0.834661

2.304316, -0.382813
0.550697, 0.834705

2.304479, -0.382838
0.550630, 0.834749

2.304642, -0.382864
0.550564, 0.834793

2.304806, -0.382890
0.550497, 0.834837

2.304969, -0.382915
0.550430, 0.834881

2.305132, -0.382941
0.550364, 0.834925

2.305296, -0.382967
0.550297, 0.834969

2.305459, -0.382992
0.550230, 0.835013

2.305622, -0.383018
0.550164, 0.835057

2.305785, -0.383044
0.550097, 0.835101

2.305949, -0.383069
0.550030, 0.835145

2.306112, -0.383095
0.549964, 0.835189

2.306275, -0.383121
0.549897, 0.835232

2.306439, -0.383146
0.549830, 0.835276

2.306602, -0.383172
0.549764, 0.835320

2.306765, -0.383198
0.549697, 0.835364

2.306928, -0.383223
0.549630, 0.835408

2.307092, -0.383249
0.549564, 0.835452

2.307255, -0.383275
0.549497, 0.835496

2.307418, -0.383300
0.549430, 0.835540

2.307582, -0.383326
0.549363, 0.835584

2.307745, -0.383352
0.549297, 0.835627

2.307908, -0.383377
0.549230, 0.835671

2.308071, -0.383403
0.549163, 0.835715

2.308235, -0.383429
0.549096, 0.835759

2.308398, -0.383454
0.549030, 0.835803

2.308561, -0.383480
0.548963, 0.835847

2.308725, -0.383505
0.548896, 0.835891

2.308888, -0.383531
0.548829, 0.835934

2.309051, -0.383557
0.548763, 0.835978

2.309214, -0.383582
0.548696, 0.836022

2.309378, -0.383608
0.548629, 0.836066

2.309541, -0.383634
0.548562, 0.836110

2.309704, -0.383659
0.548496, 0.836153

2.309867, -0.383685
0.548429, 0.836197

2.310031, -0.383711
0.548362, 0.836241

2.310194, -0.383736
0.548295, 0.836285

2.310357, -0.383762
0.548229, 0.836329

2.310520, -0.383788
0.548162, 0.836372

2.310684, -0.383813
0.548095, 0.836416

2.310847, -0.383839
0.548028, 0.836460

2.311010, -0.383865
0.547961, 0.836504

2.311173, -0.383890
0.547895, 0.836547

2.311337, -0.383916
0.547828, 0.836591

2.311500, -0.383942
0.547761, 0.836635

2.311663, -0.383967
0.547694, 0.836679

2.311827, -0.383993
0.547627, 0.836722

2.311990, -0.384019
0.547561, 0.836766

2.312153, -0.384044
0.547494, 0.836810

2.312316, -0.384070
0.547427, 0.836853

2.312480, -0.384096
0.547360, 0.836897

2.312643, -0.384121
0.547293, 0.836941

2.312806, -0.384147
0.547226, 0.836985

2.312969, -0.384173
0.547160, 0.837028

2.313133, -0.384198
0.547093, 0.837072

2.313296, -0.384224
0.547026, 0.837116

2.313459, -0.384250
0.546959, 0.837159

2.313622, -0.384275
0.546892, 0.837203

2.313786, -0.384301
0.546825, 0.837247

2.313949, -0.384326
0.546759, 0.837290

2.314112, -0.384352
0.546692, 0.837334

2.314275, -0.384378
0.546625, 0.837378

2.314439, -0.384403
0.546558, 0.837421

2.314602, -0.384429
0.546491, 0.837465

2.314765, -0.384455
0.546424, 0.837509

2.314928, -0.384480
0.546357, 0.837552

2.315091, -0.384506
0.546290, 0.837596

2.315255, -0.384532
0.546224, 0.837639

2.315418, -0.384557
0.546157, 0.837683

2.315581, -0.384583
0.546090, 0.837727

2.315744, -0.384609
0.546023, 0.837770

2.315908, -0.384634
0.545956, 0.837814

2.316071, -0.384660
0.545889, 0.837857

2.316234, -0.384686
0.545822, 0.837901

2.316397, -0.384711
0.545755, 0.837945

2.316561, -0.384737
0.545688, 0.837988

2.316724, -0.384763
0.545621, 0.838032

2.316887, -0.384788
0.545555, 0.838075

2.317050, -0.384814
0.545488, 0.838119

2.317214, -0.384840
0.545421, 0.838162

2.317377, -0.384865
0.545354, 0.838206

2.317540, -0.384891
0.545287, 0.838250

2.317703, -0.384916
0.545220, 0.838293

2.317866, -0.384942
0.545153, 0.838337

2.318030, -0.384968
0.545086, 0.838380

2.318193, -0.384993
0.545019, 0.838424

2.318356, -0.385019
0.544952, 0.838467

2.318519, -0.385045
0.544885, 0.838511

2.318683, -0.385070
0.544818, 0.838554

2.318846, -0.385096
0.544751, 0.838598

2.319009, -0.385122
0.544684, 0.838641

2.319172, -0.385147
0.544617, 0.838685

2.319335, -0.385173
0.544550, 0.838728

2.319499, -0.385199
0.544483, 0.838772

2.319662, -0.385224
0.544416, 0.838815

2.319825, -0.385250
0.544349, 0.838859

2.319988, -0.385276
0.544282, 0.838902

2.320152, -0.385301
0.544215, 0.838946

2.320315, -0.385327
0.544148, 0.838989

2.320478, -0.385353
0.544081, 0.839032

2.320641, -0.385378
0.544014, 0.839076

2.320804, -0.385404
0.543947, 0.839119

2.320968, -0.385429
0.543880, 0.839163

2.321131, -0.385455
0.543813, 0.839206

2.321294, -0.385481
0.543746, 0.839250

2.321457, -0.385506
0.543679, 0.839293

2.321620, -0.385532
0.543612, 0.839336

2.321784, -0.385558
0.543545, 0.839380

2.321947, -0.385583
0.543478, 0.839423

2.322110, -0.385609
0.543411, 0.839467

2.322273, -0.385635
0.543344, 0.839510

2.322436, -0.385660
0.543277, 0.839553

2.322600, -0.385686
0.543210, 0.839597

2.322763, -0.385712
0.543143, 0.839640

2.322926, -0.385737
0.543076, 0.839684

2.323089, -0.385763
0.543009, 0.839727

2.323252, -0.385789
0.542942, 0.839770

2.323416, -0.385814
0.542875, 0.839814

2.323579, -0.385840
0.542808, 0.839857

2.323742, -0.385865
0.542741, 0.839900

2.323905, -0.385891
0.542674, 0.839944

2.324068, -0.385917
0.542607, 0.839987

2.324232, -0.385942
0.542540, 0.840030

2.324395, -0.385968
0.542472, 0.840074

2.324558, -0.385994
0.542405, 0.840117

2.324721, -0.386019
0.542338, 0.840160

2.324884, -0.386045
0.542271, 0.840204

2.325048, -0.386071
0.542204, 0.840247

2.325211, -0.386096
0.542137, 0.840290

2.325374, -0.386122
0.542070, 0.840333

2.325537, -0.386148
0.542003, 0.840377

2.325700, -0.386173
0.541936, 0.840420

2.325864, -0.386199
0.541869, 0.840463

2.326027, -0.386224
0.541801, 0.840506

2.326190, -0.386250
0.541734, 0.840550

2.326353, -0.386276
0.541667, 0.840593

2.326516, -0.386301
0.541600, 0.840636

2.326680, -0.386327
0.541533, 0.840679

2.326843, -0.386353
0.541466, 0.840723

2.327006, -0.386378
0.541399, 0.840766

2.327169, -0.386404
0.541332, 0.840809

2.327332, -0.386430
0.541264, 0.840852

2.327495, -0.386455
0.541197, 0.840896

2.327659, -0.386481
0.541130, 0.840939

2.327822, -0.386507
0.541063, 0.840982

2.327985, -0.386532
0.540996, 0.841025

2.328148, -0.386558
0.540929, 0.841068

2.328311, -0.386583
0.540862, 0.841112

2.328474, -0.386609
0.540794, 0.841155

2.328638, -0.386635
0.540727, 0.841198

2.328801, -0.386660
0.540660, 0.841241

2.328964, -0.386686
0.540593, 0.841284

2.329127, -0.386712
0.540526, 0.841328

2.329290, -0.386737
0.540458, 0.841371

2.329454, -0.386763
0.540391, 0.841414

2.329617, -0.386789
0.540324, 0.841457

2.329780, -0.386814
0.540257, 0.841500

2.329943, -0.386840
0.540190, 0.841543

2.330106, -0.386866
0.540123, 0.841586

2.330269, -0.386891
0.540055, 0.841630

2.330433, -0.386917
0.539988, 0.841673

2.330596, -0.386942
0.539921, 0.841716

2.330759, -0.386968
0.539854, 0.841759

2.330922, -0.386994
0.539786, 0.841802

2.331085, -0.387019
0.539719, 0.841845

2.331248, -0.387045
0.539652, 0.841888

2.331412, -0.387071
0.539585, 0.841931

2.331575, -0.387096
0.539518, 0.841974

2.331738, -0.387122
0.539450, 0.842017

2.331901, -0.387148
0.539383, 0.842060

2.332064, -0.387173
0.539316, 0.842104

2.332227, -0.387199
0.539249, 0.842147

2.332390, -0.387224
0.539181, 0.842190

2.332554, -0.387250
0.539114, 0.842233

2.332717, -0.387276
0.539047, 0.842276

2.332880, -0.387301
0.538980, 0.842319

2.333043, -0.387327
0.538912, 0.842362

2.333206, -0.387353
0.538845, 0.842405

2.333369, -0.387378
0.538778, 0.842448

2.333533, -0.387404
0.538711, 0.842491

2.333696, -0.387430
0.538643, 0.842534

2.333859, -0.387455
0.538576, 0.842577

2.334022, -0.387481
0.538509, 0.842620

2.334185, -0.387506
0.538441, 0.842663

2.334348, -0.387532
0.538374, 0.842706

2.334511, -0.387558
0.538307, 0.842749

2.334675, -0.387583
0.538240, 0.842792

2.334838, -0.387609
0.538172, 0.842835

2.335001, -0.387635
0.538105, 0.842878

2.335164, -0.387660
0.538038, 0.842921

2.335327, -0.387686
0.537970, 0.842964

2.335490, -0.387712
0.537903, 0.843007

2.335653, -0.387737
0.537836, 0.843050

2.335817, -0.387763
0.537768, 0.843093

2.335980, -0.387788
0.537701, 0.843136

2.336143, -0.387814
0.537634, 0.843178

2.336306, -0.387840
0.537566, 0.843221

2.336469, -0.387865
0.537499, 0.843264

2.336632, -0.387891
0.537432, 0.843307

2.336795, -0.387917
0.537364, 0.843350

2.336959, -0.387942
0.537297, 0.843393

2.337122, -0.387968
0.537230, 0.843436

2.337285, -0.387994
0.537162, 0.843479

2.337448, -0.388019
0.537095, 0.843522

2.337611, -0.388045
0.537028, 0.843565

2.337774, -0.388070
0.536960, 0.843608

2.337937, -0.388096
0.536893, 0.843650

2.338100, -0.388122
0.536826, 0.843693

2.338264, -0.388147
0.536758, 0.843736

2.338427, -0.388173
0.536691, 0.843779

2.338590, -0.388199
0.536623, 0.843822

2.338753, -0.388224
0.536556, 0.843865

2.338916, -0.388250
0.536489, 0.843908

2.339079, -0.388276
0.536421, 0.843950

2.339242, -0.388301
0.536354, 0.843993

2.339405, -0.388327
0.536286, 0.844036

2.339569, -0.388352
0.536219, 0.844079

2.339732, -0.388378
0.536152, 0.844122

2.339895, -0.388404
0.536084, 0.844164

2.340058, -0.388429
0.536017, 0.844207

2.340221, -0.388455
0.535949, 0.844250

2.340384, -0.388481
0.535882, 0.844293

2.340547, -0.388506
0.535815, 0.844336

2.340710, -0.388532
0.535747, 0.844378

2.340874, -0.388557
0.535680, 0.844421

2.341037, -0.388583
0.535612, 0.844464

2.341200, -0.388609
0.535545, 0.844507

2.341363, -0.388634
0.535477, 0.844550

2.341526, -0.388660
0.535410, 0.844592

2.341689, -0.388686
0.535343, 0.844635

2.341852, -0.388711
0.535275, 0.844678

2.342015, -0.388737
0.535208, 0.844721

2.342178, -0.388763
0.535140, 0.844763

2.342342, -0.388788
0.535073, 0.844806

2.342505, -0.388814
0.535005, 0.844849

2.342668, -0.388839
0.534938, 0.844891

2.342831, -0.388865
0.534870, 0.844934

2.342994, -0.388891
0.534803, 0.844977

2.343157, -0.388916
0.534735, 0.845020

2.343320, -0.388942
0.534668, 0.845062

2.343483, -0.388968
0.534600, 0.845105

2.343646, -0.388993
0.534533, 0.845148

2.343809, -0.389019
0.534465, 0.845190

2.343973, -0.389044
0.534398, 0.845233

2.344136, -0.389070
0.534331, 0.845276

2.344299, -0.389096
0.534263, 0.845318

2.344462, -0.389121
0.534196, 0.845361

2.344625, -0.389147
0.534128, 0.845404

2.344788, -0.389173
0.534061, 0.845446

2.344951, -0.389198
0.533993, 0.845489

2.345114, -0.389224
0.533925, 0.845532

2.345277, -0.389249
0.533858, 0.845574

2.345440, -0.389275
0.533790, 0.845617

2.345604, -0.389301
0.533723, 0.845659

2.345767, -0.389326
0.533655, 0.845702

2.345930, -0.389352
0.533588, 0.845745

2.346093, -0.389378
0.533520, 0.845787

2.346256, -0.389403
0.533453, 0.845830

2.346419, -0.389429
0.533385, 0.845872

2.346582, -0.389455
0.533318, 0.845915

2.346745, -0.389480
0.533250, 0.845958

2.346908, -0.389506
0.533183, 0.846000

2.347071, -0.389531
0.533115, 0.846043

2.347234, -0.389557
0.533047, 0.846085

2.347398, -0.389583
0.532980, 0.846128

2.347561, -0.389608
0.532912, 0.846170

2.347724, -0.389634
0.532845, 0.846213

2.347887, -0.389660
0.532777, 0.846256

2.348050, -0.389685
0.532710, 0.846298

2.348213, -0.389711
0.532642, 0.846341

2.348376, -0.389736
0.532574, 0.846383

2.348539, -0.389762
0.532507, 0.846426

2.348702, -0.389788
0.532439, 0.846468

2.348865, -0.389813
0.532372, 0.846511

2.349028, -0.389839
0.532304, 0.846553

2.349191, -0.389865
0.532236, 0.846596

2.349355, -0.389890
0.532169, 0.846638

2.349518, -0.389916
0.532101, 0.846681

2.349681, -0.389941
0.532034, 0.846723

2.349844, -0.389967
0.531966, 0.846766

2.350007, -0.389993
0.531898, 0.846808

2.350170, -0.390018
0.531831, 0.846851

2.350333, -0.390044
0.531763, 0.846893

2.350496, -0.390070
0.531696, 0.846936

2.350659, -0.390095
0.531628, 0.846978

2.350822, -0.390121
0.531560, 0.847020

2.350985, -0.390146
0.531493, 0.847063

2.351148, -0.390172
0.531425, 0.847105

2.351311, -0.390198
0.531357, 0.847148

2.351474, -0.390223
0.531290, 0.847190

2.351637, -0.390249
0.531222, 0.847233

2.351801, -0.390274
0.531154, 0.847275

2.351964, -0.390300
0.531087, 0.847317

2.352127, -0.390326
0.531019, 0.847360

2.352290, -0.390351
0.530951, 0.847402

2.352453, -0.390377
0.530884, 0.847445

2.352616, -0.390403
0.530816, 0.847487

2.352779, -0.390428
0.530748, 0.847529

2.352942, -0.390454
0.530681, 0.847572

2.353105, -0.390479
0.530613, 0.847614

2.353268, -0.390505
0.530545, 0.847657

2.353431, -0.390531
0.530478, 0.847699

2.353594, -0.390556
0.530410, 0.847741

2.353757, -0.390582
0.530342, 0.847784

2.353920, -0.390608
0.530275, 0.847826

2.354083, -0.390633
0.530207, 0.847868

2.354246, -0.390659
0.530139, 0.847911

2.354409, -0.390684
0.530072, 0.847953

2.354573, -0.390710
0.530004, 0.847995

2.354736, -0.390736
0.529936, 0.848038

2.354899, -0.390761
0.529868, 0.848080

2.355062, -0.390787
0.529801, 0.848122

2.355225, -0.390813
0.529733, 0.848165

2.355388, -0.390838
0.529665, 0.848207

2.355551, -0.390864
0.529597, 0.848249

2.355714, -0.390889
0.529530, 0.848291

2.355877, -0.390915
0.529462, 0.848334

2.356040, -0.390941
0.529394, 0.848376

2.356203, -0.390966
0.529327, 0.848418

2.356366, -0.390992
0.529259, 0.848460

2.356529, -0.391017
0.529191, 0.848503

2.356692, -0.391043
0.529123, 0.848545

2.356855, -0.391069
0.529055, 0.848587

2.357018, -0.391094
0.528988, 0.848629

2.357181, -0.391120
0.528920, 0.848672

2.357344, -0.391146
0.528852, 0.848714

2.357507, -0.391171
0.528784, 0.848756

2.357670, -0.391197
0.528717, 0.848798

2.357833, -0.391222
0.528649, 0.848841

2.357996, -0.391248
0.528581, 0.848883

2.358159, -0.391274
0.528513, 0.848925

2.358323, -0.391299
0.528446, 0.848967

2.358486, -0.391325
0.528378, 0.849009

2.358649, -0.391351
0.528310, 0.849052

2.358812, -0.391376
0.528242, 0.849094

2.358975, -0.391402
0.528174, 0.849136

2.359138, -0.391427
0.528107, 0.849178

2.359301, -0.391453
0.528039, 0.849220

2.359464, -0.391479
0.527971, 0.849262

2.359627, -0.391504
0.527903, 0.849305

2.359790, -0.391530
0.527835, 0.849347

2.359953, -0.391555
0.527767, 0.849389

2.360116, -0.391581
0.527700, 0.849431

2.360279, -0.391607
0.527632, 0.849473

2.360442, -0.391632
0.527564, 0.849515

2.360605, -0.391658
0.527496, 0.849557

2.360768, -0.391684
0.527428, 0.849600

2.360931, -0.391709
0.527360, 0.849642

2.361094, -0.391735
0.527293, 0.849684

2.361257, -0.391760
0.527225, 0.849726

2.361420, -0.391786
0.527157, 0.849768

2.361583, -0.391812
0.527089, 0.849810

2.361746, -0.391837
0.527021, 0.849852

2.361909, -0.391863
0.526953, 0.849894

2.362072, -0.391888
0.526885, 0.849936

2.362235, -0.391914
0.526818, 0.849978

2.362398, -0.391940
0.526750, 0.850020

2.362561, -0.391965
0.526682, 0.850063

2.362724, -0.391991
0.526614, 0.850105

2.362887, -0.392017
0.526546, 0.850147

2.363050, -0.392042
0.526478, 0.850189

2.363213, -0.392068
0.526410, 0.850231

2.363376, -0.392093
0.526342, 0.850273

2.363539, -0.392119
0.526274, 0.850315

2.363702, -0.392145
0.526207, 0.850357

2.363865, -0.392170
0.526139, 0.850399

2.364028, -0.392196
0.526071, 0.850441

2.364191, -0.392221
0.526003, 0.850483

2.364354, -0.392247
0.525935, 0.850525

2.364517, -0.392273
0.525867, 0.850567

2.364680, -0.392298
0.525799, 0.850609

2.364843, -0.392324
0.525731, 0.850651

2.365006, -0.392349
0.525663, 0.850693

2.365169, -0.392375
0.525595, 0.850735

2.365332, -0.392401
0.525527, 0.850777

2.365495, -0.392426
0.525459, 0.850819

2.365658, -0.392452
0.525392, 0.850861

2.365821, -0.392478
0.525324, 0.850903

2.365984, -0.392503
0.525256, 0.850944

2.366147, -0.392529
0.525188, 0.850986

2.366310, -0.392554
0.525120, 0.851028

2.366473, -0.392580
0.525052, 0.851070

2.366636, -0.392606
0.524984, 0.851112

2.366799, -0.392631
0.524916, 0.851154

2.366962, -0.392657
0.524848, 0.851196

2.367125, -0.392682
0.524780, 0.851238

2.367288, -0.392708
0.524712, 0.851280

2.367451, -0.392734
0.524644, 0.851322

2.367614, -0.392759
0.524576, 0.851364

2.367777, -0.392785
0.524508, 0.851406

2.367940, -0.392810
0.524440, 0.851447

2.368103, -0.392836
0.524372, 0.851489

2.368266, -0.392862
0.524304, 0.851531

2.368429, -0.392887
0.524236, 0.851573

2.368592, -0.392913
0.524168, 0.851615

2.368755, -0.392939
0.524100, 0.851657

2.368918, -0.392964
0.524032, 0.851699

2.369081, -0.392990
0.523964, 0.851740

2.369244, -0.393015
0.523896, 0.851782

2.369407, -0.393041
0.523828, 0.851824

2.369570, -0.393067
0.523760, 0.851866

2.369733, -0.393092
0.523692, 0.851908

2.369896, -0.393118
0.523624, 0.851950

2.370059, -0.393143
0.523556, 0.851991

2.370222, -0.393169
0.523488, 0.852033

2.370385, -0.393195
0.523420, 0.852075

2.370548, -0.393220
0.523352, 0.852117

2.370711, -0.393246
0.523284, 0.852159

2.370874, -0.393271
0.523216, 0.852200

2.371037, -0.393297
0.523148, 0.852242

2.371200, -0.393323
0.523080, 0.852284

2.371363, -0.393348
0.523011, 0.852326

2.371526, -0.393374
0.522943, 0.852367

2.371689, -0.393399
0.522875, 0.852409

2.371852, -0.393425
0.522807, 0.852451

2.372015, -0.393451
0.522739, 0.852493

2.372178, -0.393476
0.522671, 0.852534

2.372341, -0.393502
0.522603, 0.852576

2.372504, -0.393527
0.522535, 0.852618

2.372666, -0.393553
0.522467, 0.852660

2.372829, -0.393579
0.522399, 0.852701

2.372992, -0.393604
0.522331, 0.852743

2.373155, -0.393630
0.522263, 0.852785

2.373318, -0.393656
0.522195, 0.852826

2.373481, -0.393681
0.522126, 0.852868

2.373644, -0.393707
0.522058, 0.852910

2.373807, -0.393732
0.521990, 0.852951

2.373970, -0.393758
0.521922, 0.852993

2.374133, -0.393784
0.521854, 0.853035

2.374296, -0.393809
0.521786, 0.853076

2.374459, -0.393835
0.521718, 0.853118

2.374622, -0.393860
0.521650, 0.853160

2.374785, -0.393886
0.521582, 0.853201

2.374948, -0.393912
0.521513, 0.853243

2.375111, -0.393937
0.521445, 0.853285

2.375274, -0.393963
0.521377, 0.853326

2.375437, -0.393988
0.521309, 0.853368

2.375600, -0.394014
0.521241, 0.853410

2.375763, -0.394040
0.521173, 0.853451

2.375926, -0.394065
0.521105, 0.853493

2.376089, -0.394091
0.521036, 0.853534

2.376252, -0.394116
0.520968, 0.853576

2.376414, -0.394142
0.520900, 0.853618

2.376577, -0.394168
0.520832, 0.853659

2.376740, -0.394193
0.520764, 0.853701

2.376903, -0.394219
0.520696, 0.853742

2.377066, -0.394244
0.520627, 0.853784

2.377229, -0.394270
0.520559, 0.853826

2.377392, -0.394296
0.520491, 0.853867

2.377555, -0.394321
0.520423, 0.853909

2.377718, -0.394347
0.520355, 0.853950

2.377881, -0.394372
0.520286, 0.853992

2.378044, -0.394398
0.520218, 0.854033

2.378207, -0.394424
0.520150, 0.854075

2.378370, -0.394449
0.520082, 0.854116

2.378533, -0.394475
0.520014, 0.854158

2.378696, -0.394500
0.519945, 0.854199

2.378859, -0.394526
0.519877, 0.854241

2.379022, -0.394552
0.519809, 0.854282

2.379185, -0.394577
0.519741, 0.854324

2.379347, -0.394603
0.519673, 0.854365

2.379510, -0.394628
0.519604, 0.854407

2.379673, -0.394654
0.519536, 0.854448

2.379836, -0.394680
0.519468, 0.854490

2.379999, -0.394705
0.519400, 0.854531

2.380162, -0.394731
0.519331, 0.854573

2.380325, -0.394756
0.519263, 0.854614

2.380488, -0.394782
0.519195, 0.854656

2.380651, -0.394808
0.519127, 0.854697

2.380814, -0.394833
0.519058, 0.854739

2.380977, -0.394859
0.518990, 0.854780

2.381140, -0.394884
0.518922, 0.854822

2.381303, -0.394910
0.518854, 0.854863

2.381466, -0.394936
0.518785, 0.854904

2.381628, -0.394961
0.518717, 0.854946

2.381791, -0.394987
0.518649, 0.854987

2.381954, -0.395012
0.518581, 0.855029

2.382117, -0.395038
0.518512, 0.855070

2.382280, -0.395064
0.518444, 0.855112

2.382443, -0.395089
0.518376, 0.855153

2.382606, -0.395115
0.518308, 0.855194

2.382769, -0.395140
0.518239, 0.855236

2.382932, -0.395166
0.518171, 0.855277

2.383095, -0.395192
0.518103, 0.855318

2.383258, -0.395217
0.518034, 0.855360

2.383421, -0.395243
0.517966, 0.855401

2.383584, -0.395268
0.517898, 0.855443

2.383746, -0.395294
0.517829, 0.855484

2.383909, -0.395320
0.517761, 0.855525

2.384072, -0.395345
0.517693, 0.855567

2.384235, -0.395371
0.517624, 0.855608

2.384398, -0.395396
0.517556, 0.855649

2.384561, -0.395422
0.517488, 0.855691

2.384724, -0.395448
0.517419, 0.855732

2.384887, -0.395473
0.517351, 0.855773

2.385050, -0.395499
0.517283, 0.855815

2.385213, -0.395524
0.517214, 0.855856

2.385376, -0.395550
0.517146, 0.855897

2.385538, -0.395576
0.517078, 0.855938

2.385701, -0.395601
0.517009, 0.855980

2.385864, -0.395627
0.516941, 0.856021

2.386027, -0.395652
0.516873, 0.856062

2.386190, -0.395678
0.516804, 0.856104

2.386353, -0.395704
0.516736, 0.856145

2.386516, -0.395729
0.516668, 0.856186

2.386679, -0.395755
0.516599, 0.856227

2.386842, -0.395780
0.516531, 0.856269

2.387005, -0.395806
0.516463, 0.856310

2.387167, -0.395831
0.516394, 0.856351

2.387330, -0.395857
0.516326, 0.856392

2.387493, -0.395883
0.516257, 0.856433

2.387656, -0.395908
0.516189, 0.856475

2.387819, -0.395934
0.516121, 0.856516

2.387982, -0.395959
0.516052, 0.856557

2.388145, -0.395985
0.515984, 0.856598

2.388308, -0.396011
0.515915, 0.856640

2.388471, -0.396036
0.515847, 0.856681

2.388634, -0.396062
0.515779, 0.856722

2.388796, -0.396087
0.515710, 0.856763

2.388959, -0.396113
0.515642, 0.856804

2.389122, -0.396139
0.515573, 0.856845

2.389285, -0.396164
0.515505, 0.856887

2.389448, -0.396190
0.515436, 0.856928

2.389611, -0.396215
0.515368, 0.856969

2.389774, -0.396241
0.515300, 0.857010

2.389937, -0.396267
0.515231, 0.857051

2.390100, -0.396292
0.515163, 0.857092

2.390262, -0.396318
0.515094, 0.857134

2.390425, -0.396343
0.515026, 0.857175

2.390588, -0.396369
0.514957, 0.857216

2.390751, -0.396395
0.514889, 0.857257

2.390914, -0.396420
0.514821, 0.857298

2.391077, -0.396446
0.514752, 0.857339

2.391240, -0.396471
0.514684, 0.857380

2.391403, -0.396497
0.514615, 0.857421

2.391565, -0.396522
0.514547, 0.857462

2.391728, -0.396548
0.514478, 0.857503

2.391891, -0.396574
0.514410, 0.857545

2.392054, -0.396599
0.514341, 0.857586

2.392217, -0.396625
0.514273, 0.857627

2.392380, -0.396650
0.514204, 0.857668

2.392543, -0.396676
0.514136, 0.857709

2.392706, -0.396702
0.514067, 0.857750

2.392869, -0.396727
0.513999, 0.857791

2.393031, -0.396753
0.513930, 0.857832

2.393194, -0.396778
0.513862, 0.857873

2.393357, -0.396804
0.513793, 0.857914

2.393520, -0.396830
0.513725, 0.857955

2.393683, -0.396855
0.513656, 0.857996

2.393846, -0.396881
0.513588, 0.858037

2.394009, -0.396906
0.513519, 0.858078

2.394171, -0.396932
0.513451, 0.858119

2.394334, -0.396957
0.513382, 0.858160

2.394497, -0.396983
0.513314, 0.858201

2.394660, -0.397009
0.513245, 0.858242

2.394823, -0.397034
0.513177, 0.858283

2.394986, -0.397060
0.513108, 0.858324

2.395149, -0.397085
0.513040, 0.858365

2.395312, -0.397111
0.512971, 0.858406

2.395474, -0.397137
0.512902, 0.858447

2.395637, -0.397162
0.512834, 0.858488

2.395800, -0.397188
0.512765, 0.858529

2.395963, -0.397213
0.512697, 0.858570

2.396126, -0.397239
0.512628, 0.858611

2.396289, -0.397265
0.512560, 0.858652

2.396452, -0.397290
0.512491, 0.858693

2.396614, -0.397316
0.512423, 0.858733

2.396777, -0.397341
0.512354, 0.858774

2.396940, -0.397367
0.512285, 0.858815

2.397103, -0.397392
0.512217, 0.858856

2.397266, -0.397418
0.512148, 0.858897

2.397429, -0.397444
0.512080, 0.858938

2.397592, -0.397469
0.512011, 0.858979

2.397754, -0.397495
0.511942, 0.859020

2.397917, -0.397520
0.511874, 0.859061

2.398080, -0.397546
0.511805, 0.859101

2.398243, -0.397572
0.511737, 0.859142

2.398406, -0.397597
0.511668, 0.859183

2.398569, -0.397623
0.511599, 0.859224

2.398731, -0.397648
0.511531, 0.859265

2.398894, -0.397674
0.511462, 0.859306

2.399057, -0.397700
0.511394, 0.859347

2.399220, -0.397725
0.511325, 0.859387

2.399383, -0.397751
0.511256, 0.859428

2.399546, -0.397776
0.511188, 0.859469

2.399709, -0.397802
0.511119, 0.859510

2.399871, -0.397827
0.511050, 0.859551

2.400034, -0.397853
0.510982, 0.859592

2.400197, -0.397879
0.510913, 0.859632

2.400360, -0.397904
0.510845, 0.859673

2.400523, -0.397930
0.510776, 0.859714

2.400686, -0.397955
0.510707, 0.859755

2.400848, -0.397981
0.510639, 0.859795

2.401011, -0.398007
0.510570, 0.859836

2.401174, -0.398032
0.510501, 0.859877

2.401337, -0.398058
0.510433, 0.859918

2.401500, -0.398083
0.510364, 0.859959

2.401663, -0.398109
0.510295, 0.859999

2.401825, -0.398134
0.510227, 0.860040

2.401988, -0.398160
0.510158, 0.860081

2.402151, -0.398186
0.510089, 0.860121

2.402314, -0.398211
0.510021, 0.860162

2.402477, -0.398237
0.509952, 0.860203

2.402640, -0.398262
0.509883, 0.860244

2.402802, -0.398288
0.509815, 0.860284

2.402965, -0.398314
0.509746, 0.860325

2.403128, -0.398339
0.509677, 0.860366

2.403291, -0.398365
0.509608, 0.860406

2.403454, -0.398390
0.509540, 0.860447

2.403617, -0.398416
0.509471, 0.860488

2.403779, -0.398441
0.509402, 0.860529

2.403942, -0.398467
0.509334, 0.860569

2.404105, -0.398493
0.509265, 0.860610

2.404268, -0.398518
0.509196, 0.860651

2.404431, -0.398544
0.509127, 0.860691

2.404593, -0.398569
0.509059, 0.860732

2.404756, -0.398595
0.508990, 0.860772

2.404919, -0.398620
0.508921, 0.860813

2.405082, -0.398646
0.508852, 0.860854

2.405245, -0.398672
0.508784, 0.860894

2.405408, -0.398697
0.508715, 0.860935

2.405570, -0.398723
0.508646, 0.860976

2.405733, -0.398748
0.508577, 0.861016

2.405896, -0.398774
0.508509, 0.861057

2.406059, -0.398800
0.508440, 0.861097

2.406222, -0.398825
0.508371, 0.861138

2.406384, -0.398851
0.508302, 0.861179

2.406547, -0.398876
0.508234, 0.861219

2.406710, -0.398902
0.508165, 0.861260

2.406873, -0.398927
0.508096, 0.861300

2.407036, -0.398953
0.508027, 0.861341

2.407198, -0.398979
0.507959, 0.861382

2.407361, -0.399004
0.507890, 0.861422

2.407524, -0.399030
0.507821, 0.861463

2.407687, -0.399055
0.507752, 0.861503

2.407850, -0.399081
0.507683, 0.861544

2.408013, -0.399106
0.507615, 0.861584

2.408175, -0.399132
0.507546, 0.861625

2.408338, -0.399158
0.507477, 0.861665

2.408501, -0.399183
0.507408, 0.861706

2.408664, -0.399209
0.507339, 0.861746

2.408827, -0.399234
0.507271, 0.861787

2.408989, -0.399260
0.507202, 0.861827

2.409152, -0.399286
0.507133, 0.861868

2.409315, -0.399311
0.507064, 0.861908

2.409478, -0.399337
0.506995, 0.861949

2.409641, -0.399362
0.506926, 0.861989

2.409803, -0.399388
0.506858, 0.862030

2.409966, -0.399413
0.506789, 0.862070

2.410129, -0.399439
0.506720, 0.862111

2.410292, -0.399465
0.506651, 0.862151

2.410454, -0.399490
0.506582, 0.862192

2.410617, -0.399516
0.506513, 0.862232

2.410780, -0.399541
0.506445, 0.862273

2.410943, -0.399567
0.506376, 0.862313

2.411106, -0.399592
0.506307, 0.862353

2.411268, -0.399618
0.506238, 0.862394

2.411431, -0.399644
0.506169, 0.862434

2.411594, -0.399669
0.506100, 0.862475

2.411757, -0.399695
0.506031, 0.862515

2.411920, -0.399720
0.505963, 0.862555

2.412082, -0.399746
0.505894, 0.862596

2.412245, -0.399771
0.505825, 0.862636

2.412408, -0.399797
0.505756, 0.862677

2.412571, -0.399823
0.505687, 0.862717

2.412734, -0.399848
0.505618, 0.862757

2.412896, -0.399874
0.505549, 0.862798

2.413059, -0.399899
0.505480, 0.862838

2.413222, -0.399925
0.505411, 0.862878

2.413385, -0.399950
0.505343, 0.862919

2.413547, -0.399976
0.505274, 0.862959

2.413710, -0.400002
0.505205, 0.863000

2.413873, -0.400027
0.505136, 0.863040

2.414036, -0.400053
0.505067, 0.863080

2.414199, -0.400078
0.504998, 0.863121

2.414361, -0.400104
0.504929, 0.863161

2.414524, -0.400129
0.504860, 0.863201

2.414687, -0.400155
0.504791, 0.863241

2.414850, -0.400181
0.504722, 0.863282

2.415012, -0.400206
0.504653, 0.863322

2.415175, -0.400232
0.504584, 0.863362

2.415338, -0.400257
0.504515, 0.863403

2.415501, -0.400283
0.504446, 0.863443

2.415664, -0.400309
0.504378, 0.863483

2.415826, -0.400334
0.504309, 0.863524

2.415989, -0.400360
0.504240, 0.863564

2.416152, -0.400385
0.504171, 0.863604

2.416315, -0.400411
0.504102, 0.863644

2.416477, -0.400436
0.504033, 0.863685

2.416640, -0.400462
0.503964, 0.863725

2.416803, -0.400488
0.503895, 0.863765

2.416966, -0.400513
0.503826, 0.863805

2.417128, -0.400539
0.503757, 0.863845

2.417291, -0.400564
0.503688, 0.863886

2.417454, -0.400590
0.503619, 0.863926

2.417617, -0.400615
0.503550, 0.863966

2.417779, -0.400641
0.503481, 0.864006

2.417942, -0.400666
0.503412, 0.864047

2.418105, -0.400692
0.503343, 0.864087

2.418268, -0.400718
0.503274, 0.864127

2.418430, -0.400743
0.503205, 0.864167

2.418593, -0.400769
0.503136, 0.864207

2.418756, -0.400794
0.503067, 0.864247

2.418919, -0.400820
0.502998, 0.864288

2.419082, -0.400845
0.502929, 0.864328

2.419244, -0.400871
0.502860, 0.864368

2.419407, -0.400897
0.502791, 0.864408

2.419570, -0.400922
0.502722, 0.864448

2.419733, -0.400948
0.502653, 0.864488

2.419895, -0.400973
0.502584, 0.864529

2.420058, -0.400999
0.502515, 0.864569

2.420221, -0.401024
0.502446, 0.864609

2.420384, -0.401050
0.502377, 0.864649

2.420546, -0.401076
0.502308, 0.864689

2.420709, -0.401101
0.502239, 0.864729

2.420872, -0.401127
0.502169, 0.864769

2.421035, -0.401152
0.502100, 0.864809

2.421197, -0.401178
0.502031, 0.864849

2.421360, -0.401203
0.501962, 0.864889

2.421523, -0.401229
0.501893, 0.864930

2.421685, -0.401255
0.501824, 0.864970

2.421848, -0.401280
0.501755, 0.865010

2.422011, -0.401306
0.501686, 0.865050

2.422174, -0.401331
0.501617, 0.865090

2.422336, -0.401357
0.501548, 0.865130

2.422499, -0.401382
0.501479, 0.865170

2.422662, -0.401408
0.501410, 0.865210

2.422825, -0.401434
0.501341, 0.865250

2.422987, -0.401459
0.501272, 0.865290

2.423150, -0.401485
0.501202, 0.865330

2.423313, -0.401510
0.501133, 0.865370

2.423476, -0.401536
0.501064, 0.865410

2.423638, -0.401561
0.500995, 0.865450

2.423801, -0.401587
0.500926, 0.865490

2.423964, -0.401613
0.500857, 0.865530

2.424127, -0.401638
0.500788, 0.865570

2.424289, -0.401664
0.500719, 0.865610

2.424452, -0.401689
0.500650, 0.865650

2.424615, -0.401715
0.500580, 0.865690

2.424777, -0.401740
0.500511, 0.865730

2.424940, -0.401766
0.500442, 0.865770

2.425103, -0.401791
0.500373, 0.865810

2.425266, -0.401817
0.500304, 0.865850

2.425428, -0.401843
0.500235, 0.865890

2.425591, -0.401868
0.500166, 0.865930

2.425754, -0.401894
0.500096, 0.865970

2.425917, -0.401919
0.500027, 0.866010

2.426079, -0.401945
0.499958, 0.866050

2.426242, -0.401970
0.499889, 0.866089

2.426405, -0.401996
0.499820, 0.866129

2.426567, -0.402022
0.499751, 0.866169

2.426730, -0.402047
0.499682, 0.866209

2.426893, -0.402073
0.499612, 0.866249

2.427056, -0.402098
0.499543, 0.866289

2.427218, -0.402124
0.499474, 0.866329

2.427381, -0.402149
0.499405, 0.866369

2.427544, -0.402175
0.499336, 0.866409

2.427706, -0.402200
0.499266, 0.866449

2.427869, -0.402226
0.499197, 0.866488

2.428032, -0.402252
0.499128, 0.866528

2.428195, -0.402277
0.499059, 0.866568

2.428357, -0.402303
0.498990, 0.866608

2.428520, -0.402328
0.498920, 0.866648

2.428683, -0.402354
0.498851, 0.866688

2.428845, -0.402379
0.498782, 0.866727

2.429008, -0.402405
0.498713, 0.866767

2.429171, -0.402431
0.498644, 0.866807

2.429334, -0.402456
0.498574, 0.866847

2.429496, -0.402482
0.498505, 0.866887

2.429659, -0.402507
0.498436, 0.866927

2.429822, -0.402533
0.498367, 0.866966

2.429984, -0.402558
0.498298, 0.867006

2.430147, -0.402584
0.498228, 0.867046

2.430310, -0.402609
0.498159, 0.867086

2.430473, -0.402635
0.498090, 0.867125

2.430635, -0.402661
0.498021, 0.867165

2.430798, -0.402686
0.497951, 0.867205

2.430961, -0.402712
0.497882, 0.867245

2.431123, -0.402737
0.497813, 0.867284

2.431286, -0.402763
0.497744, 0.867324

2.431449, -0.402788
0.497674, 0.867364

2.431611, -0.402814
0.497605, 0.867404

2.431774, -0.402840
0.497536, 0.867443

2.431937, -0.402865
0.497467, 0.867483

2.432100, -0.402891
0.497397, 0.867523

2.432262, -0.402916
0.497328, 0.867563

2.432425, -0.402942
0.497259, 0.867602

2.432588, -0.402967
0.497189, 0.867642

2.432750, -0.402993
0.497120, 0.867682

2.432913, -0.403018
0.497051, 0.867721

2.433076, -0.403044
0.496982, 0.867761

2.433238, -0.403070
0.496912, 0.867801

2.433401, -0.403095
0.496843, 0.867840

2.433564, -0.403121
0.496774, 0.867880

2.433727, -0.403146
0.496704, 0.867920

2.433889, -0.403172
0.496635, 0.867959

2.434052, -0.403197
0.496566, 0.867999

2.434215, -0.403223
0.496496, 0.868039

2.434377, -0.403248
0.496427, 0.868078

2.434540, -0.403274
0.496358, 0.868118

2.434703, -0.403300
0.496288, 0.868158

2.434865, -0.403325
0.496219, 0.868197

2.435028, -0.403351
0.496150, 0.868237

2.435191, -0.403376
0.496080, 0.868277

2.435353, -0.403402
0.496011, 0.868316

2.435516, -0.403427
0.495942, 0.868356

2.435679, -0.403453
0.495872, 0.868395

2.435841, -0.403478
0.495803, 0.868435

2.436004, -0.403504
0.495734, 0.868475

2.436167, -0.403530
0.495664, 0.868514

2.436329, -0.403555
0.495595, 0.868554

2.436492, -0.403581
0.495526, 0.868593

2.436655, -0.403606
0.495456, 0.868633

2.436817, -0.403632
0.495387, 0.868672

2.436980, -0.403657
0.495318, 0.868712

2.437143, -0.403683
0.495248, 0.868751

2.437306, -0.403708
0.495179, 0.868791

2.437468, -0.403734
0.495110, 0.868831

2.437631, -0.403760
0.495040, 0.868870

2.437794, -0.403785
0.494971, 0.868910

2.437956, -0.403811
0.494901, 0.868949

2.438119, -0.403836
0.494832, 0.868989

2.438282, -0.403862
0.494763, 0.869028

2.438444, -0.403887
0.494693, 0.869068

2.438607, -0.403913
0.494624, 0.869107

2.438770, -0.403938
0.494554, 0.869147

2.438932, -0.403964
0.494485, 0.869186

2.439095, -0.403990
0.494416, 0.869226

2.439258, -0.404015
0.494346, 0.869265

2.439420, -0.404041
0.494277, 0.869305

2.439583, -0.404066
0.494207, 0.869344

2.439746, -0.404092
0.494138, 0.869384

2.439908, -0.404117
0.494069, 0.869423

2.440071, -0.404143
0.493999, 0.869462

2.440234, -0.404168
0.493930, 0.869502

2.440396, -0.404194
0.493860, 0.869541

2.440559, -0.404220
0.493791, 0.869581

2.440721, -0.404245
0.493721, 0.869620

2.440884, -0.404271
0.493652, 0.869660

2.441047, -0.404296
0.493582, 0.869699

2.441209, -0.404322
0.493513, 0.869738

2.441372, -0.404347
0.493444, 0.869778

2.441535, -0.404373
0.493374, 0.869817

2.441697, -0.404398
0.493305, 0.869857

2.441860, -0.404424
0.493235, 0.869896

2.442023, -0.404450
0.493166, 0.869935

2.442185, -0.404475
0.493096, 0.869975

2.442348, -0.404501
0.493027, 0.870014

2.442511, -0.404526
0.492957, 0.870053

2.442673, -0.404552
0.492888, 0.870093

2.442836, -0.404577
0.492818, 0.870132

2.442999, -0.404603
0.492749, 0.870172

2.443161, -0.404628
0.492679, 0.870211

2.443324, -0.404654
0.492610, 0.870250

2.443487, -0.404679
0.492540, 0.870290

2.443649, -0.404705
0.492471, 0.870329

2.443812, -0.404731
0.492401, 0.870368

2.443975, -0.404756
0.492332, 0.870408

2.444137, -0.404782
0.492262, 0.870447

2.444300, -0.404807
0.492193, 0.870486

2.444462, -0.404833
0.492123, 0.870525

2.444625, -0.404858
0.492054, 0.870565

2.444788, -0.404884
0.491984, 0.870604

2.444950, -0.404909
0.491915, 0.870643

2.445113, -0.404935
0.491845, 0.870683

2.445276, -0.404961
0.491776, 0.870722

2.445438, -0.404986
0.491706, 0.870761

2.445601, -0.405012
0.491637, 0.870800

2.445764, -0.405037
0.491567, 0.870840

2.445926, -0.405063
0.491498, 0.870879

2.446089, -0.405088
0.491428, 0.870918

2.446251, -0.405114
0.491359, 0.870957

2.446414, -0.405139
0.491289, 0.870997

2.446577, -0.405165
0.491219, 0.871036

2.446739, -0.405190
0.491150, 0.871075

2.446902, -0.405216
0.491080, 0.871114

2.447065, -0.405242
0.491011, 0.871153

2.447227, -0.405267
0.490941, 0.871193

2.447390, -0.405293
0.490872, 0.871232

2.447553, -0.405318
0.490802, 0.871271

2.447715, -0.405344
0.490733, 0.871310

2.447878, -0.405369
0.490663, 0.871349

2.448040, -0.405395
0.490593, 0.871389

2.448203, -0.405420
0.490524, 0.871428

2.448366, -0.405446
0.490454, 0.871467

2.448528, -0.405472
0.490385, 0.871506

2.448691, -0.405497
0.490315, 0.871545

2.448854, -0.405523
0.490245, 0.871584

2.449016, -0.405548
0.490176, 0.871624

2.449179, -0.405574
0.490106, 0.871663

2.449341, -0.405599
0.490037, 0.871702

2.449504, -0.405625
0.489967, 0.871741

2.449667, -0.405650
0.489897, 0.871780

2.449829, -0.405676
0.489828, 0.871819

2.449992, -0.405701
0.489758, 0.871858

2.450155, -0.405727
0.489689, 0.871897

2.450317, -0.405753
0.489619, 0.871937

2.450480, -0.405778
0.489549, 0.871976

2.450642, -0.405804
0.489480, 0.872015

2.450805, -0.405829
0.489410, 0.872054

2.450968, -0.405855
0.489340, 0.872093

2.451130, -0.405880
0.489271, 0.872132

2.451293, -0.405906
0.489201, 0.872171

2.451455, -0.405931
0.489131, 0.872210

2.451618, -0.405957
0.489062, 0.872249

2.451781, -0.405982
0.488992, 0.872288

2.451943, -0.406008
0.488923, 0.872327

2.452106, -0.406034
0.488853, 0.872366

2.452268, -0.406059
0.488783, 0.872405

2.452431, -0.406085
0.488714, 0.872444

2.452594, -0.406110
0.488644, 0.872483

2.452756, -0.406136
0.488574, 0.872522

2.452919, -0.406161
0.488505, 0.872561

2.453082, -0.406187
0.488435, 0.872600

2.453244, -0.406212
0.488365, 0.872639

2.453407, -0.406238
0.488295, 0.872678

2.453569, -0.406263
0.488226, 0.872717

2.453732, -0.406289
0.488156, 0.872756

2.453895, -0.406314
0.488086, 0.872795

2.454057, -0.406340
0.488017, 0.872834

2.454220, -0.406366
0.487947, 0.872873

2.454382, -0.406391
0.487877, 0.872912

2.454545, -0.406417
0.487808, 0.872951

2.454708, -0.406442
0.487738, 0.872990

2.454870, -0.406468
0.487668, 0.873029

2.455033, -0.406493
0.487598, 0.873068

2.455195, -0.406519
0.487529, 0.873107

2.455358, -0.406544
0.487459, 0.873146

2.455520, -0.406570
0.487389, 0.873185

2.455683, -0.406595
0.487320, 0.873224

2.455846, -0.406621
0.487250, 0.873263

2.456008, -0.406647
0.487180, 0.873301

2.456171, -0.406672
0.487110, 0.873340

2.456333, -0.406698
0.487041, 0.873379

2.456496, -0.406723
0.486971, 0.873418

2.456659, -0.406749
0.486901, 0.873457

2.456821, -0.406774
0.486831, 0.873496

2.456984, -0.406800
0.486762, 0.873535

2.457146, -0.406825
0.486692, 0.873574

2.457309, -0.406851
0.486622, 0.873613

2.457472, -0.406876
0.486552, 0.873651

2.457634, -0.406902
0.486483, 0.873690

2.457797, -0.406927
0.486413, 0.873729

2.457959, -0.406953
0.486343, 0.873768

2.458122, -0.406979
0.486273, 0.873807

2.458284, -0.407004
0.486204, 0.873846

2.458447, -0.407030
0.486134, 0.873884

2.458610, -0.407055
0.486064, 0.873923

2.458772, -0.407081
0.485994, 0.873962

2.458935, -0.407106
0.485924, 0.874001

2.459097, -0.407132
0.485855, 0.874040

2.459260, -0.407157
0.485785, 0.874078

2.459423, -0.407183
0.485715, 0.874117

2.459585, -0.407208
0.485645, 0.874156

2.459748, -0.407234
0.485575, 0.874195

2.459910, -0.407259
0.485506, 0.874234

2.460073, -0.407285
0.485436, 0.874272

2.460235, -0.407311
0.485366, 0.874311

2.460398, -0.407336
0.485296, 0.874350

2.460561, -0.407362
0.485226, 0.874389

2.460723, -0.407387
0.485157, 0.874427

2.460886, -0.407413
0.485087, 0.874466

2.461048, -0.407438
0.485017, 0.874505

2.461211, -0.407464
0.484947, 0.874544

2.461373, -0.407489
0.484877, 0.874582

2.461536, -0.407515
0.484807, 0.874621

2.461699, -0.407540
0.484738, 0.874660

2.461861, -0.407566
0.484668, 0.874698

2.462024, -0.407591
0.484598, 0.874737

2.462186, -0.407617
0.484528, 0.874776

2.462349, -0.407643
0.484458, 0.874814

2.462511, -0.407668
0.484388, 0.874853

2.462674, -0.407694
0.484318, 0.874892

2.462837, -0.407719
0.484249, 0.874930

2.462999, -0.407745
0.484179, 0.874969

2.463162, -0.407770
0.484109, 0.875008

2.463324, -0.407796
0.484039, 0.875046

2.463487, -0.407821
0.483969, 0.875085

2.463649, -0.407847
0.483899, 0.875124

2.463812, -0.407872
0.483829, 0.875162

2.463974, -0.407898
0.483759, 0.875201

2.464137, -0.407923
0.483690, 0.875240

2.464300, -0.407949
0.483620, 0.875278

2.464462, -0.407975
0.483550, 0.875317

2.464625, -0.408000
0.483480, 0.875355

2.464787, -0.408026
0.483410, 0.875394

2.464950, -0.408051
0.483340, 0.875433

2.465112, -0.408077
0.483270, 0.875471

2.465275, -0.408102
0.483200, 0.875510

2.465437, -0.408128
0.483130, 0.875548

2.465600, -0.408153
0.483060, 0.875587

2.465763, -0.408179
0.482991, 0.875626

2.465925, -0.408204
0.482921, 0.875664

2.466088, -0.408230
0.482851, 0.875703

2.466250, -0.408255
0.482781, 0.875741

2.466413, -0.408281
0.482711, 0.875780

2.466575, -0.408306
0.482641, 0.875818

2.466738, -0.408332
0.482571, 0.875857

2.466900, -0.408358
0.482501, 0.875895

2.467063, -0.408383
0.482431, 0.875934

2.467225, -0.408409
0.482361, 0.875972

2.467388, -0.408434
0.482291, 0.876011

2.467551, -0.408460
0.482221, 0.876049

2.467713, -0.408485
0.482151, 0.876088

2.467876, -0.408511
0.482081, 0.876126

2.468038, -0.408536
0.482011, 0.876165

2.468201, -0.408562
0.481941, 0.876203

2.468363, -0.408587
0.481871, 0.876242

2.468526, -0.408613
0.481801, 0.876280

2.468688, -0.408638
0.481731, 0.876319

2.468851, -0.408664
0.481662, 0.876357

2.469013, -0.408689
0.481592, 0.876396

2.469176, -0.408715
0.481522, 0.876434

2.469338, -0.408741
0.481452, 0.876473

2.469501, -0.408766
0.481382, 0.876511

2.469664, -0.408792
0.481312, 0.876550

2.469826, -0.408817
0.481242, 0.876588

2.469989, -0.408843
0.481172, 0.876626

2.470151, -0.408868
0.481102, 0.876665

2.470314, -0.408894
0.481032, 0.876703

2.470476, -0.408919
0.480962, 0.876742

2.470639, -0.408945
0.480892, 0.876780

2.470801, -0.408970
0.480822, 0.876818

2.470964, -0.408996
0.480752, 0.876857

2.471126, -0.409021
0.480682, 0.876895

2.471289, -0.409047
0.480611, 0.876934

2.471451, -0.409072
0.480541, 0.876972

2.471614, -0.409098
0.480471, 0.877010

2.471776, -0.409123
0.480401, 0.877049

2.471939, -0.409149
0.480331, 0.877087

2.472101, -0.409175
0.480261, 0.877125

2.472264, -0.409200
0.480191, 0.877164

2.472426, -0.409226
0.480121, 0.877202

2.472589, -0.409251
0.480051, 0.877240

2.472752, -0.409277
0.479981, 0.877279

2.472914, -0.409302
0.479911, 0.877317

2.473077, -0.409328
0.479841, 0.877355

2.473239, -0.409353
0.479771, 0.877394

2.473402, -0.409379
0.479701, 0.877432

2.473564, -0.409404
0.479631, 0.877470

2.473727, -0.409430
0.479561, 0.877509

2.473889, -0.409455
0.479491, 0.877547

2.474052, -0.409481
0.479421, 0.877585

2.474214, -0.409506
0.479351, 0.877624

2.474377, -0.409532
0.479280, 0.877662

2.474539, -0.409557
0.479210, 0.877700

2.474702, -0.409583
0.479140, 0.877738

2.474864, -0.409609
0.479070, 0.877777

2.475027, -0.409634
0.479000, 0.877815

2.475189, -0.409660
0.478930, 0.877853

2.475352, -0.409685
0.478860, 0.877891

2.475514, -0.409711
0.478790, 0.877930

2.475677, -0.409736
0.478720, 0.877968

2.475839, -0.409762
0.478650, 0.878006

2.476002, -0.409787
0.478580, 0.878044

2.476164, -0.409813
0.478509, 0.878082

2.476327, -0.409838
0.478439, 0.878121

2.476489, -0.409864
0.478369, 0.878159

2.476652, -0.409889
0.478299, 0.878197

2.476814, -0.409915
0.478229, 0.878235

2.476977, -0.409940
0.478159, 0.878273

2.477139, -0.409966
0.478089, 0.878312

2.477302, -0.409991
0.478019, 0.878350

2.477464, -0.410017
0.477948, 0.878388

2.477627, -0.410042
0.477878, 0.878426

2.477789, -0.410068
0.477808, 0.878464

2.477952, -0.410094
0.477738, 0.878502

2.478114, -0.410119
0.477668, 0.878541

2.478277, -0.410145
0.477598, 0.878579

2.478439, -0.410170
0.477527, 0.878617

2.478602, -0.410196
0.477457, 0.878655

2.478764, -0.410221
0.477387, 0.878693

2.478927, -0.410247
0.477317, 0.878731

2.479089, -0.410272
0.477247, 0.878769

2.479252, -0.410298
0.477177, 0.878807

2.479414, -0.410323
0.477106, 0.878846

2.479577, -0.410349
0.477036, 0.878884

2.479739, -0.410374
0.476966, 0.878922

2.479902, -0.410400
0.476896, 0.878960

2.480064, -0.410425
0.476826, 0.878998

2.480227, -0.410451
0.476756, 0.879036

2.480389, -0.410476
0.476685, 0.879074

2.480552, -0.410502
0.476615, 0.879112

2.480714, -0.410527
0.476545, 0.879150

2.480877, -0.410553
0.476475, 0.879188

2.481039, -0.410578
0.476405, 0.879226

2.481202, -0.410604
0.476334, 0.879264

2.481364, -0.410630
0.476264, 0.879302

2.481527, -0.410655
0.476194, 0.879340

2.481689, -0.410681
0.476124, 0.879378

2.481852, -0.410706
0.476053, 0.879416

2.482014, -0.410732
0.475983, 0.879454

2.482176, -0.410757
0.475913, 0.879492

2.482339, -0.410783
0.475843, 0.879530

2.482501, -0.410808
0.475773, 0.879568

2.482664, -0.410834
0.475702, 0.879606

2.482826, -0.410859
0.475632, 0.879644

2.482989, -0.410885
0.475562, 0.879682

2.483151, -0.410910
0.475492, 0.879720

2.483314, -0.410936
0.475421, 0.879758

2.483476, -0.410961
0.475351, 0.879796

2.483639, -0.410987
0.475281, 0.879834

2.483801, -0.411012
0.475211, 0.879872

2.483964, -0.411038
0.475140, 0.879910

2.484126, -0.411063
0.475070, 0.879948

2.484289, -0.411089
0.475000, 0.879986

2.484451, -0.411114
0.474930, 0.880024

2.484614, -0.411140
0.474859, 0.880062

2.484776, -0.411165
0.474789, 0.880100

2.484939, -0.411191
0.474719, 0.880138

2.485101, -0.411217
0.474648, 0.880175

2.485263, -0.411242
0.474578, 0.880213

2.485426, -0.411268
0.474508, 0.880251

2.485588, -0.411293
0.474438, 0.880289

2.485751, -0.411319
0.474367, 0.880327

2.485913, -0.411344
0.474297, 0.880365

2.486076, -0.411370
0.474227, 0.880403

2.486238, -0.411395
0.474156, 0.880441

2.486401, -0.411421
0.474086, 0.880479

2.486563, -0.411446
0.474016, 0.880516

2.486726, -0.411472
0.473945, 0.880554

2.486888, -0.411497
0.473875, 0.880592

2.487051, -0.411523
0.473805, 0.880630

2.487213, -0.411548
0.473734, 0.880668

2.487375, -0.411574
0.473664, 0.880706

2.487538, -0.411599
0.473594, 0.880743

2.487700, -0.411625
0.473524, 0.880781

2.487863, -0.411650
0.473453, 0.880819

2.488025, -0.411676
0.473383, 0.880857

2.488188, -0.411701
0.473313, 0.880895

2.488350, -0.411727
0.473242, 0.880932

2.488513, -0.411752
0.473172, 0.880970

2.488675, -0.411778
0.473101, 0.881008

2.488838, -0.411803
0.473031, 0.881046

2.489000, -0.411829
0.472961, 0.881083

2.489162, -0.411855
0.472890, 0.881121

2.489325, -0.411880
0.472820, 0.881159

2.489487, -0.411906
0.472750, 0.881197

2.489650, -0.411931
0.472679, 0.881235

2.489812, -0.411957
0.472609, 0.881272

2.489975, -0.411982
0.472539, 0.881310

2.490137, -0.412008
0.472468, 0.881348

2.490300, -0.412033
0.472398, 0.881385

2.490462, -0.412059
0.472327, 0.881423

2.490624, -0.412084
0.472257, 0.881461

2.490787, -0.412110
0.472187, 0.881499

2.490949, -0.412135
0.472116, 0.881536

2.491112, -0.412161
0.472046, 0.881574

2.491274, -0.412186
0.471975, 0.881612

2.491437, -0.412212
0.471905, 0.881649

2.491599, -0.412237
0.471835, 0.881687

2.491762, -0.412263
0.471764, 0.881725

2.491924, -0.412288
0.471694, 0.881762

2.492086, -0.412314
0.471623, 0.881800

2.492249, -0.412339
0.471553, 0.881838

2.492411, -0.412365
0.471483, 0.881875

2.492574, -0.412390
0.471412, 0.881913

2.492736, -0.412416
0.471342, 0.881951

2.492899, -0.412441
0.471271, 0.881988

2.493061, -0.412467
0.471201, 0.882026

2.493224, -0.412492
0.471131, 0.882064

2.493386, -0.412518
0.471060, 0.882101

2.493548, -0.412543
0.470990, 0.882139

2.493711, -0.412569
0.470919, 0.882176

2.493873, -0.412594
0.470849, 0.882214

2.494036, -0.412620
0.470778, 0.882252

2.494198, -0.412645
0.470708, 0.882289

2.494361, -0.412671
0.470637, 0.882327

2.494523, -0.412697
0.470567, 0.882364

2.494685, -0.412722
0.470496, 0.882402

2.494848, -0.412748
0.470426, 0.882439

2.495010, -0.412773
0.470356, 0.882477

2.495173, -0.412799
0.470285, 0.882515

2.495335, -0.412824
0.470215, 0.882552

2.495498, -0.412850
0.470144, 0.882590

2.495660, -0.412875
0.470074, 0.882627

2.495822, -0.412901
0.470003, 0.882665

2.495985, -0.412926
0.469933, 0.882702

2.496147, -0.412952
0.469862, 0.882740

2.496310, -0.412977
0.469792, 0.882777

2.496472, -0.413003
0.469721, 0.882815

2.496634, -0.413028
0.469651, 0.882852

2.496797, -0.413054
0.469580, 0.882890

2.496959, -0.413079
0.469510, 0.882927

2.497122, -0.413105
0.469439, 0.882965

2.497284, -0.413130
0.469369, 0.883002

2.497447, -0.413156
0.469298, 0.883040

2.497609, -0.413181
0.469228, 0.883077

2.497771, -0.413207
0.469157, 0.883115

2.497934, -0.413232
0.469087, 0.883152

2.498096, -0.413258
0.469016, 0.883190

2.498259, -0.413283
0.468946, 0.883227

2.498421, -0.413309
0.468875, 0.883264

2.498583, -0.413334
0.468805, 0.883302

2.498746, -0.413360
0.468734, 0.883339

2.498908, -0.413385
0.468663, 0.883377

2.499071, -0.413411
0.468593, 0.883414

2.499233, -0.413436
0.468522, 0.883452

2.499395, -0.413462
0.468452, 0.883489

2.499558, -0.413487
0.468381, 0.883526

2.499720, -0.413513
0.468311, 0.883564

2.499883, -0.413538
0.468240, 0.883601

2.500045, -0.413564
0.468170, 0.883639

2.500207, -0.413589
0.468099, 0.883676

2.500370, -0.413615
0.468029, 0.883713

2.500532, -0.413640
0.467958, 0.883751

2.500695, -0.413666
0.467887, 0.883788

2.500857, -0.413691
0.467817, 0.883825

2.501019, -0.413717
0.467746, 0.883863

2.501182, -0.413742
0.467676, 0.883900

2.501344, -0.413768
0.467605, 0.883937

2.501507, -0.413793
0.467534, 0.883975

2.501669, -0.413819
0.467464, 0.884012

2.501831, -0.413844
0.467393, 0.884049

2.501994, -0.413870
0.467323, 0.884087

2.502156, -0.413895
0.467252, 0.884124

2.502319, -0.413921
0.467182, 0.884161

2.502481, -0.413947
0.467111, 0.884199

2.502643, -0.413972
0.467040, 0.884236

2.502806, -0.413998
0.466970, 0.884273

2.502968, -0.414023
0.466899, 0.884311

2.503131, -0.414049
0.466828, 0.884348

2.503293, -0.414074
0.466758, 0.884385

2.503455, -0.414100
0.466687, 0.884422

2.503618, -0.414125
0.466617, 0.884460

2.503780, -0.414151
0.466546, 0.884497

2.503943, -0.414176
0.466475, 0.884534

2.504105, -0.414202
0.466405, 0.884571

2.504267, -0.414227
0.466334, 0.884609

2.504430, -0.414253
0.466263, 0.884646

2.504592, -0.414278
0.466193, 0.884683

2.504755, -0.414304
0.466122, 0.884720

2.504917, -0.414329
0.466052, 0.884758

2.505079, -0.414355
0.465981, 0.884795

2.505242, -0.414380
0.465910, 0.884832

2.505404, -0.414406
0.465840, 0.884869

2.505566, -0.414431
0.465769, 0.884906

2.505729, -0.414457
0.465698, 0.884944

2.505891, -0.414482
0.465628, 0.884981

2.506054, -0.414508
0.465557, 0.885018

2.506216, -0.414533
0.465486, 0.885055

2.506378, -0.414559
0.465416, 0.885092

2.506541, -0.414584
0.465345, 0.885129

2.506703, -0.414610
0.465274, 0.885167

2.506865, -0.414635
0.465204, 0.885204

2.507028, -0.414661
0.465133, 0.885241

2.507190, -0.414686
0.465062, 0.885278

2.507353, -0.414712
0.464991, 0.885315

2.507515, -0.414737
0.464921, 0.885352

2.507677, -0.414763
0.464850, 0.885389

2.507840, -0.414788
0.464779, 0.885427

2.508002, -0.414814
0.464709, 0.885464

2.508164, -0.414839
0.464638, 0.885501

2.508327, -0.414865
0.464567, 0.885538

2.508489, -0.414890
0.464497, 0.885575

2.508652, -0.414916
0.464426, 0.885612

2.508814, -0.414941
0.464355, 0.885649

2.508976, -0.414967
0.464284, 0.885686

2.509139, -0.414992
0.464214, 0.885723

2.509301, -0.415018
0.464143, 0.885760

2.509463, -0.415043
0.464072, 0.885797

2.509626, -0.415069
0.464001, 0.885834

2.509788, -0.415094
0.463931, 0.885871

2.509950, -0.415120
0.463860, 0.885909

2.510113, -0.415145
0.463789, 0.885946

2.510275, -0.415171
0.463718, 0.885983

2.510438, -0.415196
0.463648, 0.886020

2.510600, -0.415222
0.463577, 0.886057

2.510762, -0.415247
0.463506, 0.886094

2.510925, -0.415273
0.463435, 0.886131

2.511087, -0.415298
0.463365, 0.886168

2.511249, -0.415324
0.463294, 0.886205

2.511412, -0.415349
0.463223, 0.886242

2.511574, -0.415375
0.463152, 0.886279

2.511736, -0.415400
0.463082, 0.886316

2.511899, -0.415426
0.463011, 0.886353

2.512061, -0.415451
0.462940, 0.886390

2.512223, -0.415477
0.462869, 0.886427

2.512386, -0.415502
0.462799, 0.886463

2.512548, -0.415528
0.462728, 0.886500

2.512711, -0.415553
0.462657, 0.886537

2.512873, -0.415579
0.462586, 0.886574

2.513035, -0.415604
0.462515, 0.886611

2.513198, -0.415630
0.462445, 0.886648

2.513360, -0.415655
0.462374, 0.886685

2.513522, -0.415681
0.462303, 0.886722

2.513685, -0.415706
0.462232, 0.886759

2.513847, -0.415732
0.462161, 0.886796

2.514009, -0.415757
0.462091, 0.886833

2.514172, -0.415783
0.462020, 0.886870

2.514334, -0.415808
0.461949, 0.886907

2.514496, -0.415834
0.461878, 0.886943

2.514659, -0.415859
0.461807, 0.886980

2.514821, -0.415885
0.461736, 0.887017

2.514983, -0.415910
0.461666, 0.887054

2.515146, -0.415936
0.461595, 0.887091

2.515308, -0.415961
0.461524, 0.887128

2.515470, -0.415987
0.461453, 0.887165

2.515633, -0.416012
0.461382, 0.887201

2.515795, -0.416038
0.461311, 0.887238

2.515957, -0.416063
0.461241, 0.887275

2.516120, -0.416089
0.461170, 0.887312

2.516282, -0.416114
0.461099, 0.887349

2.516444, -0.416140
0.461028, 0.887386

2.516607, -0.416165
0.460957, 0.887422

2.516769, -0.416191
0.460886, 0.887459

2.516931, -0.416216
0.460815, 0.887496

2.517094, -0.416242
0.460745, 0.887533

2.517256, -0.416267
0.460674, 0.887570

2.517418, -0.416293
0.460603, 0.887606

2.517581, -0.416318
0.460532, 0.887643

2.517743, -0.416344
0.460461, 0.887680

2.517905, -0.416369
0.460390, 0.887717

2.518068, -0.416395
0.460319, 0.887753

2.518230, -0.416420
0.460248, 0.887790

2.518392, -0.416446
0.460177, 0.887827

2.518555, -0.416471
0.460107, 0.887864

2.518717, -0.416497
0.460036, 0.887900

2.518879, -0.416522
0.459965, 0.887937

2.519042, -0.416548
0.459894, 0.887974

2.519204, -0.416573
0.459823, 0.888011

2.519366, -0.416599
0.459752, 0.888047

2.519529, -0.416624
0.459681, 0.888084

2.519691, -0.416650
0.459610, 0.888121

2.519853, -0.416675
0.459539, 0.888157

2.520016, -0.416701
0.459468, 0.888194

2.520178, -0.416726
0.459397, 0.888231

2.520340, -0.416752
0.459327, 0.888267

2.520503, -0.416777
0.459256, 0.888304

2.520665, -0.416803
0.459185, 0.888341

2.520827, -0.416828
0.459114, 0.888377

2.520990, -0.416854
0.459043, 0.888414

2.521152, -0.416879
0.458972, 0.888451

2.521314, -0.416905
0.458901, 0.888487

2.521477, -0.416930
0.458830, 0.888524

2.521639, -0.416956
0.458759, 0.888561

2.521801, -0.416981
0.458688, 0.888597

2.521963, -0.417007
0.458617, 0.888634

2.522126, -0.417032
0.458546, 0.888671

2.522288, -0.417058
0.458475, 0.888707

2.522450, -0.417083
0.458404, 0.888744

2.522613, -0.417109
0.458333, 0.888780

2.522775, -0.417134
0.458262, 0.888817

2.522937, -0.417160
0.458191, 0.888854

2.523100, -0.417185
0.458120, 0.888890

2.523262, -0.417211
0.458049, 0.888927

2.523424, -0.417236
0.457978, 0.888963

2.523587, -0.417262
0.457907, 0.889000

2.523749, -0.417287
0.457836, 0.889036

2.523911, -0.417312
0.457765, 0.889073

2.524073, -0.417338
0.457694, 0.889110

2.524236, -0.417363
0.457623, 0.889146

2.524398, -0.417389
0.457552, 0.889183

2.524560, -0.417414
0.457481, 0.889219

2.524723, -0.417440
0.457410, 0.889256

2.524885, -0.417465
0.457339, 0.889292

2.525047, -0.417491
0.457268, 0.889329

2.525210, -0.417516
0.457197, 0.889365

2.525372, -0.417542
0.457126, 0.889402

2.525534, -0.417567
0.457055, 0.889438

2.525696, -0.417593
0.456984, 0.889475

2.525859, -0.417618
0.456913, 0.889511

2.526021, -0.417644
0.456842, 0.889548

2.526183, -0.417669
0.456771, 0.889584

2.526346, -0.417695
0.456700, 0.889621

2.526508, -0.417720
0.456629, 0.889657

2.526670, -0.417746
0.456558, 0.889694

2.526833, -0.417771
0.456487, 0.889730

2.526995, -0.417797
0.456416, 0.889767

2.527157, -0.417822
0.456345, 0.889803

2.527319, -0.417848
0.456274, 0.889839

2.527482, -0.417873
0.456203, 0.889876

2.527644, -0.417899
0.456132, 0.889912

2.527806, -0.417924
0.456061, 0.889949

2.527969, -0.417950
0.455990, 0.889985

2.528131, -0.417975
0.455919, 0.890021

2.528293, -0.418001
0.455848, 0.890058

2.528455, -0.418026
0.455776, 0.890094

2.528618, -0.418052
0.455705, 0.890131

2.528780, -0.418077
0.455634, 0.890167

2.528942, -0.418103
0.455563, 0.890203

2.529105, -0.418128
0.455492, 0.890240

2.529267, -0.418154
0.455421, 0.890276

2.529429, -0.418179
0.455350, 0.890313

2.529591, -0.418205
0.455279, 0.890349

2.529754, -0.418230
0.455208, 0.890385

2.529916, -0.418256
0.455137, 0.890422

2.530078, -0.418281
0.455066, 0.890458

2.530241, -0.418307
0.454994, 0.890494

2.530403, -0.418332
0.454923, 0.890531

2.530565, -0.418358
0.454852, 0.890567

2.530727, -0.418383
0.454781, 0.890603

2.530890, -0.418409
0.454710, 0.890640

2.531052, -0.418434
0.454639, 0.890676

2.531214, -0.418460
0.454568, 0.890712

2.531376, -0.418485
0.454497, 0.890748

2.531539, -0.418511
0.454425, 0.890785

2.531701, -0.418536
0.454354, 0.890821

2.531863, -0.418561
0.454283, 0.890857

2.532026, -0.418587
0.454212, 0.890894

2.532188, -0.418612
0.454141, 0.890930

2.532350, -0.418638
0.454070, 0.890966

2.532512, -0.418663
0.453999, 0.891002

2.532675, -0.418689
0.453928, 0.891039

2.532837, -0.418714
0.453856, 0.891075

2.532999, -0.418740
0.453785, 0.891111

2.533161, -0.418765
0.453714, 0.891147

2.533324, -0.418791
0.453643, 0.891184

2.533486, -0.418816
0.453572, 0.891220

2.533648, -0.418842
0.453501, 0.891256

2.533811, -0.418867
0.453429, 0.891292

2.533973, -0.418893
0.453358, 0.891328

2.534135, -0.418918
0.453287, 0.891365

2.534297, -0.418944
0.453216, 0.891401

2.534460, -0.418969
0.453145, 0.891437

2.534622, -0.418995
0.453073, 0.891473

2.534784, -0.419020
0.453002, 0.891509

2.534946, -0.419046
0.452931, 0.891546

2.535109, -0.419071
0.452860, 0.891582

2.535271, -0.419097
0.452789, 0.891618

2.535433, -0.419122
0.452718, 0.891654

2.535595, -0.419148
0.452646, 0.891690

2.535758, -0.419173
0.452575, 0.891726

2.535920, -0.419199
0.452504, 0.891762

2.536082, -0.419224
0.452433, 0.891799

2.536244, -0.419250
0.452362, 0.891835

2.536407, -0.419275
0.452290, 0.891871

2.536569, -0.419301
0.452219, 0.891907

2.536731, -0.419326
0.452148, 0.891943

2.536893, -0.419352
0.452077, 0.891979

2.537056, -0.419377
0.452005, 0.892015

2.537218, -0.419402
0.451934, 0.892051

2.537380, -0.419428
0.451863, 0.892087

2.537542, -0.419453
0.451792, 0.892123

2.537705, -0.419479
0.451720, 0.892160

2.537867, -0.419504
0.451649, 0.892196

2.538029, -0.419530
0.451578, 0.892232

2.538191, -0.419555
0.451507, 0.892268

2.538354, -0.419581
0.451435, 0.892304

2.538516, -0.419606
0.451364, 0.892340

2.538678, -0.419632
0.451293, 0.892376

2.538840, -0.419657
0.451222, 0.892412

2.539003, -0.419683
0.451150, 0.892448

2.539165, -0.419708
0.451079, 0.892484

2.539327, -0.419734
0.451008, 0.892520

2.539489, -0.419759
0.450937, 0.892556

2.539652, -0.419785
0.450865, 0.892592

2.539814, -0.419810
0.450794, 0.892628

2.539976, -0.419836
0.450723, 0.892664

2.540138, -0.419861
0.450652, 0.892700

2.540301, -0.419887
0.450580, 0.892736

2.540463, -0.419912
0.450509, 0.892772

2.540625, -0.419938
0.450438, 0.892808

2.540787, -0.419963
0.450366, 0.892844

2.540949, -0.419989
0.450295, 0.892880

2.541112, -0.420014
0.450224, 0.892916

2.541274, -0.420040
0.450152, 0.892952

2.541436, -0.420065
0.450081, 0.892988

2.541598, -0.420090
0.450010, 0.893024

2.541761, -0.420116
0.449939, 0.893060

2.541923, -0.420141
0.449867, 0.893095

2.542085, -0.420167
0.449796, 0.893131

2.542247, -0.420192
0.449725, 0.893167

2.542410, -0.420218
0.449653, 0.893203

2.542572, -0.420243
0.449582, 0.893239

2.542734, -0.420269
0.449511, 0.893275

2.542896, -0.420294
0.449439, 0.893311

2.543058, -0.420320
0.449368, 0.893347

2.543221, -0.420345
0.449297, 0.893383

2.543383, -0.420371
0.449225, 0.893419

2.543545, -0.420396
0.449154, 0.893454

2.543707, -0.420422
0.449083, 0.893490

2.543870, -0.420447
0.449011, 0.893526

2.544032, -0.420473
0.448940, 0.893562

2.544194, -0.420498
0.448869, 0.893598

2.544356, -0.420524
0.448797, 0.893634

2.544518, -0.420549
0.448726, 0.893669

2.544681, -0.420575
0.448654, 0.893705

2.544843, -0.420600
0.448583, 0.893741

2.545005, -0.420626
0.448512, 0.893777

2.545167, -0.420651
0.448440, 0.893813

2.545330, -0.420677
0.448369, 0.893849

2.545492, -0.420702
0.448298, 0.893884

2.545654, -0.420727
0.448226, 0.893920

2.545816, -0.420753
0.448155, 0.893956

2.545978, -0.420778
0.448083, 0.893992

2.546141, -0.420804
0.448012, 0.894027

2.546303, -0.420829
0.447941, 0.894063

2.546465, -0.420855
0.447869, 0.894099

2.546627, -0.420880
0.447798, 0.894135

2.546790, -0.420906
0.447727, 0.894171

2.546952, -0.420931
0.447655, 0.894206

2.547114, -0.420957
0.447584, 0.894242

2.547276, -0.420982
0.447512, 0.894278

2.547438, -0.421008
0.447441, 0.894314

2.547601, -0.421033
0.447369, 0.894349

2.547763, -0.421059
0.447298, 0.894385

2.547925, -0.421084
0.447227, 0.894421

2.548087, -0.421110
0.447155, 0.894456

2.548249, -0.421135
0.447084, 0.894492

2.548412, -0.421161
0.447012, 0.894528

2.548574, -0.421186
0.446941, 0.894563

2.548736, -0.421212
0.446870, 0.894599

2.548898, -0.421237
0.446798, 0.894635

2.549060, -0.421262
0.446727, 0.894671

2.549223, -0.421288
0.446655, 0.894706

2.549385, -0.421313
0.446584, 0.894742

2.549547, -0.421339
0.446512, 0.894777

2.549709, -0.421364
0.446441, 0.894813

2.549871, -0.421390
0.446369, 0.894849

2.550034, -0.421415
0.446298, 0.894884

2.550196, -0.421441
0.446226, 0.894920

2.550358, -0.421466
0.446155, 0.894956

2.550520, -0.421492
0.446084, 0.894991

2.550682, -0.421517
0.446012, 0.895027

2.550845, -0.421543
0.445941, 0.895063

2.551007, -0.421568
0.445869, 0.895098

2.551169, -0.421594
0.445798, 0.895134

2.551331, -0.421619
0.445726, 0.895169

2.551493, -0.421645
0.445655, 0.895205

2.551656, -0.421670
0.445583, 0.895241

2.551818, -0.421696
0.445512, 0.895276

2.551980, -0.421721
0.445440, 0.895312

2.552142, -0.421746
0.445369, 0.895347

2.552304, -0.421772
0.445297, 0.895383

2.552467, -0.421797
0.445226, 0.895418

2.552629, -0.421823
0.445154, 0.895454

2.552791, -0.421848
0.445083, 0.895489

2.552953, -0.421874
0.445011, 0.895525

2.553115, -0.421899
0.444940, 0.895561

2.553277, -0.421925
0.444868, 0.895596

2.553440, -0.421950
0.444797, 0.895632

2.553602, -0.421976
0.444725, 0.895667

2.553764, -0.422001
0.444654, 0.895703

2.553926, -0.422027
0.444582, 0.895738

2.554088, -0.422052
0.444511, 0.895774

2.554251, -0.422078
0.444439, 0.895809

2.554413, -0.422103
0.444368, 0.895845

2.554575, -0.422129
0.444296, 0.895880

2.554737, -0.422154
0.444224, 0.895916

2.554899, -0.422179
0.444153, 0.895951

2.555061, -0.422205
0.444081, 0.895986

2.555224, -0.422230
0.444010, 0.896022

2.555386, -0.422256
0.443938, 0.896057

2.555548, -0.422281
0.443867, 0.896093

2.555710, -0.422307
0.443795, 0.896128

2.555872, -0.422332
0.443724, 0.896164

2.556035, -0.422358
0.443652, 0.896199

2.556197, -0.422383
0.443581, 0.896235

2.556359, -0.422409
0.443509, 0.896270

2.556521, -0.422434
0.443437, 0.896305

2.556683, -0.422460
0.443366, 0.896341

2.556845, -0.422485
0.443294, 0.896376

2.557008, -0.422511
0.443223, 0.896412

2.557170, -0.422536
0.443151, 0.896447

2.557332, -0.422562
0.443079, 0.896482

2.557494, -0.422587
0.443008, 0.896518

2.557656, -0.422612
0.442936, 0.896553

2.557818, -0.422638
0.442865, 0.896588

2.557981, -0.422663
0.442793, 0.896624

2.558143, -0.422689
0.442722, 0.896659

2.558305, -0.422714
0.442650, 0.896695

2.558467, -0.422740
0.442578, 0.896730

2.558629, -0.422765
0.442507, 0.896765

2.558791, -0.422791
0.442435, 0.896801

2.558954, -0.422816
0.442364, 0.896836

2.559116, -0.422842
0.442292, 0.896871

2.559278, -0.422867
0.442220, 0.896906

2.559440, -0.422893
0.442149, 0.896942

2.559602, -0.422918
0.442077, 0.896977

2.559764, -0.422944
0.442005, 0.897012

2.559926, -0.422969
0.441934, 0.897048

2.560089, -0.422994
0.441862, 0.897083

2.560251, -0.423020
0.441791, 0.897118

2.560413, -0.423045
0.441719, 0.897154

2.560575, -0.423071
0.441647, 0.897189

2.560737, -0.423096
0.441576, 0.897224

2.560899, -0.423122
0.441504, 0.897259

2.561062, -0.423147
0.441432, 0.897295

2.561224, -0.423173
0.441361, 0.897330

2.561386, -0.423198
0.441289, 0.897365

2.561548, -0.423224
0.441217, 0.897400

2.561710, -0.423249
0.441146, 0.897436

2.561872, -0.423275
0.441074, 0.897471

2.562034, -0.423300
0.441002, 0.897506

2.562197, -0.423326
0.440931, 0.897541

2.562359, -0.423351
0.440859, 0.897576

2.562521, -0.423376
0.440787, 0.897612

2.562683, -0.423402
0.440716, 0.897647

2.562845, -0.423427
0.440644, 0.897682

2.563007, -0.423453
0.440572, 0.897717

2.563170, -0.423478
0.440501, 0.897752

2.563332, -0.423504
0.440429, 0.897787

2.563494, -0.423529
0.440357, 0.897823

2.563656, -0.423555
0.440286, 0.897858

2.563818, -0.423580
0.440214, 0.897893

2.563980, -0.423606
0.440142, 0.897928

2.564142, -0.423631
0.440070, 0.897963

2.564305, -0.423657
0.439999, 0.897998

2.564467, -0.423682
0.439927, 0.898034

2.564629, -0.423708
0.439855, 0.898069

2.564791, -0.423733
0.439784, 0.898104

2.564953, -0.423758
0.439712, 0.898139

2.565115, -0.423784
0.439640, 0.898174

2.565277, -0.423809
0.439568, 0.898209

2.565440, -0.423835
0.439497, 0.898244

2.565602, -0.423860
0.439425, 0.898279

2.565764, -0.423886
0.439353, 0.898314

2.565926, -0.423911
0.439282, 0.898349

2.566088, -0.423937
0.439210, 0.898385

2.566250, -0.423962
0.439138, 0.898420

2.566412, -0.423988
0.439066, 0.898455

2.566574, -0.424013
0.438995, 0.898490

2.566737, -0.424039
0.438923, 0.898525

2.566899, -0.424064
0.438851, 0.898560

2.567061, -0.424089
0.438779, 0.898595

2.567223, -0.424115
0.438708, 0.898630

2.567385, -0.424140
0.438636, 0.898665

2.567547, -0.424166
0.438564, 0.898700

2.567709, -0.424191
0.438492, 0.898735

2.567871, -0.424217
0.438421, 0.898770

2.568034, -0.424242
0.438349, 0.898805

2.568196, -0.424268
0.438277, 0.898840

2.568358, -0.424293
0.438205, 0.898875

2.568520, -0.424319
0.438133, 0.898910

2.568682, -0.424344
0.438062, 0.898945

2.568844, -0.424370
0.437990, 0.898980

2.569006, -0.424395
0.437918, 0.899015

2.569168, -0.424420
0.437846, 0.899050

2.569331, -0.424446
0.437774, 0.899085

2.569493, -0.424471
0.437703, 0.899120

2.569655, -0.424497
0.437631, 0.899155

2.569817, -0.424522
0.437559, 0.899190

2.569979, -0.424548
0.437487, 0.899225

2.570141, -0.424573
0.437415, 0.899260

2.570303, -0.424599
0.437344, 0.899294

2.570465, -0.424624
0.437272, 0.899329

2.570628, -0.424650
0.437200, 0.899364

2.570790, -0.424675
0.437128, 0.899399

2.570952, -0.424701
0.437056, 0.899434

2.571114, -0.424726
0.436985, 0.899469

2.571276, -0.424751
0.436913, 0.899504

2.571438, -0.424777
0.436841, 0.899539

2.571600, -0.424802
0.436769, 0.899574

2.571762, -0.424828
0.436697, 0.899609

2.571924, -0.424853
0.436625, 0.899643

2.572087, -0.424879
0.436554, 0.899678

2.572249, -0.424904
0.436482, 0.899713

2.572411, -0.424930
0.436410, 0.899748

2.572573, -0.424955
0.436338, 0.899783

2.572735, -0.424981
0.436266, 0.899818

2.572897, -0.425006
0.436194, 0.899852

2.573059, -0.425032
0.436123, 0.899887

2.573221, -0.425057
0.436051, 0.899922

2.573383, -0.425082
0.435979, 0.899957

2.573546, -0.425108
0.435907, 0.899992

2.573708, -0.425133
0.435835, 0.900027

2.573870, -0.425159
0.435763, 0.900061

2.574032, -0.425184
0.435691, 0.900096

2.574194, -0.425210
0.435619, 0.900131

2.574356, -0.425235
0.435548, 0.900166

2.574518, -0.425261
0.435476, 0.900200

2.574680, -0.425286
0.435404, 0.900235

2.574842, -0.425312
0.435332, 0.900270

2.575004, -0.425337
0.435260, 0.900305

2.575167, -0.425362
0.435188, 0.900340

2.575329, -0.425388
0.435116, 0.900374

2.575491, -0.425413
0.435044, 0.900409

2.575653, -0.425439
0.434972, 0.900444

2.575815, -0.425464
0.434901, 0.900478

2.575977, -0.425490
0.434829, 0.900513

2.576139, -0.425515
0.434757, 0.900548

2.576301, -0.425541
0.434685, 0.900583

2.576463, -0.425566
0.434613, 0.900617

2.576625, -0.425592
0.434541, 0.900652

2.576787, -0.425617
0.434469, 0.900687

2.576950, -0.425642
0.434397, 0.900721

2.577112, -0.425668
0.434325, 0.900756

2.577274, -0.425693
0.434253, 0.900791

2.577436, -0.425719
0.434181, 0.900825

2.577598, -0.425744
0.434109, 0.900860

2.577760, -0.425770
0.434038, 0.900895

2.577922, -0.425795
0.433966, 0.900929

2.578084, -0.425821
0.433894, 0.900964

2.578246, -0.425846
0.433822, 0.900999

2.578408, -0.425872
0.433750, 0.901033

2.578570, -0.425897
0.433678, 0.901068

2.578733, -0.425922
0.433606, 0.901103

2.578895, -0.425948
0.433534, 0.901137

2.579057, -0.425973
0.433462, 0.901172

2.579219, -0.425999
0.433390, 0.901206

2.579381, -0.426024
0.433318, 0.901241

2.579543, -0.426050
0.433246, 0.901276

2.579705, -0.426075
0.433174, 0.901310

2.579867, -0.426101
0.433102, 0.901345

2.580029, -0.426126
0.433030, 0.901379

2.580191, -0.426152
0.432958, 0.901414

2.580353, -0.426177
0.432886, 0.901449

2.580515, -0.426202
0.432814, 0.901483

2.580677, -0.426228
0.432742, 0.901518

2.580840, -0.426253
0.432670, 0.901552

2.581002, -0.426279
0.432598, 0.901587

2.581164, -0.426304
0.432526, 0.901621

2.581326, -0.426330
0.432454, 0.901656

2.581488, -0.426355
0.432382, 0.901690

2.581650, -0.426381
0.432310, 0.901725

2.581812, -0.426406
0.432238, 0.901759

2.581974, -0.426432
0.432166, 0.901794

2.582136, -0.426457
0.432094, 0.901828

2.582298, -0.426482
0.432022, 0.901863

2.582460, -0.426508
0.431950, 0.901897

2.582622, -0.426533
0.431878, 0.901932

2.582784, -0.426559
0.431806, 0.901966

2.582946, -0.426584
0.431734, 0.902001

2.583109, -0.426610
0.431662, 0.902035

2.583271, -0.426635
0.431590, 0.902070

2.583433, -0.426661
0.431518, 0.902104

2.583595, -0.426686
0.431446, 0.902139

2.583757, -0.426712
0.431374, 0.902173

2.583919, -0.426737
0.431302, 0.902208

2.584081, -0.426762
0.431230, 0.902242

2.584243, -0.426788
0.431158, 0.902277

2.584405, -0.426813
0.431086, 0.902311

2.584567, -0.426839
0.431014, 0.902345

2.584729, -0.426864
0.430942, 0.902380

2.584891, -0.426890
0.430870, 0.902414

2.585053, -0.426915
0.430798, 0.902449

2.585215, -0.426941
0.430725, 0.902483

2.585377, -0.426966
0.430653, 0.902517

2.585539, -0.426991
0.430581, 0.902552

2.585702, -0.427017
0.430509, 0.902586

2.585864, -0.427042
0.430437, 0.902621

2.586026, -0.427068
0.430365, 0.902655

2.586188, -0.427093
0.430293, 0.902689

2.586350, -0.427119
0.430221, 0.902724

2.586512, -0.427144
0.430149, 0.902758

2.586674, -0.427170
0.430077, 0.902792

2.586836, -0.427195
0.430005, 0.902827

2.586998, -0.427221
0.429933, 0.902861

2.587160, -0.427246
0.429861, 0.902895

2.587322, -0.427271
0.429788, 0.902930

2.587484, -0.427297
0.429716, 0.902964

2.587646, -0.427322
0.429644, 0.902998

2.587808, -0.427348
0.429572, 0.903033

2.587970, -0.427373
0.429500, 0.903067

2.588132, -0.427399
0.429428, 0.903101

2.588294, -0.427424
0.429356, 0.903135

2.588456, -0.427450
0.429284, 0.903170

2.588618, -0.427475
0.429212, 0.903204

2.588780, -0.427500
0.429139, 0.903238

2.588943, -0.427526
0.429067, 0.903273

2.589105, -0.427551
0.428995, 0.903307

2.589267, -0.427577
0.428923, 0.903341

2.589429, -0.427602
0.428851, 0.903375

2.589591, -0.427628
0.428779, 0.903410

2.589753, -0.427653
0.428707, 0.903444

2.589915, -0.427679
0.428634, 0.903478

2.590077, -0.427704
0.428562, 0.903512

2.590239, -0.427729
0.428490, 0.903546

2.590401, -0.427755
0.428418, 0.903581

2.590563, -0.427780
0.428346, 0.903615

2.590725, -0.427806
0.428274, 0.903649

2.590887, -0.427831
0.428202, 0.903683

2.591049, -0.427857
0.428129, 0.903717

2.591211, -0.427882
0.428057, 0.903752

2.591373, -0.427908
0.427985, 0.903786

2.591535, -0.427933
0.427913, 0.903820

2.591697, -0.427959
0.427841, 0.903854

2.591859, -0.427984
0.427769, 0.903888

2.592021, -0.428009
0.427696, 0.903922

2.592183, -0.428035
0.427624, 0.903957

2.592345, -0.428060
0.427552, 0.903991

2.592507, -0.428086
0.427480, 0.904025

2.592669, -0.428111
0.427408, 0.904059

2.592831, -0.428137
0.427335, 0.904093

2.592993, -0.428162
0.427263, 0.904127

2.593155, -0.428188
0.427191, 0.904161

2.593317, -0.428213
0.427119, 0.904195

2.593479, -0.428238
0.427047, 0.904230

2.593642, -0.428264
0.426974, 0.904264

2.593804, -0.428289
0.426902, 0.904298

2.593966, -0.428315
0.426830, 0.904332

2.594128, -0.428340
0.426758, 0.904366

2.594290, -0.428366
0.426686, 0.904400

2.594452, -0.428391
0.426613, 0.904434

2.594614, -0.428417
0.426541, 0.904468

2.594776, -0.428442
0.426469, 0.904502

2.594938, -0.428467
0.426397, 0.904536

2.595100, -0.428493
0.426324, 0.904570

2.595262, -0.428518
0.426252, 0.904604

2.595424, -0.428544
0.426180, 0.904638

2.595586, -0.428569
0.426108, 0.904672

2.595748, -0.428595
0.426036, 0.904706

2.595910, -0.428620
0.425963, 0.904740

2.596072, -0.428646
0.425891, 0.904774

2.596234, -0.428671
0.425819, 0.904808

2.596396, -0.428696
0.425747, 0.904842

2.596558, -0.428722
0.425674, 0.904876

2.596720, -0.428747
0.425602, 0.904910

2.596882, -0.428773
0.425530, 0.904944

2.597044, -0.428798
0.425457, 0.904978

2.597206, -0.428824
0.425385, 0.905012

2.597368, -0.428849
0.425313, 0.905046

2.597530, -0.428874
0.425241, 0.905080

2.597692, -0.428900
0.425168, 0.905114

2.597854, -0.428925
0.425096, 0.905148

2.598016, -0.428951
0.425024, 0.905182

2.598178, -0.428976
0.424952, 0.905216

2.598340, -0.429002
0.424879, 0.905250

2.598502, -0.429027
0.424807, 0.905284

2.598664, -0.429053
0.424735, 0.905318

2.598826, -0.429078
0.424662, 0.905352

2.598988, -0.429103
0.424590, 0.905386

2.599150, -0.429129
0.424518, 0.905420

2.599312, -0.429154
0.424446, 0.905453

2.599474, -0.429180
0.424373, 0.905487

2.599636, -0.429205
0.424301, 0.905521

2.599798, -0.429231
0.424229, 0.905555

2.599960, -0.429256
0.424156, 0.905589

2.600122, -0.429282
0.424084, 0.905623

2.600284, -0.429307
0.424012, 0.905657

2.600446, -0.429332
0.423939, 0.905691

2.600608, -0.429358
0.423867, 0.905724

2.600770, -0.429383
0.423795, 0.905758

2.600932, -0.429409
0.423722, 0.905792

2.601094, -0.429434
0.423650, 0.905826

2.601256, -0.429460
0.423578, 0.905860

2.601418, -0.429485
0.423505, 0.905894

2.601580, -0.429511
0.423433, 0.905927

2.601742, -0.429536
0.423361, 0.905961

2.601904, -0.429561
0.423288, 0.905995

2.602066, -0.429587
0.423216, 0.906029

2.602228, -0.429612
0.423144, 0.906063

2.602390, -0.429638
0.423071, 0.906096

2.602552, -0.429663
0.422999, 0.906130

2.602714, -0.429689
0.422927, 0.906164

2.602876, -0.429714
0.422854, 0.906198

2.603038, -0.429739
0.422782, 0.906231

2.603200, -0.429765
0.422710, 0.906265

2.603362, -0.429790
0.422637, 0.906299

2.603524, -0.429816
0.422565, 0.906333

2.603686, -0.429841
0.422492, 0.906366

2.603848, -0.429867
0.422420, 0.906400

2.604010, -0.429892
0.422348, 0.906434

2.604172, -0.429918
0.422275, 0.906468

2.604334, -0.429943
0.422203, 0.906501

2.604496, -0.429968
0.422131, 0.906535

2.604658, -0.429994
0.422058, 0.906569

2.604820, -0.430019
0.421986, 0.906602

2.604982, -0.430045
0.421913, 0.906636

2.605144, -0.430070
0.421841, 0.906670

2.605306, -0.430096
0.421769, 0.906704

2.605468, -0.430121
0.421696, 0.906737

2.605630, -0.430146
0.421624, 0.906771

2.605792, -0.430172
0.421551, 0.906805

2.605954, -0.430197
0.421479, 0.906838

2.606116, -0.430223
0.421407, 0.906872

2.606278, -0.430248
0.421334, 0.906906

2.606440, -0.430274
0.421262, 0.906939

2.606601, -0.430299
0.421189, 0.906973

2.606763, -0.430325
0.421117, 0.907006

2.606925, -0.430350
0.421044, 0.907040

2.607087, -0.430375
0.420972, 0.907074

2.607249, -0.430401
0.420900, 0.907107

2.607411, -0.430426
0.420827, 0.907141

2.607573, -0.430452
0.420755, 0.907174

2.607735, -0.430477
0.420682, 0.907208

2.607897, -0.430503
0.420610, 0.907242

2.608059, -0.430528
0.420537, 0.907275

2.608221, -0.430553
0.420465, 0.907309

2.608383, -0.430579
0.420392, 0.907342

2.608545, -0.430604
0.420320, 0.907376

2.608707, -0.430630
0.420248, 0.907410

2.608869, -0.430655
0.420175, 0.907443

2.609031, -0.430681
0.420103, 0.907477

2.609193, -0.430706
0.420030, 0.907510

2.609355, -0.430731
0.419958, 0.907544

2.609517, -0.430757
0.419885, 0.907577

2.609679, -0.430782
0.419813, 0.907611

2.609841, -0.430808
0.419740, 0.907644

2.610003, -0.430833
0.419668, 0.907678

2.610165, -0.430859
0.419595, 0.907711

2.610327, -0.430884
0.419523, 0.907745

2.610489, -0.430910
0.419450, 0.907778

2.610651, -0.430935
0.419378, 0.907812

2.610813, -0.430960
0.419305, 0.907845

2.610975, -0.430986
0.419233, 0.907879

2.611137, -0.431011
0.419160, 0.907912

2.611298, -0.431037
0.419088, 0.907946

2.611460, -0.431062
0.419015, 0.907979

2.611622, -0.431088
0.418943, 0.908013

2.611784, -0.431113
0.418870, 0.908046

2.611946, -0.431138
0.418798, 0.908079

2.612108, -0.431164
0.418725, 0.908113

2.612270, -0.431189
0.418653, 0.908146

2.612432, -0.431215
0.418580, 0.908180

2.612594, -0.431240
0.418508, 0.908213

2.612756, -0.431266
0.418435, 0.908247

2.612918, -0.431291
0.418363, 0.908280

2.613080, -0.431316
0.418290, 0.908313

2.613242, -0.431342
0.418218, 0.908347

2.613404, -0.431367
0.418145, 0.908380

2.613566, -0.431393
0.418073, 0.908414

2.613728, -0.431418
0.418000, 0.908447

2.613890, -0.431444
0.417928, 0.908480

2.614052, -0.431469
0.417855, 0.908514

2.614214, -0.431494
0.417782, 0.908547

2.614376, -0.431520
0.417710, 0.908580

2.614538, -0.431545
0.417637, 0.908614

2.614699, -0.431571
0.417565, 0.908647

2.614861, -0.431596
0.417492, 0.908681

2.615023, -0.431622
0.417420, 0.908714

2.615185, -0.431647
0.417347, 0.908747

2.615347, -0.431672
0.417275, 0.908780

2.615509, -0.431698
0.417202, 0.908814

2.615671, -0.431723
0.417129, 0.908847

2.615833, -0.431749
0.417057, 0.908880

2.615995, -0.431774
0.416984, 0.908914

2.616157, -0.431800
0.416912, 0.908947

2.616319, -0.431825
0.416839, 0.908980

2.616481, -0.431850
0.416766, 0.909014

2.616643, -0.431876
0.416694, 0.909047

2.616805, -0.431901
0.416621, 0.909080

2.616967, -0.431927
0.416549, 0.909113

2.617129, -0.431952
0.416476, 0.909147

2.617290, -0.431978
0.416404, 0.909180

2.617452, -0.432003
0.416331, 0.909213

2.617614, -0.432028
0.416258, 0.909246

2.617776, -0.432054
0.416186, 0.909280

2.617938, -0.432079
0.416113, 0.909313

2.618100, -0.432105
0.416040, 0.909346

2.618262, -0.432130
0.415968, 0.909379

2.618424, -0.432156
0.415895, 0.909413

2.618586, -0.432181
0.415823, 0.909446

2.618748, -0.432206
0.415750, 0.909479

2.618910, -0.432232
0.415677, 0.909512

2.619072, -0.432257
0.415605, 0.909545

2.619234, -0.432283
0.415532, 0.909578

2.619396, -0.432308
0.415460, 0.909612

2.619557, -0.432334
0.415387, 0.909645

2.619719, -0.432359
0.415314, 0.909678

2.619881, -0.432384
0.415242, 0.909711

2.620043, -0.432410
0.415169, 0.909744

2.620205, -0.432435
0.415096, 0.909777

2.620367, -0.432461
0.415024, 0.909811

2.620529, -0.432486
0.414951, 0.909844

2.620691, -0.432512
0.414878, 0.909877

2.620853, -0.432537
0.414806, 0.909910

2.621015, -0.432562
0.414733, 0.909943

2.621177, -0.432588
0.414660, 0.909976

2.621339, -0.432613
0.414588, 0.910009

2.621501, -0.432639
0.414515, 0.910042

2.621662, -0.432664
0.414442, 0.910076

2.621824, -0.432690
0.414370, 0.910109

2.621986, -0.432715
0.414297, 0.910142

2.622148, -0.432740
0.414224, 0.910175

2.622310, -0.432766
0.414152, 0.910208

2.622472, -0.432791
0.414079, 0.910241

2.622634, -0.432817
0.414006, 0.910274

2.622796, -0.432842
0.413934, 0.910307

2.622958, -0.432868
0.413861, 0.910340

2.623120, -0.432893
0.413788, 0.910373

2.623282, -0.432918
0.413716, 0.910406

2.623443, -0.432944
0.413643, 0.910439

2.623605, -0.432969
0.413570, 0.910472

2.623767, -0.432995
0.413497, 0.910505

2.623929, -0.433020
0.413425, 0.910538

2.624091, -0.433046
0.413352, 0.910571

2.624253, -0.433071
0.413279, 0.910604

2.624415, -0.433096
0.413207, 0.910637

2.624577, -0.433122
0.413134, 0.910670

2.624739, -0.433147
0.413061, 0.910703

2.624901, -0.433173
0.412988, 0.910736

2.625063, -0.433198
0.412916, 0.910769

2.625224, -0.433224
0.412843, 0.910802

2.625386, -0.433249
0.412770, 0.910835

2.625548, -0.433274
0.412698, 0.910868

2.625710, -0.433300
0.412625, 0.910901

2.625872, -0.433325
0.412552, 0.910934

2.626034, -0.433351
0.412479, 0.910967

2.626196, -0.433376
0.412407, 0.911000

2.626358, -0.433402
0.412334, 0.911033

2.626520, -0.433427
0.412261, 0.911066

2.626682, -0.433452
0.412188, 0.911099

2.626843, -0.433478
0.412116, 0.911132

2.627005, -0.433503
0.412043, 0.911164

2.627167, -0.433529
0.411970, 0.911197

2.627329, -0.433554
0.411897, 0.911230

2.627491, -0.433579
0.411825, 0.911263

2.627653, -0.433605
0.411752, 0.911296

2.627815, -0.433630
0.411679, 0.911329

2.627977, -0.433656
0.411606, 0.911362

2.628139, -0.433681
0.411533, 0.911395

2.628301, -0.433707
0.411461, 0.911428

2.628462, -0.433732
0.411388, 0.911460

2.628624, -0.433757
0.411315, 0.911493

2.628786, -0.433783
0.411242, 0.911526

2.628948, -0.433808
0.411170, 0.911559

2.629110, -0.433834
0.411097, 0.911592

2.629272, -0.433859
0.411024, 0.911625

2.629434, -0.433885
0.410951, 0.911657

2.629596, -0.433910
0.410878, 0.911690

2.629757, -0.433935
0.410806, 0.911723

2.629919, -0.433961
0.410733, 0.911756

2.630081, -0.433986
0.410660, 0.911789

2.630243, -0.434012
0.410587, 0.911821

2.630405, -0.434037
0.410514, 0.911854

2.630567, -0.434062
0.410442, 0.911887

2.630729, -0.434088
0.410369, 0.911920

2.630891, -0.434113
0.410296, 0.911952

2.631053, -0.434139
0.410223, 0.911985

2.631214, -0.434164
0.410150, 0.912018

2.631376, -0.434190
0.410077, 0.912051

2.631538, -0.434215
0.410005, 0.912083

2.631700, -0.434240
0.409932, 0.912116

2.631862, -0.434266
0.409859, 0.912149

2.632024, -0.434291
0.409786, 0.912182

2.632186, -0.434317
0.409713, 0.912214

2.632348, -0.434342
0.409640, 0.912247

2.632509, -0.434368
0.409568, 0.912280

2.632671, -0.434393
0.409495, 0.912312

2.632833, -0.434418
0.409422, 0.912345

2.632995, -0.434444
0.409349, 0.912378

2.633157, -0.434469
0.409276, 0.912411

2.633319, -0.434495
0.409203, 0.912443

2.633481, -0.434520
0.409130, 0.912476

2.633643, -0.434545
0.409058, 0.912509

2.633804, -0.434571
0.408985, 0.912541

2.633966, -0.434596
0.408912, 0.912574

2.634128, -0.434622
0.408839, 0.912607

2.634290, -0.434647
0.408766, 0.912639

2.634452, -0.434673
0.408693, 0.912672

2.634614, -0.434698
0.408620, 0.912704

2.634776, -0.434723
0.408547, 0.912737

2.634938, -0.434749
0.408475, 0.912770

2.635099, -0.434774
0.408402, 0.912802

2.635261, -0.434800
0.408329, 0.912835

2.635423, -0.434825
0.408256, 0.912868

2.635585, -0.434850
0.408183, 0.912900

2.635747, -0.434876
0.408110, 0.912933

2.635909, -0.434901
0.408037, 0.912965

2.636071, -0.434927
0.407964, 0.912998

2.636232, -0.434952
0.407891, 0.913030

2.636394, -0.434978
0.407818, 0.913063

2.636556, -0.435003
0.407746, 0.913096

2.636718, -0.435028
0.407673, 0.913128

2.636880, -0.435054
0.407600, 0.913161

2.637042, -0.435079
0.407527, 0.913193

2.637204, -0.435105
0.407454, 0.913226

2.637365, -0.435130
0.407381, 0.913258

2.637527, -0.435155
0.407308, 0.913291

2.637689, -0.435181
0.407235, 0.913323

2.637851, -0.435206
0.407162, 0.913356

2.638013, -0.435232
0.407089, 0.913388

2.638175, -0.435257
0.407016, 0.913421

2.638337, -0.435283
0.406943, 0.913453

2.638498, -0.435308
0.406870, 0.913486

2.638660, -0.435333
0.406798, 0.913518

2.638822, -0.435359
0.406725, 0.913551

2.638984, -0.435384
0.406652, 0.913583

2.639146, -0.435410
0.406579, 0.913616

2.639308, -0.435435
0.406506, 0.913648

2.639470, -0.435460
0.406433, 0.913681

2.639631, -0.435486
0.406360, 0.913713

2.639793, -0.435511
0.406287, 0.913746

2.639955, -0.435537
0.406214, 0.913778

2.640117, -0.435562
0.406141, 0.913810

2.640279, -0.435588
0.406068, 0.913843

2.640441, -0.435613
0.405995, 0.913875

2.640602, -0.435638
0.405922, 0.913908

2.640764, -0.435664
0.405849, 0.913940

2.640926, -0.435689
0.405776, 0.913973

2.641088, -0.435715
0.405703, 0.914005

2.641250, -0.435740
0.405630, 0.914037

2.641412, -0.435765
0.405557, 0.914070

2.641574, -0.435791
0.405484, 0.914102

2.641735, -0.435816
0.405411, 0.914134

2.641897, -0.435842
0.405338, 0.914167

2.642059, -0.435867
0.405265, 0.914199

2.642221, -0.435892
0.405192, 0.914232

2.642383, -0.435918
0.405119, 0.914264

2.642545, -0.435943
0.405046, 0.914296

2.642706, -0.435969
0.404973, 0.914329

2.642868, -0.435994
0.404900, 0.914361

2.643030, -0.436020
0.404827, 0.914393

2.643192, -0.436045
0.404754, 0.914426

2.643354, -0.436070
0.404681, 0.914458

2.643516, -0.436096
0.404608, 0.914490

2.643677, -0.436121
0.404535, 0.914523

2.643839, -0.436147
0.404462, 0.914555

2.644001, -0.436172
0.404389, 0.914587

2.644163, -0.436197
0.404316, 0.914619

2.644325, -0.436223
0.404243, 0.914652

2.644487, -0.436248
0.404170, 0.914684

2.644648, -0.436274
0.404097, 0.914716

2.644810, -0.436299
0.404024, 0.914749

2.644972, -0.436324
0.403951, 0.914781

2.645134, -0.436350
0.403878, 0.914813

2.645296, -0.436375
0.403805, 0.914845

2.645458, -0.436401
0.403732, 0.914878

2.645619, -0.436426
0.403658, 0.914910

2.645781, -0.436452
0.403585, 0.914942

2.645943, -0.436477
0.403512, 0.914974

2.646105, -0.436502
0.403439, 0.915006

2.646267, -0.436528
0.403366, 0.915039

2.646428, -0.436553
0.403293, 0.915071

2.646590, -0.436579
0.403220, 0.915103

2.646752, -0.436604
0.403147, 0.915135

2.646914, -0.436629
0.403074, 0.915167

2.647076, -0.436655
0.403001, 0.915200

2.647238, -0.436680
0.402928, 0.915232

2.647399, -0.436706
0.402855, 0.915264

2.647561, -0.436731
0.402782, 0.915296

2.647723, -0.436756
0.402709, 0.915328

2.647885, -0.436782
0.402635, 0.915360

2.648047, -0.436807
0.402562, 0.915393

2.648208, -0.436833
0.402489, 0.915425

2.648370, -0.436858
0.402416, 0.915457

2.648532, -0.436884
0.402343, 0.915489

2.648694, -0.436909
0.402270, 0.915521

2.648856, -0.436934
0.402197, 0.915553

2.649018, -0.436960
0.402124, 0.915585

2.649179, -0.436985
0.402051, 0.915617

2.649341, -0.437011
0.401977, 0.915650

2.649503, -0.437036
0.401904, 0.915682

2.649665, -0.437061
0.401831, 0.915714

2.649827, -0.437087
0.401758, 0.915746

2.649988, -0.437112
0.401685, 0.915778

2.650150, -0.437138
0.401612, 0.915810

2.650312, -0.437163
0.401539, 0.915842

2.650474, -0.437188
0.401466, 0.915874

2.650636, -0.437214
0.401392, 0.915906

2.650797, -0.437239
0.401319, 0.915938

2.650959, -0.437265
0.401246, 0.915970

2.651121, -0.437290
0.401173, 0.916002

2.651283, -0.437315
0.401100, 0.916034

2.651445, -0.437341
0.401027, 0.916066

2.651606, -0.437366
0.400954, 0.916098

2.651768, -0.437392
0.400880, 0.916130

2.651930, -0.437417
0.400807, 0.916162

2.652092, -0.437442
0.400734, 0.916194

2.652254, -0.437468
0.400661, 0.916226

2.652416, -0.437493
0.400588, 0.916258

2.652577, -0.437519
0.400515, 0.916290

2.652739, -0.437544
0.400442, 0.916322

2.652901, -0.437570
0.400368, 0.916354

2.653063, -0.437595
0.400295, 0.916386

2.653225, -0.437620
0.400222, 0.916418

2.653386, -0.437646
0.400149, 0.916450

2.653548, -0.437671
0.400076, 0.916482

2.653710, -0.437697
0.400002, 0.916514

2.653872, -0.437722
0.399929, 0.916546

2.654033, -0.437747
0.399856, 0.916578

2.654195, -0.437773
0.399783, 0.916610

2.654357, -0.437798
0.399710, 0.916642

2.654519, -0.437824
0.399636, 0.916674

2.654681, -0.437849
0.399563, 0.916706

2.654842, -0.437874
0.399490, 0.916738

2.655004, -0.437900
0.399417, 0.916769

2.655166, -0.437925
0.399344, 0.916801

2.655328, -0.437951
0.399270, 0.916833

2.655490, -0.437976
0.399197, 0.916865

2.655651, -0.438001
0.399124, 0.916897

2.655813, -0.438027
0.399051, 0.916929

2.655975, -0.438052
0.398978, 0.916961

2.656137, -0.438078
0.398904, 0.916993

2.656299, -0.438103
0.398831, 0.917024

2.656460, -0.438128
0.398758, 0.917056

2.656622, -0.438154
0.398685, 0.917088

2.656784, -0.438179
0.398611, 0.917120

2.656946, -0.438205
0.398538, 0.917152

2.657107, -0.438230
0.398465, 0.917184

2.657269, -0.438255
0.398392, 0.917215

2.657431, -0.438281
0.398319, 0.917247

2.657593, -0.438306
0.398245, 0.917279

2.657755, -0.438332
0.398172, 0.917311

2.657916, -0.438357
0.398099, 0.917343

2.658078, -0.438382
0.398026, 0.917374

2.658240, -0.438408
0.397952, 0.917406

2.658402, -0.438433
0.397879, 0.917438

2.658563, -0.438459
0.397806, 0.917470

2.658725, -0.438484
0.397732, 0.917501

2.658887, -0.438509
0.397659, 0.917533

2.659049, -0.438535
0.397586, 0.917565

2.659211, -0.438560
0.397513, 0.917597

2.659372, -0.438586
0.397439, 0.917628

2.659534, -0.438611
0.397366, 0.917660

2.659696, -0.438636
0.397293, 0.917692

2.659858, -0.438662
0.397220, 0.917724

2.660019, -0.438687
0.397146, 0.917755

2.660181, -0.438713
0.397073, 0.917787

2.660343, -0.438738
0.397000, 0.917819

2.660505, -0.438763
0.396926, 0.917850

2.660667, -0.438789
0.396853, 0.917882

2.660828, -0.438814
0.396780, 0.917914

2.660990, -0.438840
0.396707, 0.917945

2.661152, -0.438865
0.396633, 0.917977

2.661314, -0.438890
0.396560, 0.918009

2.661475, -0.438916
0.396487, 0.918040

2.661637, -0.438941
0.396413, 0.918072

2.661799, -0.438967
0.396340, 0.918104

2.661961, -0.438992
0.396267, 0.918135

2.662122, -0.439017
0.396193, 0.918167

2.662284, -0.439043
0.396120, 0.918199

2.662446, -0.439068
0.396047, 0.918230

2.662608, -0.439094
0.395973, 0.918262

2.662769, -0.439119
0.395900, 0.918294

2.662931, -0.439144
0.395827, 0.918325

2.663093, -0.439170
0.395753, 0.918357

2.663255, -0.439195
0.395680, 0.918388

2.663417, -0.439221
0.395607, 0.918420

2.663578, -0.439246
0.395533, 0.918452

2.663740, -0.439271
0.395460, 0.918483

2.663902, -0.439297
0.395387, 0.918515

2.664064, -0.439322
0.395313, 0.918546

2.664225, -0.439348
0.395240, 0.918578

2.664387, -0.439373
0.395167, 0.918609

2.664549, -0.439398
0.395093, 0.918641

2.664711, -0.439424
0.395020, 0.918673

2.664872, -0.439449
0.394947, 0.918704

2.665034, -0.439475
0.394873, 0.918736

2.665196, -0.439500
0.394800, 0.918767

2.665358, -0.439525
0.394727, 0.918799

2.665519, -0.439551
0.394653, 0.918830

2.665681, -0.439576
0.394580, 0.918862

2.665843, -0.439602
0.394506, 0.918893

2.666005, -0.439627
0.394433, 0.918925

2.666166, -0.439652
0.394360, 0.918956

2.666328, -0.439678
0.394286, 0.918988

2.666490, -0.439703
0.394213, 0.919019

2.666652, -0.439729
0.394140, 0.919051

2.666813, -0.439754
0.394066, 0.919082

2.666975, -0.439779
0.393993, 0.919114

2.667137, -0.439805
0.393919, 0.919145

2.667299, -0.439830
0.393846, 0.919176

2.667460, -0.439856
0.393773, 0.919208

2.667622, -0.439881
0.393699, 0.919239

2.667784, -0.439906
0.393626, 0.919271

2.667946, -0.439932
0.393552, 0.919302

2.668107, -0.439957
0.393479, 0.919334

2.668269, -0.439983
0.393406, 0.919365

2.668431, -0.440008
0.393332, 0.919396

2.668593, -0.440033
0.393259, 0.919428

2.668754, -0.440059
0.393185, 0.919459

2.668916, -0.440084
0.393112, 0.919491

2.669078, -0.440110
0.393038, 0.919522

2.669239, -0.440135
0.392965, 0.919553

2.669401, -0.440160
0.392892, 0.919585

2.669563, -0.440186
0.392818, 0.919616

2.669725, -0.440211
0.392745, 0.919648

2.669886, -0.440237
0.392671, 0.919679

2.670048, -0.440262
0.392598, 0.919710

2.670210, -0.440287
0.392524, 0.919742

2.670372, -0.440313
0.392451, 0.919773

2.670533, -0.440338
0.392378, 0.919804

2.670695, -0.440364
0.392304, 0.919836

2.670857, -0.440389
0.392231, 0.919867

2.671019, -0.440414
0.392157, 0.919898

2.671180, -0.440440
0.392084, 0.919930

2.671342, -0.440465
0.392010, 0.919961

2.671504, -0.440491
0.391937, 0.919992

2.671665, -0.440516
0.391863, 0.920023

2.671827, -0.440541
0.391790, 0.920055

2.671989, -0.440567
0.391716, 0.920086

2.672151, -0.440592
0.391643, 0.920117

2.672312, -0.440618
0.391569, 0.920149

2.672474, -0.440643
0.391496, 0.920180

2.672636, -0.440668
0.391423, 0.920211

2.672798, -0.440694
0.391349, 0.920242

2.672959, -0.440719
0.391276, 0.920274

2.673121, -0.440744
0.391202, 0.920305

2.673283, -0.440770
0.391129, 0.920336

2.673444, -0.440795
0.391055, 0.920367

2.673606, -0.440821
0.390982, 0.920398

2.673768, -0.440846
0.390908, 0.920430

2.673930, -0.440871
0.390835, 0.920461

2.674091, -0.440897
0.390761, 0.920492

2.674253, -0.440922
0.390688, 0.920523

2.674415, -0.440948
0.390614, 0.920555

2.674577, -0.440973
0.390541, 0.920586

2.674738, -0.440998
0.390467, 0.920617

2.674900, -0.441024
0.390394, 0.920648

2.675062, -0.441049
0.390320, 0.920679

2.675223, -0.441075
0.390247, 0.920710

2.675385, -0.441100
0.390173, 0.920742

2.675547, -0.441125
0.390099, 0.920773

2.675709, -0.441151
0.390026, 0.920804

2.675870, -0.441176
0.389952, 0.920835

2.676032, -0.441202
0.389879, 0.920866

2.676194, -0.441227
0.389805, 0.920897

2.676355, -0.441252
0.389732, 0.920928

2.676517, -0.441278
0.389658, 0.920960

2.676679, -0.441303
0.389585, 0.920991

2.676840, -0.441329
0.389511, 0.921022

2.677002, -0.441354
0.389438, 0.921053

2.677164, -0.441379
0.389364, 0.921084

2.677326, -0.441405
0.389291, 0.921115

2.677487, -0.441430
0.389217, 0.921146

2.677649, -0.441455
0.389143, 0.921177

2.677811, -0.441481
0.389070, 0.921208

2.677972, -0.441506
0.388996, 0.921239

2.678134, -0.441532
0.388923, 0.921270

2.678296, -0.441557
0.388849, 0.921301

2.678458, -0.441582
0.388776, 0.921332

2.678619, -0.441608
0.388702, 0.921364

2.678781, -0.441633
0.388628, 0.921395

2.678943, -0.441659
0.388555, 0.921426

2.679104, -0.441684
0.388481, 0.921457

2.679266, -0.441709
0.388408, 0.921488

2.679428, -0.441735
0.388334, 0.921519

2.679589, -0.441760
0.388261, 0.921550

2.679751, -0.441786
0.388187, 0.921581

2.679913, -0.441811
0.388113, 0.921612

2.680075, -0.441836
0.388040, 0.921643

2.680236, -0.441862
0.387966, 0.921674

2.680398, -0.441887
0.387893, 0.921705

2.680560, -0.441912
0.387819, 0.921736

2.680721, -0.441938
0.387745, 0.921767

2.680883, -0.441963
0.387672, 0.921797

2.681045, -0.441989
0.387598, 0.921828

2.681206, -0.442014
0.387525, 0.921859

2.681368, -0.442039
0.387451, 0.921890

2.681530, -0.442065
0.387377, 0.921921

2.681692, -0.442090
0.387304, 0.921952

2.681853, -0.442116
0.387230, 0.921983

2.682015, -0.442141
0.387157, 0.922014

2.682177, -0.442166
0.387083, 0.922045

2.682338, -0.442192
0.387009, 0.922076

2.682500, -0.442217
0.386936, 0.922107

2.682662, -0.442243
0.386862, 0.922138

2.682823, -0.442268
0.386788, 0.922169

2.682985, -0.442293
0.386715, 0.922199

2.683147, -0.442319
0.386641, 0.922230

2.683308, -0.442344
0.386567, 0.922261

2.683470, -0.442369
0.386494, 0.922292

2.683632, -0.442395
0.386420, 0.922323

2.683793, -0.442420
0.386346, 0.922354

2.683955, -0.442446
0.386273, 0.922385

2.684117, -0.442471
0.386199, 0.922415

2.684279, -0.442496
0.386126, 0.922446

2.684440, -0.442522
0.386052, 0.922477

2.684602, -0.442547
0.385978, 0.922508

2.684764, -0.442573
0.385905, 0.922539

2.684925, -0.442598
0.385831, 0.922570

2.685087, -0.442623
0.385757, 0.922600

2.685249, -0.442649
0.385684, 0.922631

2.685410, -0.442674
0.385610, 0.922662

2.685572, -0.442699
0.385536, 0.922693

2.685734, -0.442725
0.385463, 0.922723

2.685895, -0.442750
0.385389, 0.922754

2.686057, -0.442776
0.385315, 0.922785

2.686219, -0.442801
0.385241, 0.922816

2.686380, -0.442826
0.385168, 0.922847

2.686542, -0.442852
0.385094, 0.922877

2.686704, -0.442877
0.385020, 0.922908

2.686865, -0.442903
0.384947, 0.922939

2.687027, -0.442928
0.384873, 0.922970

2.687189, -0.442953
0.384799, 0.923000

2.687350, -0.442979
0.384726, 0.923031

2.687512, -0.443004
0.384652, 0.923062

2.687674, -0.443029
0.384578, 0.923092

2.687835, -0.443055
0.384504, 0.923123

2.687997, -0.443080
0.384431, 0.923154

2.688159, -0.443106
0.384357, 0.923185

2.688320, -0.443131
0.384283, 0.923215

2.688482, -0.443156
0.384210, 0.923246

2.688644, -0.443182
0.384136, 0.923277

2.688805, -0.443207
0.384062, 0.923307

2.688967, -0.443233
0.383988, 0.923338

2.689129, -0.443258
0.383915, 0.923369

2.689290, -0.443283
0.383841, 0.923399

2.689452, -0.443309
0.383767, 0.923430

2.689614, -0.443334
0.383693, 0.923461

2.689775, -0.443359
0.383620, 0.923491

2.689937, -0.443385
0.383546, 0.923522

2.690099, -0.443410
0.383472, 0.923552

2.690260, -0.443436
0.383398, 0.923583

2.690422, -0.443461
0.383325, 0.923614

2.690584, -0.443486
0.383251, 0.923644

2.690745, -0.443512
0.383177, 0.923675

2.690907, -0.443537
0.383103, 0.923705

2.691069, -0.443563
0.383030, 0.923736

2.691230, -0.443588
0.382956, 0.923767

2.691392, -0.443613
0.382882, 0.923797

2.691554, -0.443639
0.382808, 0.923828

2.691715, -0.443664
0.382735, 0.923858

2.691877, -0.443689
0.382661, 0.923889

2.692039, -0.443715
0.382587, 0.923919

2.692200, -0.443740
0.382513, 0.923950

2.692362, -0.443766
0.382440, 0.923981

2.692524, -0.443791
0.382366, 0.924011

2.692685, -0.443816
0.382292, 0.924042

2.692847, -0.443842
0.382218, 0.924072

2.693009, -0.443867
0.382144, 0.924103

2.693170, -0.443892
0.382071, 0.924133

2.693332, -0.443918
0.381997, 0.924164

2.693493, -0.443943
0.381923, 0.924194

2.693655, -0.443969
0.381849, 0.924225

2.693817, -0.443994
0.381775, 0.924255

2.693978, -0.444019
0.381702, 0.924286

2.694140, -0.444045
0.381628, 0.924316

2.694302, -0.444070
0.381554, 0.924347

2.694463, -0.444096
0.381480, 0.924377

2.694625, -0.444121
0.381406, 0.924407

2.694787, -0.444146
0.381333, 0.924438

2.694948, -0.444172
0.381259, 0.924468

2.695110, -0.444197
0.381185, 0.924499

2.695272, -0.444222
0.381111, 0.924529

2.695433, -0.444248
0.381037, 0.924560

2.695595, -0.444273
0.380963, 0.924590

2.695756, -0.444299
0.380890, 0.924621

2.695918, -0.444324
0.380816, 0.924651

2.696080, -0.444349
0.380742, 0.924681

2.696241, -0.444375
0.380668, 0.924712

2.696403, -0.444400
0.380594, 0.924742

2.696565, -0.444425
0.380520, 0.924773

2.696726, -0.444451
0.380447, 0.924803

2.696888, -0.444476
0.380373, 0.924833

2.697050, -0.444502
0.380299, 0.924864

2.697211, -0.444527
0.380225, 0.924894

2.697373, -0.444552
0.380151, 0.924924

2.697535, -0.444578
0.380077, 0.924955

2.697696, -0.444603
0.380003, 0.924985

2.697858, -0.444628
0.379930, 0.925015

2.698019, -0.444654
0.379856, 0.925046

2.698181, -0.444679
0.379782, 0.925076

2.698343, -0.444705
0.379708, 0.925106

2.698504, -0.444730
0.379634, 0.925137

2.698666, -0.444755
0.379560, 0.925167

2.698828, -0.444781
0.379486, 0.925197

2.698989, -0.444806
0.379412, 0.925228

2.699151, -0.444832
0.379339, 0.925258

2.699312, -0.444857
0.379265, 0.925288

2.699474, -0.444882
0.379191, 0.925318

2.699636, -0.444908
0.379117, 0.925349

2.699797, -0.444933
0.379043, 0.925379

2.699959, -0.444958
0.378969, 0.925409

2.700121, -0.444984
0.378895, 0.925440

2.700282, -0.445009
0.378821, 0.925470

2.700444, -0.445035
0.378747, 0.925500

2.700605, -0.445060
0.378674, 0.925530

2.700767, -0.445085
0.378600, 0.925561

2.700929, -0.445111
0.378526, 0.925591

2.701090, -0.445136
0.378452, 0.925621

2.701252, -0.445161
0.378378, 0.925651

2.701414, -0.445187
0.378304, 0.925681

2.701575, -0.445212
0.378230, 0.925712

2.701737, -0.445238
0.378156, 0.925742

2.701898, -0.445263
0.378082, 0.925772

2.702060, -0.445288
0.378008, 0.925802

2.702222, -0.445314
0.377934, 0.925832

2.702383, -0.445339
0.377860, 0.925863

2.702545, -0.445364
0.377787, 0.925893

2.702707, -0.445390
0.377713, 0.925923

2.702868, -0.445415
0.377639, 0.925953

2.703030, -0.445441
0.377565, 0.925983

2.703191, -0.445466
0.377491, 0.926013

2.703353, -0.445491
0.377417, 0.926043

2.703515, -0.445517
0.377343, 0.926074

2.703676, -0.445542
0.377269, 0.926104

2.703838, -0.445567
0.377195, 0.926134

2.703999, -0.445593
0.377121, 0.926164

2.704161, -0.445618
0.377047, 0.926194

2.704323, -0.445644
0.376973, 0.926224

2.704484, -0.445669
0.376899, 0.926254

2.704646, -0.445694
0.376825, 0.926284

2.704807, -0.445720
0.376751, 0.926314

2.704969, -0.445745
0.376677, 0.926345

2.705131, -0.445770
0.376603, 0.926375

2.705292, -0.445796
0.376529, 0.926405

2.705454, -0.445821
0.376455, 0.926435

2.705615, -0.445847
0.376381, 0.926465

2.705777, -0.445872
0.376307, 0.926495

2.705939, -0.445897
0.376233, 0.926525

2.706100, -0.445923
0.376159, 0.926555

2.706262, -0.445948
0.376085, 0.926585

2.706424, -0.445973
0.376011, 0.926615

2.706585, -0.445999
0.375937, 0.926645

2.706747, -0.446024
0.375863, 0.926675

2.706908, -0.446050
0.375789, 0.926705

2.707070, -0.446075
0.375715, 0.926735

2.707232, -0.446100
0.375641, 0.926765

2.707393, -0.446126
0.375567, 0.926795

2.707555, -0.446151
0.375493, 0.926825

2.707716, -0.446176
0.375419, 0.926855

2.707878, -0.446202
0.375345, 0.926885

2.708040, -0.446227
0.375271, 0.926915

2.708201, -0.446252
0.375197, 0.926945

2.708363, -0.446278
0.375123, 0.926975

2.708524, -0.446303
0.375049, 0.927005

2.708686, -0.446329
0.374975, 0.927035

2.708847, -0.446354
0.374901, 0.927065

2.709009, -0.446379
0.374827, 0.927095

2.709171, -0.446405
0.374753, 0.927125

2.709332, -0.446430
0.374679, 0.927155

2.709494, -0.446455
0.374605, 0.927184

2.709655, -0.446481
0.374531, 0.927214

2.709817, -0.446506
0.374457, 0.927244

2.709979, -0.446532
0.374383, 0.927274

2.710140, -0.446557
0.374309, 0.927304

2.710302, -0.446582
0.374235, 0.927334

2.710463, -0.446608
0.374161, 0.927364

2.710625, -0.446633
0.374087, 0.927394

2.710787, -0.446658
0.374013, 0.927424

2.710948, -0.446684
0.373939, 0.927453

2.711110, -0.446709
0.373865, 0.927483

2.711271, -0.446735
0.373791, 0.927513

2.711433, -0.446760
0.373717, 0.927543

2.711594, -0.446785
0.373643, 0.927573

2.711756, -0.446811
0.373568, 0.927603

2.711918, -0.446836
0.373494, 0.927632

2.712079, -0.446861
0.373420, 0.927662

2.712241, -0.446887
0.373346, 0.927692

2.712402, -0.446912
0.373272, 0.927722

2.712564, -0.446937
0.373198, 0.927752

2.712726, -0.446963
0.373124, 0.927781

2.712887, -0.446988
0.373050, 0.927811

2.713049, -0.447014
0.372976, 0.927841

2.713210, -0.447039
0.372902, 0.927871

2.713372, -0.447064
0.372828, 0.927901

2.713533, -0.447090
0.372754, 0.927930

2.713695, -0.447115
0.372679, 0.927960

2.713857, -0.447140
0.372605, 0.927990

2.714018, -0.447166
0.372531, 0.928020

2.714180, -0.447191
0.372457, 0.928049

2.714341, -0.447217
0.372383, 0.928079

2.714503, -0.447242
0.372309, 0.928109

2.714664, -0.447267
0.372235, 0.928139

2.714826, -0.447293
0.372161, 0.928168

2.714988, -0.447318
0.372087, 0.928198

2.715149, -0.447343
0.372012, 0.928228

2.715311, -0.447369
0.371938, 0.928257

2.715472, -0.447394
0.371864, 0.928287

2.715634, -0.447419
0.371790, 0.928317

2.715795, -0.447445
0.371716, 0.928347

2.715957, -0.447470
0.371642, 0.928376

2.716119, -0.447496
0.371568, 0.928406

2.716280, -0.447521
0.371494, 0.928436

2.716442, -0.447546
0.371419, 0.928465

2.716603, -0.447572
0.371345, 0.928495

2.716765, -0.447597
0.371271, 0.928525

2.716926, -0.447622
0.371197, 0.928554

2.717088, -0.447648
0.371123, 0.928584

2.717250, -0.447673
0.371049, 0.928613

2.717411, -0.447699
0.370975, 0.928643

2.717573, -0.447724
0.370900, 0.928673

2.717734, -0.447749
0.370826, 0.928702

2.717896, -0.447775
0.370752, 0.928732

2.718057, -0.447800
0.370678, 0.928761

2.718219, -0.447825
0.370604, 0.928791

2.718380, -0.447851
0.370530, 0.928821

2.718542, -0.447876
0.370455, 0.928850

2.718704, -0.447901
0.370381, 0.928880

2.718865, -0.447927
0.370307, 0.928909

2.719027, -0.447952
0.370233, 0.928939

2.719188, -0.447978
0.370159, 0.928969

2.719350, -0.448003
0.370085, 0.928998

2.719511, -0.448028
0.370010, 0.929028

2.719673, -0.448054
0.369936, 0.929057

2.719834, -0.448079
0.369862, 0.929087

2.719996, -0.448104
0.369788, 0.929116

2.720158, -0.448130
0.369714, 0.929146

2.720319, -0.448155
0.369639, 0.929175

2.720481, -0.448180
0.369565, 0.929205

2.720642, -0.448206
0.369491, 0.929234

2.720804, -0.448231
0.369417, 0.929264

2.720965, -0.448257
0.369343, 0.929293

2.721127, -0.448282
0.369268, 0.929323

2.721288, -0.448307
0.369194, 0.929352

2.721450, -0.448333
0.369120, 0.929382

2.721612, -0.448358
0.369046, 0.929411

2.721773, -0.448383
0.368972, 0.929441

2.721935, -0.448409
0.368897, 0.929470

2.722096, -0.448434
0.368823, 0.929500

2.722258, -0.448459
0.368749, 0.929529

2.722419, -0.448485
0.368675, 0.929558

2.722581, -0.448510
0.368600, 0.929588

2.722742, -0.448536
0.368526, 0.929617

2.722904, -0.448561
0.368452, 0.929647

2.723065, -0.448586
0.368378, 0.929676

2.723227, -0.448612
0.368303, 0.929706

2.723389, -0.448637
0.368229, 0.929735

2.723550, -0.448662
0.368155, 0.929764

2.723712, -0.448688
0.368081, 0.929794

2.723873, -0.448713
0.368007, 0.929823

2.724035, -0.448738
0.367932, 0.929853

2.724196, -0.448764
0.367858, 0.929882

2.724358, -0.448789
0.367784, 0.929911

2.724519, -0.448815
0.367710, 0.929941

2.724681, -0.448840
0.367635, 0.929970

2.724842, -0.448865
0.367561, 0.929999

2.725004, -0.448891
0.367487, 0.930029

2.725165, -0.448916
0.367412, 0.930058

2.725327, -0.448941
0.367338, 0.930087

2.725489, -0.448967
0.367264, 0.930117

2.725650, -0.448992
0.367190, 0.930146

2.725812, -0.449017
0.367115, 0.930175

2.725973, -0.449043
0.367041, 0.930205

2.726135, -0.449068
0.366967, 0.930234

2.726296, -0.449094
0.366893, 0.930263

2.726458, -0.449119
0.366818, 0.930293

2.726619, -0.449144
0.366744, 0.930322

2.726781, -0.449170
0.366670, 0.930351

2.726942, -0.449195
0.366595, 0.930380

2.727104, -0.449220
0.366521, 0.930410

2.727265, -0.449246
0.366447, 0.930439

2.727427, -0.449271
0.366373, 0.930468

2.727588, -0.449296
0.366298, 0.930498

2.727750, -0.449322
0.366224, 0.930527

2.727911, -0.449347
0.366150, 0.930556

2.728073, -0.449372
0.366075, 0.930585

2.728235, -0.449398
0.366001, 0.930614

2.728396, -0.449423
0.365927, 0.930644

2.728558, -0.449449
0.365852, 0.930673

2.728719, -0.449474
0.365778, 0.930702

2.728881, -0.449499
0.365704, 0.930731

2.729042, -0.449525
0.365629, 0.930761

2.729204, -0.449550
0.365555, 0.930790

2.729365, -0.449575
0.365481, 0.930819

2.729527, -0.449601
0.365406, 0.930848

2.729688, -0.449626
0.365332, 0.930877

2.729850, -0.449651
0.365258, 0.930906

2.730011, -0.449677
0.365183, 0.930936

2.730173, -0.449702
0.365109, 0.930965

2.730334, -0.449728
0.365035, 0.930994

2.730496, -0.449753
0.364960, 0.931023

2.730657, -0.449778
0.364886, 0.931052

2.730819, -0.449804
0.364812, 0.931081

2.730980, -0.449829
0.364737, 0.931110

2.731142, -0.449854
0.364663, 0.931140

2.731303, -0.449880
0.364589, 0.931169

2.731465, -0.449905
0.364514, 0.931198

2.731626, -0.449930
0.364440, 0.931227

2.731788, -0.449956
0.364366, 0.931256

2.731949, -0.449981
0.364291, 0.931285

2.732111, -0.450006
0.364217, 0.931314

2.732272, -0.450032
0.364142, 0.931343

2.732434, -0.450057
0.364068, 0.931372

2.732595, -0.450083
0.363994, 0.931401

2.732757, -0.450108
0.363919, 0.931430

2.732919, -0.450133
0.363845, 0.931460

2.733080, -0.450159
0.363771, 0.931489

2.733242, -0.450184
0.363696, 0.931518

2.733403, -0.450209
0.363622, 0.931547

2.733565, -0.450235
0.363547, 0.931576

2.733726, -0.450260
0.363473, 0.931605

2.733888, -0.450285
0.363399, 0.931634

2.734049, -0.450311
0.363324, 0.931663

2.734211, -0.450336
0.363250, 0.931692

2.734372, -0.450361
0.363176, 0.931721

2.734534, -0.450387
0.363101, 0.931750

2.734695, -0.450412
0.363027, 0.931779

2.734857, -0.450438
0.362952, 0.931808

2.735018, -0.450463
0.362878, 0.931837

2.735180, -0.450488
0.362803, 0.931866

2.735341, -0.450514
0.362729, 0.931895

2.735503, -0.450539
0.362655, 0.931924

2.735664, -0.450564
0.362580, 0.931953

2.735826, -0.450590
0.362506, 0.931982

2.735987, -0.450615
0.362431, 0.932010

2.736149, -0.450640
0.362357, 0.932039

2.736310, -0.450666
0.362283, 0.932068

2.736472, -0.450691
0.362208, 0.932097

2.736633, -0.450716
0.362134, 0.932126

2.736795, -0.450742
0.362059, 0.932155

2.736956, -0.450767
0.361985, 0.932184

2.737118, -0.450792
0.361910, 0.932213

2.737279, -0.450818
0.361836, 0.932242

2.737440, -0.450843
0.361762, 0.932271

2.737602, -0.450869
0.361687, 0.932300

2.737763, -0.450894
0.361613, 0.932328

2.737925, -0.450919
0.361538, 0.932357

2.738086, -0.450945
0.361464, 0.932386

2.738248, -0.450970
0.361389, 0.932415

2.738409, -0.450995
0.361315, 0.932444

2.738571, -0.451021
0.361240, 0.932473

2.738732, -0.451046
0.361166, 0.932502

2.738894, -0.451071
0.361091, 0.932530

2.739055, -0.451097
0.361017, 0.932559

2.739217, -0.451122
0.360943, 0.932588

2.739378, -0.451147
0.360868, 0.932617

2.739540, -0.451173
0.360794, 0.932646

2.739701, -0.451198
0.360719, 0.932675

2.739863, -0.451223
0.360645, 0.932703

2.740024, -0.451249
0.360570, 0.932732

2.740186, -0.451274
0.360496, 0.932761

2.740347, -0.451300
0.360421, 0.932790

2.740509, -0.451325
0.360347, 0.932818

2.740670, -0.451350
0.360272, 0.932847

2.740832, -0.451376
0.360198, 0.932876

2.740993, -0.451401
0.360123, 0.932905

2.741155, -0.451426
0.360049, 0.932934

2.741316, -0.451452
0.359974, 0.932962

2.741478, -0.451477
0.359900, 0.932991

2.741639, -0.451502
0.359825, 0.933020

2.741801, -0.451528
0.359751, 0.933048

2.741962, -0.451553
0.359676, 0.933077

2.742124, -0.451578
0.359602, 0.933106

2.742285, -0.451604
0.359527, 0.933135

2.742446, -0.451629
0.359453, 0.933163

2.742608, -0.451654
0.359378, 0.933192

2.742769, -0.451680
0.359304, 0.933221

2.742931, -0.451705
0.359229, 0.933249

2.743092, -0.451731
0.359155, 0.933278

2.743254, -0.451756
0.359080, 0.933307

2.743415, -0.451781
0.359006, 0.933335

2.743577, -0.451807
0.358931, 0.933364

2.743738, -0.451832
0.358856, 0.933393

2.743900, -0.451857
0.358782, 0.933421

2.744061, -0.451883
0.358707, 0.933450

2.744223, -0.451908
0.358633, 0.933479

2.744384, -0.451933
0.358558, 0.933507

2.744546, -0.451959
0.358484, 0.933536

2.744707, -0.451984
0.358409, 0.933565

2.744869, -0.452009
0.358335, 0.933593

2.745030, -0.452035
0.358260, 0.933622

2.745191, -0.452060
0.358186, 0.933650

2.745353, -0.452085
0.358111, 0.933679

2.745514, -0.452111
0.358037, 0.933708

2.745676, -0.452136
0.357962, 0.933736

2.745837, -0.452161
0.357887, 0.933765

2.745999, -0.452187
0.357813, 0.933793

2.746160, -0.452212
0.357738, 0.933822

2.746322, -0.452238
0.357664, 0.933850

2.746483, -0.452263
0.357589, 0.933879

2.746645, -0.452288
0.357515, 0.933908

2.746806, -0.452314
0.357440, 0.933936

2.746968, -0.452339
0.357365, 0.933965

2.747129, -0.452364
0.357291, 0.933993

2.747290, -0.452390
0.357216, 0.934022

2.747452, -0.452415
0.357142, 0.934050

2.747613, -0.452440
0.357067, 0.934079

2.747775, -0.452466
0.356992, 0.934107

2.747936, -0.452491
0.356918, 0.934136

2.748098, -0.452516
0.356843, 0.934164

2.748259, -0.452542
0.356769, 0.934193

2.748421, -0.452567
0.356694, 0.934221

2.748582, -0.452592
0.356620, 0.934250

2.748744, -0.452618
0.356545, 0.934278

2.748905, -0.452643
0.356470, 0.934307

2.749066, -0.452668
0.356396, 0.934335

2.749228, -0.452694
0.356321, 0.934364

2.749389, -0.452719
0.356246, 0.934392

2.749551, -0.452744
0.356172, 0.934420

2.749712, -0.452770
0.356097, 0.934449

2.749874, -0.452795
0.356023, 0.934477

2.750035, -0.452821
0.355948, 0.934506

2.750197, -0.452846
0.355873, 0.934534

2.750358, -0.452871
0.355799, 0.934563

2.750519, -0.452897
0.355724, 0.934591

2.750681, -0.452922
0.355649, 0.934619

2.750842, -0.452947
0.355575, 0.934648

2.751004, -0.452973
0.355500, 0.934676

2.751165, -0.452998
0.355426, 0.934705

2.751327, -0.453023
0.355351, 0.934733

2.751488, -0.453049
0.355276, 0.934761

2.751650, -0.453074
0.355202, 0.934790

2.751811, -0.453099
0.355127, 0.934818

2.751972, -0.453125
0.355052, 0.934846

2.752134, -0.453150
0.354978, 0.934875

2.752295, -0.453175
0.354903, 0.934903

2.752457, -0.453201
0.354828, 0.934931

2.752618, -0.453226
0.354754, 0.934960

2.752780, -0.453251
0.354679, 0.934988

2.752941, -0.453277
0.354604, 0.935016

2.753103, -0.453302
0.354530, 0.935045

2.753264, -0.453327
0.354455, 0.935073

2.753425, -0.453353
0.354380, 0.935101

2.753587, -0.453378
0.354306, 0.935130

2.753748, -0.453403
0.354231, 0.935158

2.753910, -0.453429
0.354156, 0.935186

2.754071, -0.453454
0.354082, 0.935214

2.754233, -0.453480
0.354007, 0.935243

2.754394, -0.453505
0.353932, 0.935271

2.754555, -0.453530
0.353858, 0.935299

2.754717, -0.453556
0.353783, 0.935328

2.754878, -0.453581
0.353708, 0.935356

2.755040, -0.453606
0.353634, 0.935384

2.755201, -0.453632
0.353559, 0.935412

2.755363, -0.453657
0.353484, 0.935440

2.755524, -0.453682
0.353410, 0.935469

2.755685, -0.453708
0.353335, 0.935497

2.755847, -0.453733
0.353260, 0.935525

2.756008, -0.453758
0.353185, 0.935553

2.756170, -0.453784
0.353111, 0.935582

2.756331, -0.453809
0.353036, 0.935610

2.756493, -0.453834
0.352961, 0.935638

2.756654, -0.453860
0.352887, 0.935666

2.756815, -0.453885
0.352812, 0.935694

2.756977, -0.453910
0.352737, 0.935722

2.757138, -0.453936
0.352662, 0.935751

2.757300, -0.453961
0.352588, 0.935779

2.757461, -0.453986
0.352513, 0.935807

2.757623, -0.454012
0.352438, 0.935835

2.757784, -0.454037
0.352364, 0.935863

2.757945, -0.454062
0.352289, 0.935891

2.758107, -0.454088
0.352214, 0.935919

2.758268, -0.454113
0.352139, 0.935948

2.758430, -0.454138
0.352065, 0.935976

2.758591, -0.454164
0.351990, 0.936004

2.758752, -0.454189
0.351915, 0.936032

2.758914, -0.454214
0.351840, 0.936060

2.759075, -0.454240
0.351766, 0.936088

2.759237, -0.454265
0.351691, 0.936116

2.759398, -0.454290
0.351616, 0.936144

2.759560, -0.454316
0.351541, 0.936172

2.759721, -0.454341
0.351467, 0.936200

2.759882, -0.454366
0.351392, 0.936228

2.760044, -0.454392
0.351317, 0.936257

2.760205, -0.454417
0.351242, 0.936285

2.760367, -0.454443
0.351168, 0.936313

2.760528, -0.454468
0.351093, 0.936341

2.760689, -0.454493
0.351018, 0.936369

2.760851, -0.454519
0.350943, 0.936397

2.761012, -0.454544
0.350869, 0.936425

2.761174, -0.454569
0.350794, 0.936453

2.761335, -0.454595
0.350719, 0.936481

2.761497, -0.454620
0.350644, 0.936509

2.761658, -0.454645
0.350569, 0.936537

2.761819, -0.454671
0.350495, 0.936565

2.761981, -0.454696
0.350420, 0.936593

2.762142, -0.454721
0.350345, 0.936621

2.762304, -0.454747
0.350270, 0.936649

2.762465, -0.454772
0.350195, 0.936677

2.762626, -0.454797
0.350121, 0.936705

2.762788, -0.454823
0.350046, 0.936733

2.762949, -0.454848
0.349971, 0.936761

2.763111, -0.454873
0.349896, 0.936788

2.763272, -0.454899
0.349821, 0.936816

2.763433, -0.454924
0.349747, 0.936844

2.763595, -0.454949
0.349672, 0.936872

2.763756, -0.454975
0.349597, 0.936900

2.763918, -0.455000
0.349522, 0.936928

2.764079, -0.455025
0.349447, 0.936956

2.764240, -0.455051
0.349373, 0.936984

2.764402, -0.455076
0.349298, 0.937012

2.764563, -0.455101
0.349223, 0.937040

2.764725, -0.455127
0.349148, 0.937068

2.764886, -0.455152
0.349073, 0.937095

2.765047, -0.455177
0.348998, 0.937123

2.765209, -0.455203
0.348924, 0.937151

2.765370, -0.455228
0.348849, 0.937179

2.765532, -0.455253
0.348774, 0.937207

2.765693, -0.455279
0.348699, 0.937235

2.765854, -0.455304
0.348624, 0.937263

2.766016, -0.455329
0.348549, 0.937290

2.766177, -0.455355
0.348475, 0.937318

2.766339, -0.455380
0.348400, 0.937346

2.766500, -0.455405
0.348325, 0.937374

2.766661, -0.455431
0.348250, 0.937402

2.766823, -0.455456
0.348175, 0.937429

2.766984, -0.455481
0.348100, 0.937457

2.767145, -0.455507
0.348025, 0.937485

2.767307, -0.455532
0.347951, 0.937513

2.767468, -0.455557
0.347876, 0.937541

2.767630, -0.455583
0.347801, 0.937568

2.767791, -0.455608
0.347726, 0.937596

2.767952, -0.455633
0.347651, 0.937624

2.768114, -0.455659
0.347576, 0.937652

2.768275, -0.455684
0.347501, 0.937679

2.768437, -0.455709
0.347427, 0.937707

2.768598, -0.455735
0.347352, 0.937735

2.768759, -0.455760
0.347277, 0.937763

2.768921, -0.455785
0.347202, 0.937790

2.769082, -0.455811
0.347127, 0.937818

2.769243, -0.455836
0.347052, 0.937846

2.769405, -0.455861
0.346977, 0.937874

2.769566, -0.455887
0.346902, 0.937901

2.769728, -0.455912
0.346827, 0.937929

2.769889, -0.455937
0.346753, 0.937957

2.770050, -0.455963
0.346678, 0.937984

2.770212, -0.455988
0.346603, 0.938012

2.770373, -0.456013
0.346528, 0.938040

2.770534, -0.456039
0.346453, 0.938067

2.770696, -0.456064
0.346378, 0.938095

2.770857, -0.456089
0.346303, 0.938123

2.771019, -0.456115
0.346228, 0.938150

2.771180, -0.456140
0.346153, 0.938178

2.771341, -0.456165
0.346078, 0.938206

2.771503, -0.456191
0.346003, 0.938233

2.771664, -0.456216
0.345929, 0.938261

2.771825, -0.456241
0.345854, 0.938288

2.771987, -0.456267
0.345779, 0.938316

2.772148, -0.456292
0.345704, 0.938344

2.772310, -0.456317
0.345629, 0.938371

2.772471, -0.456343
0.345554, 0.938399

2.772632, -0.456368
0.345479, 0.938426

2.772794, -0.456393
0.345404, 0.938454

2.772955, -0.456419
0.345329, 0.938482

2.773116, -0.456444
0.345254, 0.938509

2.773278, -0.456469
0.345179, 0.938537

2.773439, -0.456495
0.345104, 0.938564

2.773601, -0.456520
0.345029, 0.938592

2.773762, -0.456545
0.344954, 0.938619

2.773923, -0.456571
0.344879, 0.938647

2.774085, -0.456596
0.344805, 0.938675

2.774246, -0.456621
0.344730, 0.938702

2.774407, -0.456647
0.344655, 0.938730

2.774569, -0.456672
0.344580, 0.938757

2.774730, -0.456697
0.344505, 0.938785

2.774891, -0.456723
0.344430, 0.938812

2.775053, -0.456748
0.344355, 0.938840

2.775214, -0.456773
0.344280, 0.938867

2.775376, -0.456799
0.344205, 0.938895

2.775537, -0.456824
0.344130, 0.938922

2.775698, -0.456849
0.344055, 0.938950

2.775860, -0.456875
0.343980, 0.938977

2.776021, -0.456900
0.343905, 0.939004

2.776182, -0.456925
0.343830, 0.939032

2.776344, -0.456951
0.343755, 0.939059

2.776505, -0.456976
0.343680, 0.939087

2.776666, -0.457001
0.343605, 0.939114

2.776828, -0.457027
0.343530, 0.939142

2.776989, -0.457052
0.343455, 0.939169

2.777150, -0.457077
0.343380, 0.939197

2.777312, -0.457103
0.343305, 0.939224

2.777473, -0.457128
0.343230, 0.939251

2.777635, -0.457153
0.343155, 0.939279

2.777796, -0.457179
0.343080, 0.939306

2.777957, -0.457204
0.343005, 0.939334

2.778119, -0.457229
0.342930, 0.939361

2.778280, -0.457255
0.342855, 0.939388

2.778441, -0.457280
0.342780, 0.939416

2.778603, -0.457305
0.342705, 0.939443

2.778764, -0.457331
0.342630, 0.939470

2.778925, -0.457356
0.342555, 0.939498

2.779087, -0.457381
0.342480, 0.939525

2.779248, -0.457407
0.342405, 0.939553

2.779409, -0.457432
0.342330, 0.939580

2.779571, -0.457457
0.342255, 0.939607

2.779732, -0.457483
0.342180, 0.939635

2.779893, -0.457508
0.342105, 0.939662

2.780055, -0.457533
0.342030, 0.939689

2.780216, -0.457559
0.341955, 0.939716

2.780377, -0.457584
0.341880, 0.939744

2.780539, -0.457609
0.341805, 0.939771

2.780700, -0.457635
0.341730, 0.939798

2.780861, -0.457660
0.341655, 0.939826

2.781023, -0.457685
0.341579, 0.939853

2.781184, -0.457711
0.341504, 0.939880

2.781345, -0.457736
0.341429, 0.939907

2.781507, -0.457761
0.341354, 0.939935

2.781668, -0.457787
0.341279, 0.939962

2.781830, -0.457812
0.341204, 0.939989

2.781991, -0.457837
0.341129, 0.940016

2.782152, -0.457863
0.341054, 0.940044

2.782314, -0.457888
0.340979, 0.940071

2.782475, -0.457913
0.340904, 0.940098

2.782636, -0.457939
0.340829, 0.940125

2.782798, -0.457964
0.340754, 0.940153

2.782959, -0.457989
0.340679, 0.940180

2.783120, -0.458015
0.340604, 0.940207

2.783282, -0.458040
0.340529, 0.940234

2.783443, -0.458065
0.340453, 0.940261

2.783604, -0.458091
0.340378, 0.940289

2.783766, -0.458116
0.340303, 0.940316

2.783927, -0.458141
0.340228, 0.940343

2.784088, -0.458167
0.340153, 0.940370

2.784250, -0.458192
0.340078, 0.940397

2.784411, -0.458217
0.340003, 0.940424

2.784572, -0.458243
0.339928, 0.940452

2.784734, -0.458268
0.339853, 0.940479

2.784895, -0.458293
0.339778, 0.940506

2.785056, -0.458319
0.339703, 0.940533

2.785217, -0.458344
0.339627, 0.940560

2.785379, -0.458369
0.339552, 0.940587

2.785540, -0.458395
0.339477, 0.940614

2.785701, -0.458420
0.339402, 0.940641

2.785863, -0.458445
0.339327, 0.940668

2.786024, -0.458470
0.339252, 0.940696

2.786185, -0.458496
0.339177, 0.940723

2.786347, -0.458521
0.339102, 0.940750

2.786508, -0.458546
0.339027, 0.940777

2.786669, -0.458572
0.338951, 0.940804

2.786831, -0.458597
0.338876, 0.940831

2.786992, -0.458622
0.338801, 0.940858

2.787153, -0.458648
0.338726, 0.940885

2.787315, -0.458673
0.338651, 0.940912

2.787476, -0.458698
0.338576, 0.940939

2.787637, -0.458724
0.338501, 0.940966

2.787799, -0.458749
0.338426, 0.940993

2.787960, -0.458774
0.338350, 0.941020

2.788121, -0.458800
0.338275, 0.941047

2.788283, -0.458825
0.338200, 0.941074

2.788444, -0.458850
0.338125, 0.941101

2.788605, -0.458876
0.338050, 0.941128

2.788767, -0.458901
0.337975, 0.941155

2.788928, -0.458926
0.337899, 0.941182

2.789089, -0.458952
0.337824, 0.941209

2.789250, -0.458977
0.337749, 0.941236

2.789412, -0.459002
0.337674, 0.941263

2.789573, -0.459028
0.337599, 0.941290

2.789734, -0.459053
0.337524, 0.941317

2.789896, -0.459078
0.337449, 0.941344

2.790057, -0.459104
0.337373, 0.941371

2.790218, -0.459129
0.337298, 0.941398

2.790380, -0.459154
0.337223, 0.941425

2.790541, -0.459180
0.337148, 0.941452

2.790702, -0.459205
0.337073, 0.941479

2.790864, -0.459230
0.336997, 0.941506

2.791025, -0.459256
0.336922, 0.941532

2.791186, -0.459281
0.336847, 0.941559

2.791347, -0.459306
0.336772, 0.941586

2.791509, -0.459332
0.336697, 0.941613

2.791670, -0.459357
0.336622, 0.941640

2.791831, -0.459382
0.336546, 0.941667

2.791993, -0.459407
0.336471, 0.941694

2.792154, -0.459433
0.336396, 0.941721

2.792315, -0.459458
0.336321, 0.941747

2.792477, -0.459483
0.336246, 0.941774

2.792638, -0.459509
0.336170, 0.941801

2.792799, -0.459534
0.336095, 0.941828

2.792961, -0.459559
0.336020, 0.941855

2.793122, -0.459585
0.335945, 0.941882

2.793283, -0.459610
0.335870, 0.941909

2.793444, -0.459635
0.335794, 0.941935

2.793606, -0.459661
0.335719, 0.941962

2.793767, -0.459686
0.335644, 0.941989

2.793928, -0.459711
0.335569, 0.942016

2.794090, -0.459737
0.335493, 0.942043

2.794251, -0.459762
0.335418, 0.942069

2.794412, -0.459787
0.335343, 0.942096

2.794574, -0.459813
0.335268, 0.942123

2.794735, -0.459838
0.335193, 0.942150

2.794896, -0.459863
0.335117, 0.942176

2.795057, -0.459889
0.335042, 0.942203

2.795219, -0.459914
0.334967, 0.942230

2.795380, -0.459939
0.334892, 0.942257

2.795541, -0.459965
0.334816, 0.942283

2.795703, -0.459990
0.334741, 0.942310

2.795864, -0.460015
0.334666, 0.942337

2.796025, -0.460041
0.334591, 0.942364

2.796186, -0.460066
0.334515, 0.942390

2.796348, -0.460091
0.334440, 0.942417

2.796509, -0.460116
0.334365, 0.942444

2.796670, -0.460142
0.334290, 0.942470

2.796832, -0.460167
0.334214, 0.942497

2.796993, -0.460192
0.334139, 0.942524

2.797154, -0.460218
0.334064, 0.942550

2.797315, -0.460243
0.333989, 0.942577

2.797477, -0.460268
0.333913, 0.942604

2.797638, -0.460294
0.333838, 0.942630

2.797799, -0.460319
0.333763, 0.942657

2.797961, -0.460344
0.333687, 0.942684

2.798122, -0.460370
0.333612, 0.942710

2.798283, -0.460395
0.333537, 0.942737

2.798444, -0.460420
0.333462, 0.942764

2.798606, -0.460446
0.333386, 0.942790

2.798767, -0.460471
0.333311, 0.942817

2.798928, -0.460496
0.333236, 0.942844

2.799090, -0.460522
0.333161, 0.942870

2.799251, -0.460547
0.333085, 0.942897

2.799412, -0.460572
0.333010, 0.942923

2.799573, -0.460598
0.332935, 0.942950

2.799735, -0.460623
0.332859, 0.942976

2.799896, -0.460648
0.332784, 0.943003

2.800057, -0.460673
0.332709, 0.943030

2.800218, -0.460699
0.332633, 0.943056

2.800380, -0.460724
0.332558, 0.943083

2.800541, -0.460749
0.332483, 0.943109

2.800702, -0.460775
0.332408, 0.943136

2.800864, -0.460800
0.332332, 0.943162

2.801025, -0.460825
0.332257, 0.943189

2.801186, -0.460851
0.332182, 0.943215

2.801347, -0.460876
0.332106, 0.943242

2.801509, -0.460901
0.332031, 0.943268

2.801670, -0.460927
0.331956, 0.943295

2.801831, -0.460952
0.331880, 0.943322

2.801992, -0.460977
0.331805, 0.943348

2.802154, -0.461003
0.331730, 0.943375

2.802315, -0.461028
0.331654, 0.943401

2.802476, -0.461053
0.331579, 0.943427

2.802638, -0.461079
0.331504, 0.943454

2.802799, -0.461104
0.331428, 0.943480

2.802960, -0.461129
0.331353, 0.943507

2.803121, -0.461155
0.331278, 0.943533

2.803283, -0.461180
0.331202, 0.943560

2.803444, -0.461205
0.331127, 0.943586

2.803605, -0.461230
0.331052, 0.943613

2.803766, -0.461256
0.330976, 0.943639

2.803928, -0.461281
0.330901, 0.943666

2.804089, -0.461306
0.330826, 0.943692

2.804250, -0.461332
0.330750, 0.943718

2.804411, -0.461357
0.330675, 0.943745

2.804573, -0.461382
0.330599, 0.943771

2.804734, -0.461408
0.330524, 0.943798

2.804895, -0.461433
0.330449, 0.943824

2.805057, -0.461458
0.330373, 0.943850

2.805218, -0.461484
0.330298, 0.943877

2.805379, -0.461509
0.330223, 0.943903

2.805540, -0.461534
0.330147, 0.943929

2.805702, -0.461560
0.330072, 0.943956

2.805863, -0.461585
0.329996, 0.943982

2.806024, -0.461610
0.329921, 0.944009

2.806185, -0.461636
0.329846, 0.944035

2.806347, -0.461661
0.329770, 0.944061

2.806508, -0.461686
0.329695, 0.944088

2.806669, -0.461711
0.329620, 0.944114

2.806830, -0.461737
0.329544, 0.944140

2.806992, -0.461762
0.329469, 0.944166

2.807153, -0.461787
0.329393, 0.944193

2.807314, -0.461813
0.329318, 0.944219

2.807475, -0.461838
0.329243, 0.944245

2.807637, -0.461863
0.329167, 0.944272

2.807798, -0.461889
0.329092, 0.944298

2.807959, -0.461914
0.329016, 0.944324

2.808120, -0.461939
0.328941, 0.944350

2.808282, -0.461965
0.328866, 0.944377

2.808443, -0.461990
0.328790, 0.944403

2.808604, -0.462015
0.328715, 0.944429

2.808765, -0.462041
0.328639, 0.944455

2.808927, -0.462066
0.328564, 0.944482

2.809088, -0.462091
0.328489, 0.944508

2.809249, -0.462116
0.328413, 0.944534

2.809410, -0.462142
0.328338, 0.944560

2.809572, -0.462167
0.328262, 0.944587

2.809733, -0.462192
0.328187, 0.944613

2.809894, -0.462218
0.328111, 0.944639

2.810055, -0.462243
0.328036, 0.944665

2.810217, -0.462268
0.327961, 0.944691

2.810378, -0.462294
0.327885, 0.944718

2.810539, -0.462319
0.327810, 0.944744

2.810700, -0.462344
0.327734, 0.944770

2.810862, -0.462370
0.327659, 0.944796

2.811023, -0.462395
0.327583, 0.944822

2.811184, -0.462420
0.327508, 0.944848

2.811345, -0.462446
0.327432, 0.944875

2.811506, -0.462471
0.327357, 0.944901

2.811668, -0.462496
0.327282, 0.944927

2.811829, -0.462521
0.327206, 0.944953

2.811990, -0.462547
0.327131, 0.944979

2.812151, -0.462572
0.327055, 0.945005

2.812313, -0.462597
0.326980, 0.945031

2.812474, -0.462623
0.326904, 0.945057

2.812635, -0.462648
0.326829, 0.945084

2.812796, -0.462673
0.326753, 0.945110

2.812958, -0.462699
0.326678, 0.945136

2.813119, -0.462724
0.326602, 0.945162

2.813280, -0.462749
0.326527, 0.945188

2.813441, -0.462775
0.326451, 0.945214

2.813603, -0.462800
0.326376, 0.945240

2.813764, -0.462825
0.326300, 0.945266

2.813925, -0.462850
0.326225, 0.945292

2.814086, -0.462876
0.326149, 0.945318

2.814247, -0.462901
0.326074, 0.945344

2.814409, -0.462926
0.325999, 0.945370

2.814570, -0.462952
0.325923, 0.945396

2.814731, -0.462977
0.325848, 0.945422

2.814892, -0.463002
0.325772, 0.945448

2.815054, -0.463028
0.325697, 0.945474

2.815215, -0.463053
0.325621, 0.945500

2.815376, -0.463078
0.325546, 0.945526

2.815537, -0.463104
0.325470, 0.945552

2.815698, -0.463129
0.325395, 0.945578

2.815860, -0.463154
0.325319, 0.945604

2.816021, -0.463180
0.325244, 0.945630

2.816182, -0.463205
0.325168, 0.945656

2.816343, -0.463230
0.325093, 0.945682

2.816505, -0.463255
0.325017, 0.945708

2.816666, -0.463281
0.324941, 0.945734

2.816827, -0.463306
0.324866, 0.945760

2.816988, -0.463331
0.324790, 0.945786

2.817149, -0.463357
0.324715, 0.945812

2.817311, -0.463382
0.324639, 0.945838

2.817472, -0.463407
0.324564, 0.945864

2.817633, -0.463433
0.324488, 0.945890

2.817794, -0.463458
0.324413, 0.945916

2.817956, -0.463483
0.324337, 0.945942

2.818117, -0.463509
0.324262, 0.945967

2.818278, -0.463534
0.324186, 0.945993

2.818439, -0.463559
0.324111, 0.946019

2.818600, -0.463584
0.324035, 0.946045

2.818762, -0.463610
0.323960, 0.946071

2.818923, -0.463635
0.323884, 0.946097

2.819084, -0.463660
0.323808, 0.946123

2.819245, -0.463686
0.323733, 0.946149

2.819406, -0.463711
0.323657, 0.946174

2.819568, -0.463736
0.323582, 0.946200

2.819729, -0.463762
0.323506, 0.946226

2.819890, -0.463787
0.323431, 0.946252

2.820051, -0.463812
0.323355, 0.946278

2.820213, -0.463837
0.323280, 0.946303

2.820374, -0.463863
0.323204, 0.946329

2.820535, -0.463888
0.323128, 0.946355

2.820696, -0.463913
0.323053, 0.946381

2.820857, -0.463939
0.322977, 0.946407

2.821019, -0.463964
0.322902, 0.946432

2.821180, -0.463989
0.322826, 0.946458

2.821341, -0.464015
0.322751, 0.946484

2.821502, -0.464040
0.322675, 0.946510

2.821663, -0.464065
0.322599, 0.946536

2.821825, -0.464091
0.322524, 0.946561

2.821986, -0.464116
0.322448, 0.946587

2.822147, -0.464141
0.322373, 0.946613

2.822308, -0.464166
0.322297, 0.946639

2.822469, -0.464192
0.322222, 0.946664

2.822631, -0.464217
0.322146, 0.946690

2.822792, -0.464242
0.322070, 0.946716

2.822953, -0.464268
0.321995, 0.946741

2.823114, -0.464293
0.321919, 0.946767

2.823275, -0.464318
0.321844, 0.946793

2.823437, -0.464344
0.321768, 0.946819

2.823598, -0.464369
0.321692, 0.946844

2.823759, -0.464394
0.321617, 0.946870

2.823920, -0.464420
0.321541, 0.946896

2.824081, -0.464445
0.321465, 0.946921

2.824243, -0.464470
0.321390, 0.946947

2.824404, -0.464495
0.321314, 0.946973

2.824565, -0.464521
0.321239, 0.946998

2.824726, -0.464546
0.321163, 0.947024

2.824887, -0.464571
0.321087, 0.947050

2.825049, -0.464597
0.321012, 0.947075

2.825210, -0.464622
0.320936, 0.947101

2.825371, -0.464647
0.320861, 0.947126

2.825532, -0.464673
0.320785, 0.947152

2.825693, -0.464698
0.320709, 0.947178

2.825855, -0.464723
0.320634, 0.947203

2.826016, -0.464748
0.320558, 0.947229

2.826177, -0.464774
0.320482, 0.947254

2.826338, -0.464799
0.320407, 0.947280

2.826499, -0.464824
0.320331, 0.947306

2.826660, -0.464850
0.320255, 0.947331

2.826822, -0.464875
0.320180, 0.947357

2.826983, -0.464900
0.320104, 0.947382

2.827144, -0.464926
0.320028, 0.947408

2.827305, -0.464951
0.319953, 0.947433

2.827466, -0.464976
0.319877, 0.947459

2.827628, -0.465001
0.319802, 0.947485

2.827789, -0.465027
0.319726, 0.947510

2.827950, -0.465052
0.319650, 0.947536

2.828111, -0.465077
0.319575, 0.947561

2.828272, -0.465103
0.319499, 0.947587

2.828433, -0.465128
0.319423, 0.947612

2.828595, -0.465153
0.319348, 0.947638

2.828756, -0.465179
0.319272, 0.947663

2.828917, -0.465204
0.319196, 0.947689

2.829078, -0.465229
0.319121, 0.947714

2.829239, -0.465255
0.319045, 0.947740

2.829401, -0.465280
0.318969, 0.947765

2.829562, -0.465305
0.318893, 0.947791

2.829723, -0.465330
0.318818, 0.947816

2.829884, -0.465356
0.318742, 0.947841

2.830045, -0.465381
0.318666, 0.947867

2.830206, -0.465406
0.318591, 0.947892

2.830368, -0.465432
0.318515, 0.947918

2.830529, -0.465457
0.318439, 0.947943

2.830690, -0.465482
0.318364, 0.947969

2.830851, -0.465508
0.318288, 0.947994

2.831012, -0.465533
0.318212, 0.948019

2.831174, -0.465558
0.318137, 0.948045

2.831335, -0.465583
0.318061, 0.948070

2.831496, -0.465609
0.317985, 0.948096

2.831657, -0.465634
0.317909, 0.948121

2.831818, -0.465659
0.317834, 0.948146

2.831979, -0.465685
0.317758, 0.948172

2.832141, -0.465710
0.317682, 0.948197

2.832302, -0.465735
0.317607, 0.948223

2.832463, -0.465761
0.317531, 0.948248

2.832624, -0.465786
0.317455, 0.948273

2.832785, -0.465811
0.317379, 0.948299

2.832946, -0.465836
0.317304, 0.948324

2.833108, -0.465862
0.317228, 0.948349

2.833269, -0.465887
0.317152, 0.948375

2.833430, -0.465912
0.317077, 0.948400

2.833591, -0.465938
0.317001, 0.948425

2.833752, -0.465963
0.316925, 0.948451

2.833913, -0.465988
0.316849, 0.948476

2.834075, -0.466014
0.316774, 0.948501

2.834236, -0.466039
0.316698, 0.948526

2.834397, -0.466064
0.316622, 0.948552

2.834558, -0.466089
0.316546, 0.948577

2.834719, -0.466115
0.316471, 0.948602

2.834880, -0.466140
0.316395, 0.948628

2.835041, -0.466165
0.316319, 0.948653

2.835203, -0.466191
0.316243, 0.948678

2.835364, -0.466216
0.316168, 0.948703

2.835525, -0.466241
0.316092, 0.948729

2.835686, -0.466266
0.316016, 0.948754

2.835847, -0.466292
0.315940, 0.948779

2.836008, -0.466317
0.315865, 0.948804

2.836170, -0.466342
0.315789, 0.948830

2.836331, -0.466368
0.315713, 0.948855

2.836492, -0.466393
0.315637, 0.948880

2.836653, -0.466418
0.315561, 0.948905

2.836814, -0.466444
0.315486, 0.948930

2.836975, -0.466469
0.315410, 0.948956

2.837137, -0.466494
0.315334, 0.948981

2.837298, -0.466519
0.315258, 0.949006

2.837459, -0.466545
0.315183, 0.949031

2.837620, -0.466570
0.315107, 0.949056

2.837781, -0.466595
0.315031, 0.949081

2.837942, -0.466621
0.314955, 0.949107

2.838103, -0.466646
0.314879, 0.949132

2.838265, -0.466671
0.314804, 0.949157

2.838426, -0.466697
0.314728, 0.949182

2.838587, -0.466722
0.314652, 0.949207

2.838748, -0.466747
0.314576, 0.949232

2.838909, -0.466772
0.314501, 0.949257

2.839070, -0.466798
0.314425, 0.949282

2.839231, -0.466823
0.314349, 0.949308

2.839393, -0.466848
0.314273, 0.949333

2.839554, -0.466874
0.314197, 0.949358

2.839715, -0.466899
0.314121, 0.949383

2.839876, -0.466924
0.314046, 0.949408

2.840037, -0.466950
0.313970, 0.949433

2.840198, -0.466975
0.313894, 0.949458

2.840359, -0.467000
0.313818, 0.949483

2.840521, -0.467025
0.313742, 0.949508

2.840682, -0.467051
0.313667, 0.949533

2.840843, -0.467076
0.313591, 0.949558

2.841004, -0.467101
0.313515, 0.949583

2.841165, -0.467127
0.313439, 0.949608

2.841326, -0.467152
0.313363, 0.949633

2.841487, -0.467177
0.313287, 0.949658

2.841649, -0.467202
0.313212, 0.949683

2.841810, -0.467228
0.313136, 0.949708

2.841971, -0.467253
0.313060, 0.949733

2.842132, -0.467278
0.312984, 0.949758

2.842293, -0.467304
0.312908, 0.949783

2.842454, -0.467329
0.312832, 0.949808

2.842615, -0.467354
0.312757, 0.949833

2.842777, -0.467380
0.312681, 0.949858

2.842938, -0.467405
0.312605, 0.949883

2.843099, -0.467430
0.312529, 0.949908

2.843260, -0.467455
0.312453, 0.949933

2.843421, -0.467481
0.312377, 0.949958

2.843582, -0.467506
0.312301, 0.949983

2.843743, -0.467531
0.312226, 0.950008

2.843904, -0.467557
0.312150, 0.950033

2.844066, -0.467582
0.312074, 0.950058

2.844227, -0.467607
0.311998, 0.950083

2.844388, -0.467632
0.311922, 0.950108

2.844549, -0.467658
0.311846, 0.950133

2.844710, -0.467683
0.311770, 0.950157

2.844871, -0.467708
0.311695, 0.950182

2.845032, -0.467734
0.311619, 0.950207

2.845194, -0.467759
0.311543, 0.950232

2.845355, -0.467784
0.311467, 0.950257

2.845516, -0.467809
0.311391, 0.950282

2.845677, -0.467835
0.311315, 0.950307

2.845838, -0.467860
0.311239, 0.950332

2.845999, -0.467885
0.311163, 0.950356

2.846160, -0.467911
0.311088, 0.950381

2.846321, -0.467936
0.311012, 0.950406

2.846483, -0.467961
0.310936, 0.950431

2.846644, -0.467987
0.310860, 0.950456

2.846805, -0.468012
0.310784, 0.950481

2.846966, -0.468037
0.310708, 0.950505

2.847127, -0.468062
0.310632, 0.950530

2.847288, -0.468088
0.310556, 0.950555

2.847449, -0.468113
0.310480, 0.950580

2.847610, -0.468138
0.310404, 0.950605

2.847771, -0.468164
0.310329, 0.950629

2.847933, -0.468189
0.310253, 0.950654

2.848094, -0.468214
0.310177, 0.950679

2.848255, -0.468239
0.310101, 0.950704

2.848416, -0.468265
0.310025, 0.950728

2.848577, -0.468290
0.309949, 0.950753

2.848738, -0.468315
0.309873, 0.950778

2.848899, -0.468341
0.309797, 0.950803

2.849060, -0.468366
0.309721, 0.950827

2.849222, -0.468391
0.309645, 0.950852

2.849383, -0.468416
0.309569, 0.950877

2.849544, -0.468442
0.309493, 0.950902

2.849705, -0.468467
0.309417, 0.950926

2.849866, -0.468492
0.309342, 0.950951

2.850027, -0.468518
0.309266, 0.950976

2.850188, -0.468543
0.309190, 0.951000

2.850349, -0.468568
0.309114, 0.951025

2.850510, -0.468594
0.309038, 0.951050

2.850672, -0.468619
0.308962, 0.951074

2.850833, -0.468644
0.308886, 0.951099

2.850994, -0.468669
0.308810, 0.951124

2.851155, -0.468695
0.308734, 0.951148

2.851316, -0.468720
0.308658, 0.951173

2.851477, -0.468745
0.308582, 0.951198

2.851638, -0.468771
0.308506, 0.951222

2.851799, -0.468796
0.308430, 0.951247

2.851960, -0.468821
0.308354, 0.951272

2.852121, -0.468846
0.308278, 0.951296

2.852283, -0.468872
0.308202, 0.951321

2.852444, -0.468897
0.308126, 0.951345

2.852605, -0.468922
0.308050, 0.951370

2.852766, -0.468948
0.307974, 0.951395

2.852927, -0.468973
0.307898, 0.951419

2.853088, -0.468998
0.307822, 0.951444

2.853249, -0.469023
0.307746, 0.951468

2.853410, -0.469049
0.307671, 0.951493

2.853571, -0.469074
0.307595, 0.951518

2.853732, -0.469099
0.307519, 0.951542

2.853894, -0.469125
0.307443, 0.951567

2.854055, -0.469150
0.307367, 0.951591

2.854216, -0.469175
0.307291, 0.951616

2.854377, -0.469200
0.307215, 0.951640

2.854538, -0.469226
0.307139, 0.951665

2.854699, -0.469251
0.307063, 0.951689

2.854860, -0.469276
0.306987, 0.951714

2.855021, -0.469302
0.306911, 0.951738

2.855182, -0.469327
0.306835, 0.951763

2.855343, -0.469352
0.306759, 0.951787

2.855505, -0.469377
0.306683, 0.951812

2.855666, -0.469403
0.306607, 0.951836

2.855827, -0.469428
0.306531, 0.951861

2.855988, -0.469453
0.306455, 0.951885

2.856149, -0.469479
0.306379, 0.951910

2.856310, -0.469504
0.306303, 0.951934

2.856471, -0.469529
0.306227, 0.951959

2.856632, -0.469554
0.306151, 0.951983

2.856793, -0.469580
0.306075, 0.952008

2.856954, -0.469605
0.305999, 0.952032

2.857115, -0.469630
0.305923, 0.952056

2.857277, -0.469656
0.305846, 0.952081

2.857438, -0.469681
0.305770, 0.952105

2.857599, -0.469706
0.305694, 0.952130

2.857760, -0.469731
0.305618, 0.952154

2.857921, -0.469757
0.305542, 0.952178

2.858082, -0.469782
0.305466, 0.952203

2.858243, -0.469807
0.305390, 0.952227

2.858404, -0.469833
0.305314, 0.952252

2.858565, -0.469858
0.305238, 0.952276

2.858726, -0.469883
0.305162, 0.952300

2.858887, -0.469908
0.305086, 0.952325

2.859048, -0.469934
0.305010, 0.952349

2.859210, -0.469959
0.304934, 0.952373

2.859371, -0.469984
0.304858, 0.952398

2.859532, -0.470010
0.304782, 0.952422

2.859693, -0.470035
0.304706, 0.952446

2.859854, -0.470060
0.304630, 0.952471

2.860015, -0.470085
0.304554, 0.952495

2.860176, -0.470111
0.304478, 0.952519

2.860337, -0.470136
0.304402, 0.952544

2.860498, -0.470161
0.304326, 0.952568

2.860659, -0.470187
0.304250, 0.952592

2.860820, -0.470212
0.304173, 0.952617

2.860981, -0.470237
0.304097, 0.952641

2.861142, -0.470262
0.304021, 0.952665

2.861304, -0.470288
0.303945, 0.952689

2.861465, -0.470313
0.303869, 0.952714

2.861626, -0.470338
0.303793, 0.952738

2.861787, -0.470364
0.303717, 0.952762

2.861948, -0.470389
0.303641, 0.952787

2.862109, -0.470414
0.303565, 0.952811

2.862270, -0.470439
0.303489, 0.952835

2.862431, -0.470465
0.303413, 0.952859

2.862592, -0.470490
0.303337, 0.952883

2.862753, -0.470515
0.303261, 0.952908

2.862914, -0.470541
0.303184, 0.952932

2.863075, -0.470566
0.303108, 0.952956

2.863236, -0.470591
0.303032, 0.952980

2.863397, -0.470616
0.302956, 0.953004

2.863559, -0.470642
0.302880, 0.953029

2.863720, -0.470667
0.302804, 0.953053

2.863881, -0.470692
0.302728, 0.953077

2.864042, -0.470718
0.302652, 0.953101

2.864203, -0.470743
0.302576, 0.953125

2.864364, -0.470768
0.302500, 0.953150

2.864525, -0.470793
0.302423, 0.953174

2.864686, -0.470819
0.302347, 0.953198

2.864847, -0.470844
0.302271, 0.953222

2.865008, -0.470869
0.302195, 0.953246

2.865169, -0.470895
0.302119, 0.953270

2.865330, -0.470920
0.302043, 0.953294

2.865491, -0.470945
0.301967, 0.953318

2.865652, -0.470970
0.301891, 0.953343

2.865813, -0.470996
0.301814, 0.953367

2.865975, -0.471021
0.301738, 0.953391

2.866136, -0.471046
0.301662, 0.953415

2.866297, -0.471071
0.301586, 0.953439

2.866458, -0.471097
0.301510, 0.953463

2.866619, -0.471122
0.301434, 0.953487

2.866780, -0.471147
0.301358, 0.953511

2.866941, -0.471173
0.301282, 0.953535

2.867102, -0.471198
0.301205, 0.953559

2.867263, -0.471223
0.301129, 0.953583

2.867424, -0.471248
0.301053, 0.953607

2.867585, -0.471274
0.300977, 0.953631

2.867746, -0.471299
0.300901, 0.953655

2.867907, -0.471324
0.300825, 0.953679

2.868068, -0.471350
0.300748, 0.953703

2.868229, -0.471375
0.300672, 0.953728

2.868390, -0.471400
0.300596, 0.953752

2.868551, -0.471425
0.300520, 0.953776

2.868712, -0.471451
0.300444, 0.953800

2.868873, -0.471476
0.300368, 0.953823

2.869035, -0.471501
0.300292, 0.953847

2.869196, -0.471527
0.300215, 0.953871

2.869357, -0.471552
0.300139, 0.953895

2.869518, -0.471577
0.300063, 0.953919

2.869679, -0.471602
0.299987, 0.953943

2.869840, -0.471628
0.299911, 0.953967

2.870001, -0.471653
0.299835, 0.953991

2.870162, -0.471678
0.299758, 0.954015

2.870323, -0.471703
0.299682, 0.954039

2.870484, -0.471729
0.299606, 0.954063

2.870645, -0.471754
0.299530, 0.954087

2.870806, -0.471779
0.299454, 0.954111

2.870967, -0.471805
0.299377, 0.954135

2.871128, -0.471830
0.299301, 0.954159

2.871289, -0.471855
0.299225, 0.954183

2.871450, -0.471880
0.299149, 0.954206

2.871611, -0.471906
0.299073, 0.954230

2.871772, -0.471931
0.298996, 0.954254

2.871933, -0.471956
0.298920, 0.954278

2.872094, -0.471982
0.298844, 0.954302

2.872255, -0.472007
0.298768, 0.954326

2.872416, -0.472032
0.298692, 0.954350

2.872578, -0.472057
0.298615, 0.954374

2.872739, -0.472083
0.298539, 0.954397

2.872900, -0.472108
0.298463, 0.954421

2.873061, -0.472133
0.298387, 0.954445

2.873222, -0.472158
0.298311, 0.954469

2.873383, -0.472184
0.298234, 0.954493

2.873544, -0.472209
0.298158, 0.954516

2.873705, -0.472234
0.298082, 0.954540

2.873866, -0.472260
0.298006, 0.954564

2.874027, -0.472285
0.297929, 0.954588

2.874188, -0.472310
0.297853, 0.954612

2.874349, -0.472335
0.297777, 0.954635

2.874510, -0.472361
0.297701, 0.954659

2.874671, -0.472386
0.297625, 0.954683

2.874832, -0.472411
0.297548, 0.954707

2.874993, -0.472437
0.297472, 0.954731

2.875154, -0.472462
0.297396, 0.954754

2.875315, -0.472487
0.297320, 0.954778

2.875476, -0.472512
0.297243, 0.954802

2.875637, -0.472538
0.297167, 0.954825

2.875798, -0.472563
0.297091, 0.954849

2.875959, -0.472588
0.297015, 0.954873

2.876120, -0.472613
0.296938, 0.954897

2.876281, -0.472639
0.296862, 0.954920

2.876442, -0.472664
0.296786, 0.954944

2.876603, -0.472689
0.296710, 0.954968

2.876764, -0.472715
0.296633, 0.954991

2.876925, -0.472740
0.296557, 0.955015

2.877086, -0.472765
0.296481, 0.955039

2.877247, -0.472790
0.296405, 0.955062

2.877408, -0.472816
0.296328, 0.955086

2.877569, -0.472841
0.296252, 0.955110

2.877730, -0.472866
0.296176, 0.955133

2.877891, -0.472891
0.296100, 0.955157

2.878053, -0.472917
0.296023, 0.955181

2.878214, -0.472942
0.295947, 0.955204

2.878375, -0.472967
0.295871, 0.955228

2.878536, -0.472993
0.295794, 0.955252

2.878697, -0.473018
0.295718, 0.955275

2.878858, -0.473043
0.295642, 0.955299

2.879019, -0.473068
0.295566, 0.955322

2.879180, -0.473094
0.295489, 0.955346

2.879341, -0.473119
0.295413, 0.955370

2.879502, -0.473144
0.295337, 0.955393

2.879663, -0.473169
0.295260, 0.955417

2.879824, -0.473195
0.295184, 0.955440

2.879985, -0.473220
0.295108, 0.955464

2.880146, -0.473245
0.295032, 0.955488

2.880307, -0.473271
0.294955, 0.955511

2.880468, -0.473296
0.294879, 0.955535

2.880629, -0.473321
0.294803, 0.955558

2.880790, -0.473346
0.294726, 0.955582

2.880951, -0.473372
0.294650, 0.955605

2.881112, -0.473397
0.294574, 0.955629

2.881273, -0.473422
0.294497, 0.955652

2.881434, -0.473447
0.294421, 0.955676

2.881595, -0.473473
0.294345, 0.955699

2.881756, -0.473498
0.294269, 0.955723

2.881917, -0.473523
0.294192, 0.955746

2.882078, -0.473549
0.294116, 0.955770

2.882239, -0.473574
0.294040, 0.955793

2.882400, -0.473599
0.293963, 0.955817

2.882561, -0.473624
0.293887, 0.955840

2.882722, -0.473650
0.293811, 0.955864

2.882883, -0.473675
0.293734, 0.955887

2.883044, -0.473700
0.293658, 0.955911

2.883205, -0.473725
0.293582, 0.955934

2.883366, -0.473751
0.293505, 0.955957

2.883527, -0.473776
0.293429, 0.955981

2.883688, -0.473801
0.293353, 0.956004

2.883849, -0.473827
0.293276, 0.956028

2.884010, -0.473852
0.293200, 0.956051

2.884171, -0.473877
0.293124, 0.956075

2.884332, -0.473902
0.293047, 0.956098

2.884493, -0.473928
0.292971, 0.956121

2.884654, -0.473953
0.292895, 0.956145

2.884815, -0.473978
0.292818, 0.956168

2.884976, -0.474003
0.292742, 0.956192

2.885137, -0.474029
0.292665, 0.956215

2.885298, -0.474054
0.292589, 0.956238

2.885459, -0.474079
0.292513, 0.956262

2.885620, -0.474105
0.292436, 0.956285

2.885781, -0.474130
0.292360, 0.956308

2.885942, -0.474155
0.292284, 0.956332

2.886103, -0.474180
0.292207, 0.956355

2.886264, -0.474206
0.292131, 0.956378

2.886425, -0.474231
0.292055, 0.956402

2.886586, -0.474256
0.291978, 0.956425

2.886747, -0.474281
0.291902, 0.956448

2.886908, -0.474307
0.291825, 0.956472

2.887069, -0.474332
0.291749, 0.956495

2.887230, -0.474357
0.291673, 0.956518

2.887391, -0.474383
0.291596, 0.956541

2.887552, -0.474408
0.291520, 0.956565

2.887713, -0.474433
0.291444, 0.956588

2.887874, -0.474458
0.291367, 0.956611

2.888035, -0.474484
0.291291, 0.956635

2.888196, -0.474509
0.291214, 0.956658

2.888357, -0.474534
0.291138, 0.956681

2.888518, -0.474559
0.291062, 0.956704

2.888679, -0.474585
0.290985, 0.956728

2.888840, -0.474610
0.290909, 0.956751

2.889001, -0.474635
0.290832, 0.956774

2.889162, -0.474660
0.290756, 0.956797

2.889323, -0.474686
0.290680, 0.956820

2.889484, -0.474711
0.290603, 0.956844

2.889645, -0.474736
0.290527, 0.956867

2.889806, -0.474762
0.290450, 0.956890

2.889967, -0.474787
0.290374, 0.956913

2.890128, -0.474812
0.290298, 0.956936

2.890289, -0.474837
0.290221, 0.956960

2.890450, -0.474863
0.290145, 0.956983

2.890611, -0.474888
0.290068, 0.957006

2.890772, -0.474913
0.289992, 0.957029

2.890933, -0.474938
0.289915, 0.957052

2.891093, -0.474964
0.289839, 0.957075

2.891254, -0.474989
0.289763, 0.957099

2.891415, -0.475014
0.289686, 0.957122

2.891576, -0.475040
0.289610, 0.957145

2.891737, -0.475065
0.289533, 0.957168

2.891898, -0.475090
0.289457, 0.957191

2.892059, -0.475115
0.289380, 0.957214

2.892220, -0.475141
0.289304, 0.957237

2.892381, -0.475166
0.289228, 0.957260

2.892542, -0.475191
0.289151, 0.957283

2.892703, -0.475216
0.289075, 0.957307

2.892864, -0.475242
0.288998, 0.957330

2.893025, -0.475267
0.288922, 0.957353

2.893186, -0.475292
0.288845, 0.957376

2.893347, -0.475317
0.288769, 0.957399

2.893508, -0.475343
0.288693, 0.957422

2.893669, -0.475368
0.288616, 0.957445

2.893830, -0.475393
0.288540, 0.957468

2.893991, -0.475419
0.288463, 0.957491

2.894152, -0.475444
0.288387, 0.957514

2.894313, -0.475469
0.288310, 0.957537

2.894474, -0.475494
0.288234, 0.957560

2.894635, -0.475520
0.288157, 0.957583

2.894796, -0.475545
0.288081, 0.957606

2.894957, -0.475570
0.288004, 0.957629

2.895118, -0.475595
0.287928, 0.957652

2.895279, -0.475621
0.287851, 0.957675

2.895440, -0.475646
0.287775, 0.957698

2.895601, -0.475671
0.287698, 0.957721

2.895762, -0.475696
0.287622, 0.957744

2.895923, -0.475722
0.287546, 0.957767

2.896084, -0.475747
0.287469, 0.957790

2.896245, -0.475772
0.287393, 0.957813

2.896406, -0.475797
0.287316, 0.957836

2.896566, -0.475823
0.287240, 0.957859

2.896727, -0.475848
0.287163, 0.957882

2.896888, -0.475873
0.287087, 0.957905

2.897049, -0.475899
0.287010, 0.957928

2.897210, -0.475924
0.286934, 0.957950

2.897371, -0.475949
0.286857, 0.957973

2.897532, -0.475974
0.286781, 0.957996

2.897693, -0.476000
0.286704, 0.958019

2.897854, -0.476025
0.286628, 0.958042

2.898015, -0.476050
0.286551, 0.958065

2.898176, -0.476075
0.286475, 0.958088

2.898337, -0.476101
0.286398, 0.958111

2.898498, -0.476126
0.286322, 0.958134

2.898659, -0.476151
0.286245, 0.958156

2.898820, -0.476176
0.286169, 0.958179

2.898981, -0.476202
0.286092, 0.958202

2.899142, -0.476227
0.286016, 0.958225

2.899303, -0.476252
0.285939, 0.958248

2.899464, -0.476278
0.285863, 0.958271

2.899625, -0.476303
0.285786, 0.958293

2.899786, -0.476328
0.285710, 0.958316

2.899947, -0.476353
0.285633, 0.958339

2.900108, -0.476379
0.285556, 0.958362

2.900268, -0.476404
0.285480, 0.958385

2.900429, -0.476429
0.285403, 0.958407

2.900590, -0.476454
0.285327, 0.958430

2.900751, -0.476480
0.285250, 0.958453

2.900912, -0.476505
0.285174, 0.958476

2.901073, -0.476530
0.285097, 0.958499

2.901234, -0.476555
0.285021, 0.958521

2.901395, -0.476581
0.284944, 0.958544

2.901556, -0.476606
0.284868, 0.958567

2.901717, -0.476631
0.284791, 0.958590

2.901878, -0.476656
0.284715, 0.958612

2.902039, -0.476682
0.284638, 0.958635

2.902200, -0.476707
0.284561, 0.958658

2.902361, -0.476732
0.284485, 0.958681

2.902522, -0.476758
0.284408, 0.958703

2.902683, -0.476783
0.284332, 0.958726

2.902844, -0.476808
0.284255, 0.958749

2.903005, -0.476833
0.284179, 0.958771

2.903166, -0.476859
0.284102, 0.958794

2.903326, -0.476884
0.284026, 0.958817

2.903487, -0.476909
0.283949, 0.958839

2.903648, -0.476934
0.283872, 0.958862

2.903809, -0.476960
0.283796, 0.958885

2.903970, -0.476985
0.283719, 0.958907

2.904131, -0.477010
0.283643, 0.958930

2.904292, -0.477035
0.283566, 0.958953

2.904453, -0.477061
0.283490, 0.958975

2.904614, -0.477086
0.283413, 0.958998

2.904775, -0.477111
0.283336, 0.959021

2.904936, -0.477136
0.283260, 0.959043

2.905097, -0.477162
0.283183, 0.959066

2.905258, -0.477187
0.283107, 0.959088

2.905419, -0.477212
0.283030, 0.959111

2.905580, -0.477237
0.282954, 0.959134

2.905741, -0.477263
0.282877, 0.959156

2.905901, -0.477288
0.282800, 0.959179

2.906062, -0.477313
0.282724, 0.959201

2.906223, -0.477338
0.282647, 0.959224

2.906384, -0.477364
0.282571, 0.959247

2.906545, -0.477389
0.282494, 0.959269

2.906706, -0.477414
0.282417, 0.959292

2.906867, -0.477440
0.282341, 0.959314

2.907028, -0.477465
0.282264, 0.959337

2.907189, -0.477490
0.282188, 0.959359

2.907350, -0.477515
0.282111, 0.959382

2.907511, -0.477541
0.282034, 0.959404

2.907672, -0.477566
0.281958, 0.959427

2.907833, -0.477591
0.281881, 0.959449

2.907994, -0.477616
0.281805, 0.959472

2.908154, -0.477642
0.281728, 0.959494

2.908315, -0.477667
0.281651, 0.959517

2.908476, -0.477692
0.281575, 0.959539

2.908637, -0.477717
0.281498, 0.959562

2.908798, -0.477743
0.281421, 0.959584

2.908959, -0.477768
0.281345, 0.959607

2.909120, -0.477793
0.281268, 0.959629

2.909281, -0.477818
0.281192, 0.959652

2.909442, -0.477844
0.281115, 0.959674

2.909603, -0.477869
0.281038, 0.959697

2.909764, -0.477894
0.280962, 0.959719

2.909925, -0.477919
0.280885, 0.959741

2.910086, -0.477945
0.280808, 0.959764

2.910246, -0.477970
0.280732, 0.959786

2.910407, -0.477995
0.280655, 0.959809

2.910568, -0.478020
0.280578, 0.959831

2.910729, -0.478046
0.280502, 0.959853

2.910890, -0.478071
0.280425, 0.959876

2.911051, -0.478096
0.280349, 0.959898

2.911212, -0.478122
0.280272, 0.959921

2.911373, -0.478147
0.280195, 0.959943

2.911534, -0.478172
0.280119, 0.959965

2.911695, -0.478197
0.280042, 0.959988

2.911856, -0.478223
0.279965, 0.960010

2.912017, -0.478248
0.279889, 0.960032

2.912177, -0.478273
0.279812, 0.960055

2.912338, -0.478298
0.279735, 0.960077

2.912499, -0.478324
0.279659, 0.960100

2.912660, -0.478349
0.279582, 0.960122

2.912821, -0.478374
0.279505, 0.960144

2.912982, -0.478399
0.279429, 0.960166

2.913143, -0.478425
0.279352, 0.960189

2.913304, -0.478450
0.279275, 0.960211

2.913465, -0.478475
0.279199, 0.960233

2.913626, -0.478500
0.279122, 0.960256

2.913787, -0.478526
0.279045, 0.960278

2.913947, -0.478551
0.278969, 0.960300

2.914108, -0.478576
0.278892, 0.960323

2.914269, -0.478601
0.278815, 0.960345

2.914430, -0.478627
0.278738, 0.960367

2.914591, -0.478652
0.278662, 0.960389

2.914752, -0.478677
0.278585, 0.960412

2.914913, -0.478702
0.278508, 0.960434

2.915074, -0.478728
0.278432, 0.960456

2.915235, -0.478753
0.278355, 0.960478

2.915396, -0.478778
0.278278, 0.960500

2.915556, -0.478803
0.278202, 0.960523

2.915717, -0.478829
0.278125, 0.960545

2.915878, -0.478854
0.278048, 0.960567

2.916039, -0.478879
0.277972, 0.960589

2.916200, -0.478904
0.277895, 0.960612

2.916361, -0.478930
0.277818, 0.960634

2.916522, -0.478955
0.277741, 0.960656

2.916683, -0.478980
0.277665, 0.960678

2.916844, -0.479005
0.277588, 0.960700

2.917005, -0.479031
0.277511, 0.960722

2.917165, -0.479056
0.277435, 0.960745

2.917326, -0.479081
0.277358, 0.960767

2.917487, -0.479106
0.277281, 0.960789

2.917648, -0.479132
0.277204, 0.960811

2.917809, -0.479157
0.277128, 0.960833

2.917970, -0.479182
0.277051, 0.960855

2.918131, -0.479207
0.276974, 0.960877

2.918292, -0.479233
0.276898, 0.960899

2.918453, -0.479258
0.276821, 0.960922

2.918614, -0.479283
0.276744, 0.960944

2.918774, -0.479308
0.276667, 0.960966

2.918935, -0.479334
0.276591, 0.960988

2.919096, -0.479359
0.276514, 0.961010

2.919257, -0.479384
0.276437, 0.961032

2.919418, -0.479410
0.276360, 0.961054

2.919579, -0.479435
0.276284, 0.961076

2.919740, -0.479460
0.276207, 0.961098

2.919901, -0.479485
0.276130, 0.961120

2.920062, -0.479511
0.276053, 0.961142

2.920222, -0.479536
0.275977, 0.961164

2.920383, -0.479561
0.275900, 0.961186

2.920544, -0.479586
0.275823, 0.961208

2.920705, -0.479612
0.275746, 0.961230

2.920866, -0.479637
0.275670, 0.961252

2.921027, -0.479662
0.275593, 0.961274

2.921188, -0.479687
0.275516, 0.961296

2.921349, -0.479713
0.275439, 0.961318

2.921510, -0.479738
0.275363, 0.961340

2.921670, -0.479763
0.275286, 0.961362

2.921831, -0.479788
0.275209, 0.961384

2.921992, -0.479814
0.275132, 0.961406

2.922153, -0.479839
0.275056, 0.961428

2.922314, -0.479864
0.274979, 0.961450

2.922475, -0.479889
0.274902, 0.961472

2.922636, -0.479915
0.274825, 0.961494

2.922797, -0.479940
0.274748, 0.961516

2.922957, -0.479965
0.274672, 0.961538

2.923118, -0.479990
0.274595, 0.961560

2.923279, -0.480016
0.274518, 0.961582

2.923440, -0.480041
0.274441, 0.961604

2.923601, -0.480066
0.274365, 0.961626

2.923762, -0.480091
0.274288, 0.961648

2.923923, -0.480117
0.274211, 0.961670

2.924084, -0.480142
0.274134, 0.961691

2.924244, -0.480167
0.274057, 0.961713

2.924405, -0.480192
0.273981, 0.961735

2.924566, -0.480218
0.273904, 0.961757

2.924727, -0.480243
0.273827, 0.961779

2.924888, -0.480268
0.273750, 0.961801

2.925049, -0.480293
0.273673, 0.961823

2.925210, -0.480319
0.273597, 0.961845

2.925371, -0.480344
0.273520, 0.961866

2.925531, -0.480369
0.273443, 0.961888

2.925692, -0.480394
0.273366, 0.961910

2.925853, -0.480420
0.273289, 0.961932

2.926014, -0.480445
0.273213, 0.961954

2.926175, -0.480470
0.273136, 0.961976

2.926336, -0.480495
0.273059, 0.961997

2.926497, -0.480521
0.272982, 0.962019

2.926658, -0.480546
0.272905, 0.962041

2.926818, -0.480571
0.272828, 0.962063

2.926979, -0.480596
0.272752, 0.962084

2.927140, -0.480622
0.272675, 0.962106

2.927301, -0.480647
0.272598, 0.962128

2.927462, -0.480672
0.272521, 0.962150

2.927623, -0.480697
0.272444, 0.962172

2.927784, -0.480723
0.272367, 0.962193

2.927944, -0.480748
0.272291, 0.962215

2.928105, -0.480773
0.272214, 0.962237

2.928266, -0.480798
0.272137, 0.962259

2.928427, -0.480824
0.272060, 0.962280

2.928588, -0.480849
0.271983, 0.962302

2.928749, -0.480874
0.271906, 0.962324

2.928910, -0.480899
0.271830, 0.962345

2.929071, -0.480925
0.271753, 0.962367

2.929231, -0.480950
0.271676, 0.962389

2.929392, -0.480975
0.271599, 0.962410

2.929553, -0.481000
0.271522, 0.962432

2.929714, -0.481026
0.271445, 0.962454

2.929875, -0.481051
0.271368, 0.962476

2.930036, -0.481076
0.271292, 0.962497

2.930197, -0.481101
0.271215, 0.962519

2.930357, -0.481126
0.271138, 0.962541

2.930518, -0.481152
0.271061, 0.962562

2.930679, -0.481177
0.270984, 0.962584

2.930840, -0.481202
0.270907, 0.962605

2.931001, -0.481227
0.270830, 0.962627

2.931162, -0.481253
0.270754, 0.962649

2.931323, -0.481278
0.270677, 0.962670

2.931483, -0.481303
0.270600, 0.962692

2.931644, -0.481328
0.270523, 0.962714

2.931805, -0.481354
0.270446, 0.962735

2.931966, -0.481379
0.270369, 0.962757

2.932127, -0.481404
0.270292, 0.962778

2.932288, -0.481429
0.270215, 0.962800

2.932448, -0.481455
0.270139, 0.962821

2.932609, -0.481480
0.270062, 0.962843

2.932770, -0.481505
0.269985, 0.962865

2.932931, -0.481530
0.269908, 0.962886

2.933092, -0.481556
0.269831, 0.962908

2.933253, -0.481581
0.269754, 0.962929

2.933414, -0.481606
0.269677, 0.962951

2.933574, -0.481631
0.269600, 0.962972

2.933735, -0.481657
0.269523, 0.962994

2.933896, -0.481682
0.269447, 0.963015

2.934057, -0.481707
0.269370, 0.963037

2.934218, -0.481732
0.269293, 0.963058

2.934379, -0.481758
0.269216, 0.963080

2.934539, -0.481783
0.269139, 0.963101

2.934700, -0.481808
0.269062, 0.963123

2.934861, -0.481833
0.268985, 0.963144

2.935022, -0.481859
0.268908, 0.963166

2.935183, -0.481884
0.268831, 0.963187

2.935344, -0.481909
0.268754, 0.963209

2.935505, -0.481934
0.268678, 0.963230

2.935665, -0.481960
0.268601, 0.963252

2.935826, -0.481985
0.268524, 0.963273

2.935987, -0.482010
0.268447, 0.963295

2.936148, -0.482035
0.268370, 0.963316

2.936309, -0.482061
0.268293, 0.963337

2.936470, -0.482086
0.268216, 0.963359

2.936630, -0.482111
0.268139, 0.963380

2.936791, -0.482136
0.268062, 0.963402

2.936952, -0.482162
0.267985, 0.963423

2.937113, -0.482187
0.267908, 0.963444

2.937274, -0.482212
0.267831, 0.963466

2.937435, -0.482237
0.267754, 0.963487

2.937595, -0.482263
0.267677, 0.963509

2.937756, -0.482288
0.267601, 0.963530

2.937917, -0.482313
0.267524, 0.963551

2.938078, -0.482338
0.267447, 0.963573

2.938239, -0.482363
0.267370, 0.963594

2.938400, -0.482389
0.267293, 0.963615

2.938560, -0.482414
0.267216, 0.963637

2.938721, -0.482439
0.267139, 0.963658

2.938882, -0.482464
0.267062, 0.963679

2.939043, -0.482490
0.266985, 0.963701

2.939204, -0.482515
0.266908, 0.963722

2.939365, -0.482540
0.266831, 0.963743

2.939525, -0.482565
0.266754, 0.963765

2.939686, -0.482591
0.266677, 0.963786

2.939847, -0.482616
0.266600, 0.963807

2.940008, -0.482641
0.266523, 0.963828

2.940169, -0.482666
0.266446, 0.963850

2.940330, -0.482692
0.266369, 0.963871

2.940490, -0.482717
0.266292, 0.963892

2.940651, -0.482742
0.266215, 0.963914

2.940812, -0.482767
0.266138, 0.963935

2.940973, -0.482793
0.266061, 0.963956

2.941134, -0.482818
0.265984, 0.963977

2.941294, -0.482843
0.265907, 0.963999

2.941455, -0.482868
0.265831, 0.964020

2.941616, -0.482894
0.265754, 0.964041

2.941777, -0.482919
0.265677, 0.964062

2.941938, -0.482944
0.265600, 0.964083

2.942099, -0.482969
0.265523, 0.964105

2.942259, -0.482995
0.265446, 0.964126

2.942420, -0.483020
0.265369, 0.964147

2.942581, -0.483045
0.265292, 0.964168

2.942742, -0.483070
0.265215, 0.964189

2.942903, -0.483096
0.265138, 0.964211

2.943064, -0.483121
0.265061, 0.964232

2.943224, -0.483146
0.264984, 0.964253

2.943385, -0.483171
0.264907, 0.964274

2.943546, -0.483196
0.264830, 0.964295

2.943707, -0.483222
0.264753, 0.964316

2.943868, -0.483247
0.264676, 0.964337

2.944028, -0.483272
0.264599, 0.964359

2.944189, -0.483297
0.264522, 0.964380

2.944350, -0.483323
0.264445, 0.964401

2.944511, -0.483348
0.264368, 0.964422

2.944672, -0.483373
0.264291, 0.964443

2.944832, -0.483398
0.264214, 0.964464

2.944993, -0.483424
0.264137, 0.964485

2.945154, -0.483449
0.264060, 0.964506

2.945315, -0.483474
0.263983, 0.964527

2.945476, -0.483499
0.263906, 0.964549

2.945637, -0.483525
0.263829, 0.964570

2.945797, -0.483550
0.263751, 0.964591

2.945958, -0.483575
0.263674, 0.964612

2.946119, -0.483600
0.263597, 0.964633

2.946280, -0.483626
0.263520, 0.964654

2.946441, -0.483651
0.263443, 0.964675

2.946601, -0.483676
0.263366, 0.964696

2.946762, -0.483701
0.263289, 0.964717

2.946923, -0.483726
0.263212, 0.964738

2.947084, -0.483752
0.263135, 0.964759

2.947245, -0.483777
0.263058, 0.964780

2.947405, -0.483802
0.262981, 0.964801

2.947566, -0.483827
0.262904, 0.964822

2.947727, -0.483853
0.262827, 0.964843

2.947888, -0.483878
0.262750, 0.964864

2.948049, -0.483903
0.262673, 0.964885

2.948209, -0.483928
0.262596, 0.964906

2.948370, -0.483954
0.262519, 0.964927

2.948531, -0.483979
0.262442, 0.964948

2.948692, -0.484004
0.262365, 0.964969

2.948853, -0.484029
0.262288, 0.964990

2.949013, -0.484055
0.262211, 0.965011

2.949174, -0.484080
0.262134, 0.965032

2.949335, -0.484105
0.262057, 0.965053

2.949496, -0.484130
0.261980, 0.965073

2.949657, -0.484156
0.261902, 0.965094

2.949817, -0.484181
0.261825, 0.965115

2.949978, -0.484206
0.261748, 0.965136

2.950139, -0.484231
0.261671, 0.965157

2.950300, -0.484256
0.261594, 0.965178

2.950461, -0.484282
0.261517, 0.965199

2.950621, -0.484307
0.261440, 0.965220

2.950782, -0.484332
0.261363, 0.965241

2.950943, -0.484357
0.261286, 0.965261

2.951104, -0.484383
0.261209, 0.965282

2.951265, -0.484408
0.261132, 0.965303

2.951425, -0.484433
0.261055, 0.965324

2.951586, -0.484458
0.260978, 0.965345

2.951747, -0.484484
0.260900, 0.965366

2.951908, -0.484509
0.260823, 0.965387

2.952069, -0.484534
0.260746, 0.965407

2.952229, -0.484559
0.260669, 0.965428

2.952390, -0.484585
0.260592, 0.965449

2.952551, -0.484610
0.260515, 0.965470

2.952712, -0.484635
0.260438, 0.965491

2.952872, -0.484660
0.260361, 0.965511

2.953033, -0.484686
0.260284, 0.965532

2.953194, -0.484711
0.260207, 0.965553

2.953355, -0.484736
0.260130, 0.965574

2.953516, -0.484761
0.260052, 0.965594

2.953676, -0.484786
0.259975, 0.965615

2.953837, -0.484812
0.259898, 0.965636

2.953998, -0.484837
0.259821, 0.965657

2.954159, -0.484862
0.259744, 0.965678

2.954320, -0.484887
0.259667, 0.965698

2.954480, -0.484913
0.259590, 0.965719

2.954641, -0.484938
0.259513, 0.965740

2.954802, -0.484963
0.259436, 0.965760

2.954963, -0.484988
0.259358, 0.965781

2.955123, -0.485014
0.259281, 0.965802

2.955284, -0.485039
0.259204, 0.965823

2.955445, -0.485064
0.259127, 0.965843

2.955606, -0.485089
0.259050, 0.965864

2.955767, -0.485114
0.258973, 0.965885

2.955927, -0.485140
0.258896, 0.965905

2.956088, -0.485165
0.258819, 0.965926

2.956249, -0.485190
0.258741, 0.965947

2.956410, -0.485215
0.258664, 0.965967

2.956570, -0.485241
0.258587, 0.965988

2.956731, -0.485266
0.258510, 0.966009

2.956892, -0.485291
0.258433, 0.966029

2.957053, -0.485316
0.258356, 0.966050

2.957214, -0.485342
0.258279, 0.966070

2.957374, -0.485367
0.258201, 0.966091

2.957535, -0.485392
0.258124, 0.966112

2.957696, -0.485417
0.258047, 0.966132

2.957857, -0.485443
0.257970, 0.966153

2.958017, -0.485468
0.257893, 0.966174

2.958178, -0.485493
0.257816, 0.966194

2.958339, -0.485518
0.257739, 0.966215

2.958500, -0.485543
0.257661, 0.966235

2.958661, -0.485569
0.257584, 0.966256

2.958821, -0.485594
0.257507, 0.966276

2.958982, -0.485619
0.257430, 0.966297

2.959143, -0.485644
0.257353, 0.966318

2.959304, -0.485670
0.257276, 0.966338

2.959464, -0.485695
0.257198, 0.966359

2.959625, -0.485720
0.257121, 0.966379

2.959786, -0.485745
0.257044, 0.966400

2.959947, -0.485771
0.256967, 0.966420

2.960107, -0.485796
0.256890, 0.966441

2.960268, -0.485821
0.256813, 0.966461

2.960429, -0.485846
0.256735, 0.966482

2.960590, -0.485871
0.256658, 0.966502

2.960750, -0.485897
0.256581, 0.966523

2.960911, -0.485922
0.256504, 0.966543

2.961072, -0.485947
0.256427, 0.966564

2.961233, -0.485972
0.256350, 0.966584

2.961394, -0.485998
0.256272, 0.966605

2.961554, -0.486023
0.256195, 0.966625

2.961715, -0.486048
0.256118, 0.966646

2.961876, -0.486073
0.256041, 0.966666

2.962037, -0.486099
0.255964, 0.966686

2.962197, -0.486124
0.255886, 0.966707

2.962358, -0.486149
0.255809, 0.966727

2.962519, -0.486174
0.255732, 0.966748

2.962680, -0.486199
0.255655, 0.966768

2.962840, -0.486225
0.255578, 0.966789

2.963001, -0.486250
0.255500, 0.966809

2.963162, -0.486275
0.255423, 0.966829

2.963323, -0.486300
0.255346, 0.966850

2.963483, -0.486326
0.255269, 0.966870

2.963644, -0.486351
0.255192, 0.966890

2.963805, -0.486376
0.255114, 0.966911

2.963966, -0.486401
0.255037, 0.966931

2.964126, -0.486427
0.254960, 0.966952

2.964287, -0.486452
0.254883, 0.966972

2.964448, -0.486477
0.254806, 0.966992

2.964609, -0.486502
0.254728, 0.967013

2.964769, -0.486527
0.254651, 0.967033

2.964930, -0.486553
0.254574, 0.967053

2.965091, -0.486578
0.254497, 0.967074

2.965252, -0.486603
0.254419, 0.967094

2.965412, -0.486628
0.254342, 0.967114

2.965573, -0.486654
0.254265, 0.967135

2.965734, -0.486679
0.254188, 0.967155

2.965895, -0.486704
0.254111, 0.967175

2.966055, -0.486729
0.254033, 0.967195

2.966216, -0.486755
0.253956, 0.967216

2.966377, -0.486780
0.253879, 0.967236

2.966538, -0.486805
0.253802, 0.967256

2.966698, -0.486830
0.253724, 0.967277

2.966859, -0.486855
0.253647, 0.967297

2.967020, -0.486881
0.253570, 0.967317

2.967181, -0.486906
0.253493, 0.967337

2.967341, -0.486931
0.253415, 0.967358

2.967502, -0.486956
0.253338, 0.967378

2.967663, -0.486982
0.253261, 0.967398

2.967824, -0.487007
0.253184, 0.967418

2.967984, -0.487032
0.253106, 0.967438

2.968145, -0.487057
0.253029, 0.967459

2.968306, -0.487082
0.252952, 0.967479

2.968467, -0.487108
0.252875, 0.967499

2.968627, -0.487133
0.252797, 0.967519

2.968788, -0.487158
0.252720, 0.967539

2.968949, -0.487183
0.252643, 0.967560

2.969110, -0.487209
0.252566, 0.967580

2.969270, -0.487234
0.252488, 0.967600

2.969431, -0.487259
0.252411, 0.967620

2.969592, -0.487284
0.252334, 0.967640

2.969753, -0.487310
0.252257, 0.967660

2.969913, -0.487335
0.252179, 0.967681

2.970074, -0.487360
0.252102, 0.967701

2.970235, -0.487385
0.252025, 0.967721

2.970395, -0.487410
0.251947, 0.967741

2.970556, -0.487436
0.251870, 0.967761

2.970717, -0.487461
0.251793, 0.967781

2.970878, -0.487486
0.251716, 0.967801

2.971038, -0.487511
0.251638, 0.967821

2.971199, -0.487537
0.251561, 0.967841

2.971360, -0.487562
0.251484, 0.967862

2.971521, -0.487587
0.251407, 0.967882

2.971681, -0.487612
0.251329, 0.967902

2.971842, -0.487637
0.251252, 0.967922

2.972003, -0.487663
0.251175, 0.967942

2.972164, -0.487688
0.251097, 0.967962

2.972324, -0.487713
0.251020, 0.967982

2.972485, -0.487738
0.250943, 0.968002

2.972646, -0.487764
0.250865, 0.968022

2.972806, -0.487789
0.250788, 0.968042

2.972967, -0.487814
0.250711, 0.968062

2.973128, -0.487839
0.250634, 0.968082

2.973289, -0.487865
0.250556, 0.968102

2.973449, -0.487890
0.250479, 0.968122

2.973610, -0.487915
0.250402, 0.968142

2.973771, -0.487940
0.250324, 0.968162

2.973931, -0.487965
0.250247, 0.968182

2.974092, -0.487991
0.250170, 0.968202

2.974253, -0.488016
0.250092, 0.968222

2.974414, -0.488041
0.250015, 0.968242

2.974574, -0.488066
0.249938, 0.968262

2.974735, -0.488092
0.249860, 0.968282

2.974896, -0.488117
0.249783, 0.968302

2.975057, -0.488142
0.249706, 0.968322

2.975217, -0.488167
0.249629, 0.968342

2.975378, -0.488192
0.249551, 0.968362

2.975539, -0.488218
0.249474, 0.968382

2.975699, -0.488243
0.249397, 0.968401

2.975860, -0.488268
0.249319, 0.968421

2.976021, -0.488293
0.249242, 0.968441

2.976182, -0.488319
0.249165, 0.968461

2.976342, -0.488344
0.249087, 0.968481

2.976503, -0.488369
0.249010, 0.968501

2.976664, -0.488394
0.248933, 0.968521

2.976824, -0.488419
0.248855, 0.968541

2.976985, -0.488445
0.248778, 0.968561

2.977146, -0.488470
0.248701, 0.968580

2.977307, -0.488495
0.248623, 0.968600

2.977467, -0.488520
0.248546, 0.968620

2.977628, -0.488546
0.248468, 0.968640

2.977789, -0.488571
0.248391, 0.968660

2.977949, -0.488596
0.248314, 0.968680

2.978110, -0.488621
0.248236, 0.968699

2.978271, -0.488646
0.248159, 0.968719

2.978432, -0.488672
0.248082, 0.968739

2.978592, -0.488697
0.248004, 0.968759

2.978753, -0.488722
0.247927, 0.968779

2.978914, -0.488747
0.247850, 0.968799

2.979074, -0.488773
0.247772, 0.968818

2.979235, -0.488798
0.247695, 0.968838

2.979396, -0.488823
0.247618, 0.968858

2.979557, -0.488848
0.247540, 0.968878

2.979717, -0.488873
0.247463, 0.968897

2.979878, -0.488899
0.247385, 0.968917

2.980039, -0.488924
0.247308, 0.968937

2.980199, -0.488949
0.247231, 0.968957

2.980360, -0.488974
0.247153, 0.968976

2.980521, -0.489000
0.247076, 0.968996

2.980681, -0.489025
0.246999, 0.969016

2.980842, -0.489050
0.246921, 0.969036

2.981003, -0.489075
0.246844, 0.969055

2.981164, -0.489100
0.246766, 0.969075

2.981324, -0.489126
0.246689, 0.969095

2.981485, -0.489151
0.246612, 0.969114

2.981646, -0.489176
0.246534, 0.969134

2.981806, -0.489201
0.246457, 0.969154

2.981967, -0.489227
0.246380, 0.969173

2.982128, -0.489252
0.246302, 0.969193

2.982289, -0.489277
0.246225, 0.969213

2.982449, -0.489302
0.246147, 0.969232

2.982610, -0.489327
0.246070, 0.969252

2.982771, -0.489353
0.245993, 0.969272

2.982931, -0.489378
0.245915, 0.969291

2.983092, -0.489403
0.245838, 0.969311

2.983253, -0.489428
0.245760, 0.969331

2.983413, -0.489454
0.245683, 0.969350

2.983574, -0.489479
0.245606, 0.969370

2.983735, -0.489504
0.245528, 0.969389

2.983895, -0.489529
0.245451, 0.969409

2.984056, -0.489554
0.245373, 0.969429

2.984217, -0.489580
0.245296, 0.969448

2.984378, -0.489605
0.245219, 0.969468

2.984538, -0.489630
0.245141, 0.969487

2.984699, -0.489655
0.245064, 0.969507

2.984860, -0.489681
0.244986, 0.969527

2.985020, -0.489706
0.244909, 0.969546

2.985181, -0.489731
0.244831, 0.969566

2.985342, -0.489756
0.244754, 0.969585

2.985502, -0.489781
0.244677, 0.969605

2.985663, -0.489807
0.244599, 0.969624

2.985824, -0.489832
0.244522, 0.969644

2.985984, -0.489857
0.244444, 0.969663

2.986145, -0.489882
0.244367, 0.969683

2.986306, -0.489907
0.244289, 0.969702

2.986467, -0.489933
0.244212, 0.969722

2.986627, -0.489958
0.244135, 0.969741

2.986788, -0.489983
0.244057, 0.969761

2.986949, -0.490008
0.243980, 0.969780

2.987109, -0.490034
0.243902, 0.969800

2.987270, -0.490059
0.243825, 0.969819

2.987431, -0.490084
0.243747, 0.969839

2.987591, -0.490109
0.243670, 0.969858

2.987752, -0.490134
0.243593, 0.969878

2.987913, -0.490160
0.243515, 0.969897

2.988073, -0.490185
0.243438, 0.969917

2.988234, -0.490210
0.243360, 0.969936

2.988395, -0.490235
0.243283, 0.969955

2.988555, -0.490261
0.243205, 0.969975

2.988716, -0.490286
0.243128, 0.969994

2.988877, -0.490311
0.243050, 0.970014

2.989037, -0.490336
0.242973, 0.970033

2.989198, -0.490361
0.242895, 0.970052

2.989359, -0.490387
0.242818, 0.970072

2.989519, -0.490412
0.242741, 0.970091

2.989680, -0.490437
0.242663, 0.970111

2.989841, -0.490462
0.242586, 0.970130

2.990002, -0.490487
0.242508, 0.970149

2.990162, -0.490513
0.242431, 0.970169

2.990323, -0.490538
0.242353, 0.970188

2.990484, -0.490563
0.242276, 0.970207

2.990644, -0.490588
0.242198, 0.970227

2.990805, -0.490614
0.242121, 0.970246

2.990966, -0.490639
0.242043, 0.970265

2.991126, -0.490664
0.241966, 0.970285

2.991287, -0.490689
0.241888, 0.970304

2.991448, -0.490714
0.241811, 0.970323

2.991608, -0.490740
0.241733, 0.970343

2.991769, -0.490765
0.241656, 0.970362

2.991930, -0.490790
0.241578, 0.970381

2.992090, -0.490815
0.241501, 0.970401

2.992251, -0.490841
0.241423, 0.970420

2.992412, -0.490866
0.241346, 0.970439

2.992572, -0.490891
0.241268, 0.970458

2.992733, -0.490916
0.241191, 0.970478

2.992894, -0.490941
0.241113, 0.970497

2.993054, -0.490967
0.241036, 0.970516

2.993215, -0.490992
0.240958, 0.970535

2.993376, -0.491017
0.240881, 0.970555

2.993536, -0.491042
0.240803, 0.970574

2.993697, -0.491067
0.240726, 0.970593

2.993858, -0.491093
0.240648, 0.970612

2.994018, -0.491118
0.240571, 0.970632

2.994179, -0.491143
0.240493, 0.970651

2.994340, -0.491168
0.240416, 0.970670

2.994500, -0.491194
0.240338, 0.970689

2.994661, -0.491219
0.240261, 0.970708

2.994822, -0.491244
0.240183, 0.970728

2.994982, -0.491269
0.240106, 0.970747

2.995143, -0.491294
0.240028, 0.970766

2.995304, -0.491320
0.239951, 0.970785

2.995464, -0.491345
0.239873, 0.970804

2.995625, -0.491370
0.239796, 0.970823

2.995786, -0.491395
0.239718, 0.970842

2.995946, -0.491420
0.239641, 0.970862

2.996107, -0.491446
0.239563, 0.970881

2.996268, -0.491471
0.239486, 0.970900

2.996428, -0.491496
0.239408, 0.970919

2.996589, -0.491521
0.239331, 0.970938

2.996750, -0.491547
0.239253, 0.970957

2.996910, -0.491572
0.239176, 0.970976

2.997071, -0.491597
0.239098, 0.970995

2.997231, -0.491622
0.239021, 0.971015

2.997392, -0.491647
0.238943, 0.971034

2.997553, -0.491673
0.238865, 0.971053

2.997713, -0.491698
0.238788, 0.971072

2.997874, -0.491723
0.238710, 0.971091

2.998035, -0.491748
0.238633, 0.971110

2.998195, -0.491773
0.238555, 0.971129

2.998356, -0.491799
0.238478, 0.971148

2.998517, -0.491824
0.238400, 0.971167

2.998677, -0.491849
0.238323, 0.971186

2.998838, -0.491874
0.238245, 0.971205

2.998999, -0.491899
0.238168, 0.971224

2.999159, -0.491925
0.238090, 0.971243

2.999320, -0.491950
0.238012, 0.971262

2.999481, -0.491975
0.237935, 0.971281

2.999641, -0.492000
0.237857, 0.971300

2.999802, -0.492026
0.237780, 0.971319

2.999963, -0.492051
0.237702, 0.971338

